id,module,level,strand,substrand,year,type,text,answer,hint,options,params
q_1764328650322_0,N01_Y1_NPV,1,Number and Place Value,Counting (in multiples),1,text_input,"What is the missing number? 0, 2, __",4,The pattern counts forwards in 2s,,"{""description"":""Beginning - Count forwards only from 0, in steps of 2, 5, or 10, up to 30. Shortest sequences (3 numbers) with gap at end for predictability."",""math"":{""range"":{""min"":0,""max"":30},""sequence"":{""steps"":[2,5,10],""length"":3,""directions"":[""forwards""],""startStrategy"":""zero_only""}},""presentation"":{""gaps"":{""position"":""end"",""count"":1},""visualType"":""sequence""}}"
q_1764328650323_1,N01_Y1_NPV,1,Number and Place Value,Counting (in multiples),1,text_input,"What is the missing number? 0, 5, __",10,The pattern counts forwards in 5s,,"{""description"":""Beginning - Count forwards only from 0, in steps of 2, 5, or 10, up to 30. Shortest sequences (3 numbers) with gap at end for predictability."",""math"":{""range"":{""min"":0,""max"":30},""sequence"":{""steps"":[2,5,10],""length"":3,""directions"":[""forwards""],""startStrategy"":""zero_only""}},""presentation"":{""gaps"":{""position"":""end"",""count"":1},""visualType"":""sequence""}}"
q_1764328650323_2,N01_Y1_NPV,1,Number and Place Value,Counting (in multiples),1,text_input,"What is the missing number? 0, 5, __",10,The pattern counts forwards in 5s,,"{""description"":""Beginning - Count forwards only from 0, in steps of 2, 5, or 10, up to 30. Shortest sequences (3 numbers) with gap at end for predictability."",""math"":{""range"":{""min"":0,""max"":30},""sequence"":{""steps"":[2,5,10],""length"":3,""directions"":[""forwards""],""startStrategy"":""zero_only""}},""presentation"":{""gaps"":{""position"":""end"",""count"":1},""visualType"":""sequence""}}"
q_1764328650323_3,N01_Y1_NPV,1,Number and Place Value,Counting (in multiples),1,text_input,"What is the missing number? 0, 2, __",4,The pattern counts forwards in 2s,,"{""description"":""Beginning - Count forwards only from 0, in steps of 2, 5, or 10, up to 30. Shortest sequences (3 numbers) with gap at end for predictability."",""math"":{""range"":{""min"":0,""max"":30},""sequence"":{""steps"":[2,5,10],""length"":3,""directions"":[""forwards""],""startStrategy"":""zero_only""}},""presentation"":{""gaps"":{""position"":""end"",""count"":1},""visualType"":""sequence""}}"
q_1764328650323_4,N01_Y1_NPV,1,Number and Place Value,Counting (in multiples),1,text_input,"What is the missing number? 0, 2, __",4,The pattern counts forwards in 2s,,"{""description"":""Beginning - Count forwards only from 0, in steps of 2, 5, or 10, up to 30. Shortest sequences (3 numbers) with gap at end for predictability."",""math"":{""range"":{""min"":0,""max"":30},""sequence"":{""steps"":[2,5,10],""length"":3,""directions"":[""forwards""],""startStrategy"":""zero_only""}},""presentation"":{""gaps"":{""position"":""end"",""count"":1},""visualType"":""sequence""}}"
q_1764328650323_5,N01_Y1_NPV,2,Number and Place Value,Counting (in multiples),1,text_input,"What is the missing number? 1, __, 5, 7",3,The pattern counts forwards in 2s,,"{""description"":""Developing - Count forwards from 0 or 1, in steps of 2, 5, or 10, up to 50. Longer sequences (4 numbers) with gap at end or middle."",""math"":{""range"":{""min"":0,""max"":50},""sequence"":{""steps"":[2,5,10],""length"":4,""directions"":[""forwards""],""startStrategy"":""zero_or_one""}},""presentation"":{""gaps"":{""position"":""middle"",""count"":1},""visualType"":""sequence""}}"
q_1764328650323_6,N01_Y1_NPV,2,Number and Place Value,Counting (in multiples),1,text_input,"What is the missing number? 0, __, 4, 6",2,The pattern counts forwards in 2s,,"{""description"":""Developing - Count forwards from 0 or 1, in steps of 2, 5, or 10, up to 50. Longer sequences (4 numbers) with gap at end or middle."",""math"":{""range"":{""min"":0,""max"":50},""sequence"":{""steps"":[2,5,10],""length"":4,""directions"":[""forwards""],""startStrategy"":""zero_or_one""}},""presentation"":{""gaps"":{""position"":""middle"",""count"":1},""visualType"":""sequence""}}"
q_1764328650323_7,N01_Y1_NPV,2,Number and Place Value,Counting (in multiples),1,text_input,"What is the missing number? 0, __, 4, 6",2,The pattern counts forwards in 2s,,"{""description"":""Developing - Count forwards from 0 or 1, in steps of 2, 5, or 10, up to 50. Longer sequences (4 numbers) with gap at end or middle."",""math"":{""range"":{""min"":0,""max"":50},""sequence"":{""steps"":[2,5,10],""length"":4,""directions"":[""forwards""],""startStrategy"":""zero_or_one""}},""presentation"":{""gaps"":{""position"":""middle"",""count"":1},""visualType"":""sequence""}}"
q_1764328650323_8,N01_Y1_NPV,2,Number and Place Value,Counting (in multiples),1,text_input,"What is the missing number? 0, __, 4, 6",2,The pattern counts forwards in 2s,,"{""description"":""Developing - Count forwards from 0 or 1, in steps of 2, 5, or 10, up to 50. Longer sequences (4 numbers) with gap at end or middle."",""math"":{""range"":{""min"":0,""max"":50},""sequence"":{""steps"":[2,5,10],""length"":4,""directions"":[""forwards""],""startStrategy"":""zero_or_one""}},""presentation"":{""gaps"":{""position"":""middle"",""count"":1},""visualType"":""sequence""}}"
q_1764328650323_9,N01_Y1_NPV,2,Number and Place Value,Counting (in multiples),1,text_input,"What is the missing number? 1, __, 5, 7",3,The pattern counts forwards in 2s,,"{""description"":""Developing - Count forwards from 0 or 1, in steps of 2, 5, or 10, up to 50. Longer sequences (4 numbers) with gap at end or middle."",""math"":{""range"":{""min"":0,""max"":50},""sequence"":{""steps"":[2,5,10],""length"":4,""directions"":[""forwards""],""startStrategy"":""zero_or_one""}},""presentation"":{""gaps"":{""position"":""middle"",""count"":1},""visualType"":""sequence""}}"
q_1764328650323_10,N01_Y1_NPV,3,Number and Place Value,Counting (in multiples),1,text_input,"What is the missing number? 36, 38, __, 42, 44",40,The pattern counts forwards in 2s,,"{""description"":""Meeting - Full curriculum: count forwards and backwards from any given number in multiples of 2, 5, 10, up to and across 100. Standard length sequences (5 numbers)."",""math"":{""range"":{""min"":0,""max"":100},""sequence"":{""steps"":[2,5,10],""length"":5,""directions"":[""forwards"",""backwards""],""startStrategy"":""any_multiple""}},""presentation"":{""gaps"":{""position"":""middle"",""count"":1},""visualType"":""sequence""}}"
q_1764328650323_11,N01_Y1_NPV,3,Number and Place Value,Counting (in multiples),1,text_input,"What is the missing number? 46, 48, __, 52, 54",50,The pattern counts forwards in 2s,,"{""description"":""Meeting - Full curriculum: count forwards and backwards from any given number in multiples of 2, 5, 10, up to and across 100. Standard length sequences (5 numbers)."",""math"":{""range"":{""min"":0,""max"":100},""sequence"":{""steps"":[2,5,10],""length"":5,""directions"":[""forwards"",""backwards""],""startStrategy"":""any_multiple""}},""presentation"":{""gaps"":{""position"":""middle"",""count"":1},""visualType"":""sequence""}}"
q_1764328650323_12,N01_Y1_NPV,3,Number and Place Value,Counting (in multiples),1,text_input,"What is the missing number? 26, 24, __, 20, 18",22,The pattern counts backwards in 2s,,"{""description"":""Meeting - Full curriculum: count forwards and backwards from any given number in multiples of 2, 5, 10, up to and across 100. Standard length sequences (5 numbers)."",""math"":{""range"":{""min"":0,""max"":100},""sequence"":{""steps"":[2,5,10],""length"":5,""directions"":[""forwards"",""backwards""],""startStrategy"":""any_multiple""}},""presentation"":{""gaps"":{""position"":""middle"",""count"":1},""visualType"":""sequence""}}"
q_1764328650323_13,N01_Y1_NPV,3,Number and Place Value,Counting (in multiples),1,text_input,"What is the missing number? 78, 76, __, 72, 70",74,The pattern counts backwards in 2s,,"{""description"":""Meeting - Full curriculum: count forwards and backwards from any given number in multiples of 2, 5, 10, up to and across 100. Standard length sequences (5 numbers)."",""math"":{""range"":{""min"":0,""max"":100},""sequence"":{""steps"":[2,5,10],""length"":5,""directions"":[""forwards"",""backwards""],""startStrategy"":""any_multiple""}},""presentation"":{""gaps"":{""position"":""middle"",""count"":1},""visualType"":""sequence""}}"
q_1764328650323_14,N01_Y1_NPV,3,Number and Place Value,Counting (in multiples),1,text_input,"What is the missing number? 50, 55, __, 65, 70",60,The pattern counts forwards in 5s,,"{""description"":""Meeting - Full curriculum: count forwards and backwards from any given number in multiples of 2, 5, 10, up to and across 100. Standard length sequences (5 numbers)."",""math"":{""range"":{""min"":0,""max"":100},""sequence"":{""steps"":[2,5,10],""length"":5,""directions"":[""forwards"",""backwards""],""startStrategy"":""any_multiple""}},""presentation"":{""gaps"":{""position"":""middle"",""count"":1},""visualType"":""sequence""}}"
q_1764328650323_15,N01_Y1_NPV,4,Number and Place Value,Counting (in multiples),1,text_input,"What is the missing number? 80, __, 60, 50, 40, 30",70,The pattern counts backwards in 10s,,"{""description"":""Exceeding - Extended range to 120, longer sequences (6 numbers), backwards counting, random gap positions for minimal scaffolding."",""math"":{""range"":{""min"":0,""max"":120},""sequence"":{""steps"":[2,5,10],""length"":6,""directions"":[""forwards"",""backwards""],""startStrategy"":""any_multiple""}},""presentation"":{""gaps"":{""position"":""random"",""count"":1},""visualType"":""sequence""}}"
q_1764328650323_16,N01_Y1_NPV,4,Number and Place Value,Counting (in multiples),1,text_input,"What is the missing number? 60, 50, __, 30, 20, 10",40,The pattern counts backwards in 10s,,"{""description"":""Exceeding - Extended range to 120, longer sequences (6 numbers), backwards counting, random gap positions for minimal scaffolding."",""math"":{""range"":{""min"":0,""max"":120},""sequence"":{""steps"":[2,5,10],""length"":6,""directions"":[""forwards"",""backwards""],""startStrategy"":""any_multiple""}},""presentation"":{""gaps"":{""position"":""random"",""count"":1},""visualType"":""sequence""}}"
q_1764328650323_17,N01_Y1_NPV,4,Number and Place Value,Counting (in multiples),1,text_input,"What is the missing number? 35, 40, __, 50, 55, 60",45,The pattern counts forwards in 5s,,"{""description"":""Exceeding - Extended range to 120, longer sequences (6 numbers), backwards counting, random gap positions for minimal scaffolding."",""math"":{""range"":{""min"":0,""max"":120},""sequence"":{""steps"":[2,5,10],""length"":6,""directions"":[""forwards"",""backwards""],""startStrategy"":""any_multiple""}},""presentation"":{""gaps"":{""position"":""random"",""count"":1},""visualType"":""sequence""}}"
q_1764328650323_18,N01_Y1_NPV,4,Number and Place Value,Counting (in multiples),1,text_input,"What is the missing number? 52, 50, 48, __, 44, 42",46,The pattern counts backwards in 2s,,"{""description"":""Exceeding - Extended range to 120, longer sequences (6 numbers), backwards counting, random gap positions for minimal scaffolding."",""math"":{""range"":{""min"":0,""max"":120},""sequence"":{""steps"":[2,5,10],""length"":6,""directions"":[""forwards"",""backwards""],""startStrategy"":""any_multiple""}},""presentation"":{""gaps"":{""position"":""random"",""count"":1},""visualType"":""sequence""}}"
q_1764328650323_19,N01_Y1_NPV,4,Number and Place Value,Counting (in multiples),1,text_input,"What is the missing number? 50, 55, __, 65, 70, 75",60,The pattern counts forwards in 5s,,"{""description"":""Exceeding - Extended range to 120, longer sequences (6 numbers), backwards counting, random gap positions for minimal scaffolding."",""math"":{""range"":{""min"":0,""max"":120},""sequence"":{""steps"":[2,5,10],""length"":6,""directions"":[""forwards"",""backwards""],""startStrategy"":""any_multiple""}},""presentation"":{""gaps"":{""position"":""random"",""count"":1},""visualType"":""sequence""}}"
q_1764328650323_20,N01_Y2_NPV,1,Number and Place Value,Counting (in multiples),2,text_input,"What is the missing number? 0, 5, __",10,The pattern counts forwards in 5s,,"{""description"":""Beginning - Count forwards only from 0, in steps of 2, 3, 5, or 10, up to 40. Short sequences (3 numbers) with gap at end for predictability."",""math"":{""range"":{""min"":0,""max"":40},""sequence"":{""steps"":[2,3,5,10],""length"":3,""directions"":[""forwards""],""startStrategy"":""zero_only""}},""presentation"":{""gaps"":{""position"":""end"",""count"":1},""visualType"":""sequence""}}"
q_1764328650323_21,N01_Y2_NPV,1,Number and Place Value,Counting (in multiples),2,text_input,"What is the missing number? 0, 2, __",4,The pattern counts forwards in 2s,,"{""description"":""Beginning - Count forwards only from 0, in steps of 2, 3, 5, or 10, up to 40. Short sequences (3 numbers) with gap at end for predictability."",""math"":{""range"":{""min"":0,""max"":40},""sequence"":{""steps"":[2,3,5,10],""length"":3,""directions"":[""forwards""],""startStrategy"":""zero_only""}},""presentation"":{""gaps"":{""position"":""end"",""count"":1},""visualType"":""sequence""}}"
q_1764328650323_22,N01_Y2_NPV,1,Number and Place Value,Counting (in multiples),2,text_input,"What is the missing number? 0, 2, __",4,The pattern counts forwards in 2s,,"{""description"":""Beginning - Count forwards only from 0, in steps of 2, 3, 5, or 10, up to 40. Short sequences (3 numbers) with gap at end for predictability."",""math"":{""range"":{""min"":0,""max"":40},""sequence"":{""steps"":[2,3,5,10],""length"":3,""directions"":[""forwards""],""startStrategy"":""zero_only""}},""presentation"":{""gaps"":{""position"":""end"",""count"":1},""visualType"":""sequence""}}"
q_1764328650323_23,N01_Y2_NPV,1,Number and Place Value,Counting (in multiples),2,text_input,"What is the missing number? 0, 10, __",20,The pattern counts forwards in 10s,,"{""description"":""Beginning - Count forwards only from 0, in steps of 2, 3, 5, or 10, up to 40. Short sequences (3 numbers) with gap at end for predictability."",""math"":{""range"":{""min"":0,""max"":40},""sequence"":{""steps"":[2,3,5,10],""length"":3,""directions"":[""forwards""],""startStrategy"":""zero_only""}},""presentation"":{""gaps"":{""position"":""end"",""count"":1},""visualType"":""sequence""}}"
q_1764328650323_24,N01_Y2_NPV,1,Number and Place Value,Counting (in multiples),2,text_input,"What is the missing number? 0, 3, __",6,The pattern counts forwards in 3s,,"{""description"":""Beginning - Count forwards only from 0, in steps of 2, 3, 5, or 10, up to 40. Short sequences (3 numbers) with gap at end for predictability."",""math"":{""range"":{""min"":0,""max"":40},""sequence"":{""steps"":[2,3,5,10],""length"":3,""directions"":[""forwards""],""startStrategy"":""zero_only""}},""presentation"":{""gaps"":{""position"":""end"",""count"":1},""visualType"":""sequence""}}"
q_1764328650323_25,N01_Y2_NPV,2,Number and Place Value,Counting (in multiples),2,text_input,"What is the missing number? 0, __, 6, 9",3,The pattern counts forwards in 3s,,"{""description"":""Developing - Count forwards from 0 (for 2,3,5) or any number (for 10s), up to 60. Longer sequences (4 numbers) with gap at middle."",""math"":{""range"":{""min"":0,""max"":60},""sequence"":{""steps"":[2,3,5,10],""length"":4,""directions"":[""forwards""],""startStrategy"":""zero_or_tens""}},""presentation"":{""gaps"":{""position"":""middle"",""count"":1},""visualType"":""sequence""}}"
q_1764328650323_26,N01_Y2_NPV,2,Number and Place Value,Counting (in multiples),2,text_input,"What is the missing number? 0, __, 4, 6",2,The pattern counts forwards in 2s,,"{""description"":""Developing - Count forwards from 0 (for 2,3,5) or any number (for 10s), up to 60. Longer sequences (4 numbers) with gap at middle."",""math"":{""range"":{""min"":0,""max"":60},""sequence"":{""steps"":[2,3,5,10],""length"":4,""directions"":[""forwards""],""startStrategy"":""zero_or_tens""}},""presentation"":{""gaps"":{""position"":""middle"",""count"":1},""visualType"":""sequence""}}"
q_1764328650323_27,N01_Y2_NPV,2,Number and Place Value,Counting (in multiples),2,text_input,"What is the missing number? 0, __, 10, 15",5,The pattern counts forwards in 5s,,"{""description"":""Developing - Count forwards from 0 (for 2,3,5) or any number (for 10s), up to 60. Longer sequences (4 numbers) with gap at middle."",""math"":{""range"":{""min"":0,""max"":60},""sequence"":{""steps"":[2,3,5,10],""length"":4,""directions"":[""forwards""],""startStrategy"":""zero_or_tens""}},""presentation"":{""gaps"":{""position"":""middle"",""count"":1},""visualType"":""sequence""}}"
q_1764328650323_28,N01_Y2_NPV,2,Number and Place Value,Counting (in multiples),2,text_input,"What is the missing number? 0, __, 10, 15",5,The pattern counts forwards in 5s,,"{""description"":""Developing - Count forwards from 0 (for 2,3,5) or any number (for 10s), up to 60. Longer sequences (4 numbers) with gap at middle."",""math"":{""range"":{""min"":0,""max"":60},""sequence"":{""steps"":[2,3,5,10],""length"":4,""directions"":[""forwards""],""startStrategy"":""zero_or_tens""}},""presentation"":{""gaps"":{""position"":""middle"",""count"":1},""visualType"":""sequence""}}"
q_1764328650324_29,N01_Y2_NPV,2,Number and Place Value,Counting (in multiples),2,text_input,"What is the missing number? 0, __, 6, 9",3,The pattern counts forwards in 3s,,"{""description"":""Developing - Count forwards from 0 (for 2,3,5) or any number (for 10s), up to 60. Longer sequences (4 numbers) with gap at middle."",""math"":{""range"":{""min"":0,""max"":60},""sequence"":{""steps"":[2,3,5,10],""length"":4,""directions"":[""forwards""],""startStrategy"":""zero_or_tens""}},""presentation"":{""gaps"":{""position"":""middle"",""count"":1},""visualType"":""sequence""}}"
q_1764328650324_30,N01_Y2_NPV,3,Number and Place Value,Counting (in multiples),2,text_input,"What is the missing number? 97, 87, __, 67, 57",77,The pattern counts backwards in 10s,,"{""description"":""Meeting - Full curriculum: count forwards and backwards in steps of 2, 3, 5 from 0, and in tens from any number, up to 100. Standard sequences (5 numbers)."",""math"":{""range"":{""min"":0,""max"":100},""sequence"":{""steps"":[2,3,5,10],""length"":5,""directions"":[""forwards"",""backwards""],""startStrategy"":""zero_or_any_tens""}},""presentation"":{""gaps"":{""position"":""middle"",""count"":1},""visualType"":""sequence""}}"
q_1764328650324_31,N01_Y2_NPV,3,Number and Place Value,Counting (in multiples),2,text_input,"What is the missing number? 8, 6, __, 2, 0",4,The pattern counts backwards in 2s,,"{""description"":""Meeting - Full curriculum: count forwards and backwards in steps of 2, 3, 5 from 0, and in tens from any number, up to 100. Standard sequences (5 numbers)."",""math"":{""range"":{""min"":0,""max"":100},""sequence"":{""steps"":[2,3,5,10],""length"":5,""directions"":[""forwards"",""backwards""],""startStrategy"":""zero_or_any_tens""}},""presentation"":{""gaps"":{""position"":""middle"",""count"":1},""visualType"":""sequence""}}"
q_1764328650324_32,N01_Y2_NPV,3,Number and Place Value,Counting (in multiples),2,text_input,"What is the missing number? 0, 3, __, 9, 12",6,The pattern counts forwards in 3s,,"{""description"":""Meeting - Full curriculum: count forwards and backwards in steps of 2, 3, 5 from 0, and in tens from any number, up to 100. Standard sequences (5 numbers)."",""math"":{""range"":{""min"":0,""max"":100},""sequence"":{""steps"":[2,3,5,10],""length"":5,""directions"":[""forwards"",""backwards""],""startStrategy"":""zero_or_any_tens""}},""presentation"":{""gaps"":{""position"":""middle"",""count"":1},""visualType"":""sequence""}}"
q_1764328650324_33,N01_Y2_NPV,3,Number and Place Value,Counting (in multiples),2,text_input,"What is the missing number? 0, 2, __, 6, 8",4,The pattern counts forwards in 2s,,"{""description"":""Meeting - Full curriculum: count forwards and backwards in steps of 2, 3, 5 from 0, and in tens from any number, up to 100. Standard sequences (5 numbers)."",""math"":{""range"":{""min"":0,""max"":100},""sequence"":{""steps"":[2,3,5,10],""length"":5,""directions"":[""forwards"",""backwards""],""startStrategy"":""zero_or_any_tens""}},""presentation"":{""gaps"":{""position"":""middle"",""count"":1},""visualType"":""sequence""}}"
q_1764328650324_34,N01_Y2_NPV,3,Number and Place Value,Counting (in multiples),2,text_input,"What is the missing number? 0, 5, __, 15, 20",10,The pattern counts forwards in 5s,,"{""description"":""Meeting - Full curriculum: count forwards and backwards in steps of 2, 3, 5 from 0, and in tens from any number, up to 100. Standard sequences (5 numbers)."",""math"":{""range"":{""min"":0,""max"":100},""sequence"":{""steps"":[2,3,5,10],""length"":5,""directions"":[""forwards"",""backwards""],""startStrategy"":""zero_or_any_tens""}},""presentation"":{""gaps"":{""position"":""middle"",""count"":1},""visualType"":""sequence""}}"
q_1764328650324_35,N01_Y2_NPV,4,Number and Place Value,Counting (in multiples),2,text_input,"What is the missing number? 0, 5, __, 15, 20, 25",10,The pattern counts forwards in 5s,,"{""description"":""Exceeding - Extended range to 120, longer sequences (6 numbers), backwards counting, random gap positions, tens from any number."",""math"":{""range"":{""min"":0,""max"":120},""sequence"":{""steps"":[2,3,5,10],""length"":6,""directions"":[""forwards"",""backwards""],""startStrategy"":""zero_or_any_tens""}},""presentation"":{""gaps"":{""position"":""random"",""count"":1},""visualType"":""sequence""}}"
q_1764328650324_36,N01_Y2_NPV,4,Number and Place Value,Counting (in multiples),2,text_input,"What is the missing number? 0, 2, __, 6, 8, 10",4,The pattern counts forwards in 2s,,"{""description"":""Exceeding - Extended range to 120, longer sequences (6 numbers), backwards counting, random gap positions, tens from any number."",""math"":{""range"":{""min"":0,""max"":120},""sequence"":{""steps"":[2,3,5,10],""length"":6,""directions"":[""forwards"",""backwards""],""startStrategy"":""zero_or_any_tens""}},""presentation"":{""gaps"":{""position"":""random"",""count"":1},""visualType"":""sequence""}}"
q_1764328650324_37,N01_Y2_NPV,4,Number and Place Value,Counting (in multiples),2,text_input,"What is the missing number? 0, 2, __, 6, 8, 10",4,The pattern counts forwards in 2s,,"{""description"":""Exceeding - Extended range to 120, longer sequences (6 numbers), backwards counting, random gap positions, tens from any number."",""math"":{""range"":{""min"":0,""max"":120},""sequence"":{""steps"":[2,3,5,10],""length"":6,""directions"":[""forwards"",""backwards""],""startStrategy"":""zero_or_any_tens""}},""presentation"":{""gaps"":{""position"":""random"",""count"":1},""visualType"":""sequence""}}"
q_1764328650324_38,N01_Y2_NPV,4,Number and Place Value,Counting (in multiples),2,text_input,"What is the missing number? 0, 3, __, 9, 12, 15",6,The pattern counts forwards in 3s,,"{""description"":""Exceeding - Extended range to 120, longer sequences (6 numbers), backwards counting, random gap positions, tens from any number."",""math"":{""range"":{""min"":0,""max"":120},""sequence"":{""steps"":[2,3,5,10],""length"":6,""directions"":[""forwards"",""backwards""],""startStrategy"":""zero_or_any_tens""}},""presentation"":{""gaps"":{""position"":""random"",""count"":1},""visualType"":""sequence""}}"
q_1764328650324_39,N01_Y2_NPV,4,Number and Place Value,Counting (in multiples),2,text_input,"What is the missing number? 120, 115, 110, 105, 100, __",95,The pattern counts backwards in 5s,,"{""description"":""Exceeding - Extended range to 120, longer sequences (6 numbers), backwards counting, random gap positions, tens from any number."",""math"":{""range"":{""min"":0,""max"":120},""sequence"":{""steps"":[2,3,5,10],""length"":6,""directions"":[""forwards"",""backwards""],""startStrategy"":""zero_or_any_tens""}},""presentation"":{""gaps"":{""position"":""random"",""count"":1},""visualType"":""sequence""}}"
q_1764328650324_40,N01_Y3_NPV,1,Number and Place Value,Counting (in multiples),3,text_input,"What is the missing number? 0, 50, 100, __",150,The pattern counts forwards in 50s,,"{""description"":""Beginning - Count forwards only from 0, in steps of 4, 8, 50, or 100, up to 400. Short sequences (4 numbers) with gap at end for predictability."",""math"":{""range"":{""min"":0,""max"":400},""sequence"":{""steps"":[4,8,50,100],""length"":4,""directions"":[""forwards""],""startStrategy"":""zero_only""}},""presentation"":{""gaps"":{""position"":""end"",""count"":1},""visualType"":""sequence""}}"
q_1764328650324_41,N01_Y3_NPV,1,Number and Place Value,Counting (in multiples),3,text_input,"What is the missing number? 0, 100, 200, __",300,The pattern counts forwards in 100s,,"{""description"":""Beginning - Count forwards only from 0, in steps of 4, 8, 50, or 100, up to 400. Short sequences (4 numbers) with gap at end for predictability."",""math"":{""range"":{""min"":0,""max"":400},""sequence"":{""steps"":[4,8,50,100],""length"":4,""directions"":[""forwards""],""startStrategy"":""zero_only""}},""presentation"":{""gaps"":{""position"":""end"",""count"":1},""visualType"":""sequence""}}"
q_1764328650324_42,N01_Y3_NPV,1,Number and Place Value,Counting (in multiples),3,text_input,"What is the missing number? 0, 50, 100, __",150,The pattern counts forwards in 50s,,"{""description"":""Beginning - Count forwards only from 0, in steps of 4, 8, 50, or 100, up to 400. Short sequences (4 numbers) with gap at end for predictability."",""math"":{""range"":{""min"":0,""max"":400},""sequence"":{""steps"":[4,8,50,100],""length"":4,""directions"":[""forwards""],""startStrategy"":""zero_only""}},""presentation"":{""gaps"":{""position"":""end"",""count"":1},""visualType"":""sequence""}}"
q_1764328650324_43,N01_Y3_NPV,1,Number and Place Value,Counting (in multiples),3,text_input,"What is the missing number? 0, 4, 8, __",12,The pattern counts forwards in 4s,,"{""description"":""Beginning - Count forwards only from 0, in steps of 4, 8, 50, or 100, up to 400. Short sequences (4 numbers) with gap at end for predictability."",""math"":{""range"":{""min"":0,""max"":400},""sequence"":{""steps"":[4,8,50,100],""length"":4,""directions"":[""forwards""],""startStrategy"":""zero_only""}},""presentation"":{""gaps"":{""position"":""end"",""count"":1},""visualType"":""sequence""}}"
q_1764328650324_44,N01_Y3_NPV,1,Number and Place Value,Counting (in multiples),3,text_input,"What is the missing number? 0, 4, 8, __",12,The pattern counts forwards in 4s,,"{""description"":""Beginning - Count forwards only from 0, in steps of 4, 8, 50, or 100, up to 400. Short sequences (4 numbers) with gap at end for predictability."",""math"":{""range"":{""min"":0,""max"":400},""sequence"":{""steps"":[4,8,50,100],""length"":4,""directions"":[""forwards""],""startStrategy"":""zero_only""}},""presentation"":{""gaps"":{""position"":""end"",""count"":1},""visualType"":""sequence""}}"
q_1764328650324_45,N01_Y3_NPV,2,Number and Place Value,Counting (in multiples),3,text_input,"What is the missing number? 300, 400, __, 600, 700",500,The pattern counts forwards in 100s,,"{""description"":""Developing - Count forwards from 0 or a multiple, in steps of 4, 8, 50, or 100, up to 600. Medium sequences (5 numbers) with gap at end or middle."",""math"":{""range"":{""min"":0,""max"":600},""sequence"":{""steps"":[4,8,50,100],""length"":5,""directions"":[""forwards""],""startStrategy"":""any_multiple""}},""presentation"":{""gaps"":{""position"":""middle"",""count"":1},""visualType"":""sequence""}}"
q_1764328650324_46,N01_Y3_NPV,2,Number and Place Value,Counting (in multiples),3,text_input,"What is the missing number? 100, 200, __, 400, 500",300,The pattern counts forwards in 100s,,"{""description"":""Developing - Count forwards from 0 or a multiple, in steps of 4, 8, 50, or 100, up to 600. Medium sequences (5 numbers) with gap at end or middle."",""math"":{""range"":{""min"":0,""max"":600},""sequence"":{""steps"":[4,8,50,100],""length"":5,""directions"":[""forwards""],""startStrategy"":""any_multiple""}},""presentation"":{""gaps"":{""position"":""middle"",""count"":1},""visualType"":""sequence""}}"
q_1764328650324_47,N01_Y3_NPV,2,Number and Place Value,Counting (in multiples),3,text_input,"What is the missing number? 448, 456, __, 472, 480",464,The pattern counts forwards in 8s,,"{""description"":""Developing - Count forwards from 0 or a multiple, in steps of 4, 8, 50, or 100, up to 600. Medium sequences (5 numbers) with gap at end or middle."",""math"":{""range"":{""min"":0,""max"":600},""sequence"":{""steps"":[4,8,50,100],""length"":5,""directions"":[""forwards""],""startStrategy"":""any_multiple""}},""presentation"":{""gaps"":{""position"":""middle"",""count"":1},""visualType"":""sequence""}}"
q_1764328650324_48,N01_Y3_NPV,2,Number and Place Value,Counting (in multiples),3,text_input,"What is the missing number? 144, 148, __, 156, 160",152,The pattern counts forwards in 4s,,"{""description"":""Developing - Count forwards from 0 or a multiple, in steps of 4, 8, 50, or 100, up to 600. Medium sequences (5 numbers) with gap at end or middle."",""math"":{""range"":{""min"":0,""max"":600},""sequence"":{""steps"":[4,8,50,100],""length"":5,""directions"":[""forwards""],""startStrategy"":""any_multiple""}},""presentation"":{""gaps"":{""position"":""middle"",""count"":1},""visualType"":""sequence""}}"
q_1764328650324_49,N01_Y3_NPV,2,Number and Place Value,Counting (in multiples),3,text_input,"What is the missing number? 248, 252, __, 260, 264",256,The pattern counts forwards in 4s,,"{""description"":""Developing - Count forwards from 0 or a multiple, in steps of 4, 8, 50, or 100, up to 600. Medium sequences (5 numbers) with gap at end or middle."",""math"":{""range"":{""min"":0,""max"":600},""sequence"":{""steps"":[4,8,50,100],""length"":5,""directions"":[""forwards""],""startStrategy"":""any_multiple""}},""presentation"":{""gaps"":{""position"":""middle"",""count"":1},""visualType"":""sequence""}}"
q_1764328650324_50,N01_Y3_NPV,3,Number and Place Value,Counting (in multiples),3,text_input,"What is the missing number? 200, 150, __, 50, 0",100,The pattern counts backwards in 50s,,"{""description"":""Meeting - Full curriculum: count forwards and backwards from 0 or any multiple of 4, 8, 50, or 100, up to 1000. Standard sequences (5 numbers)."",""math"":{""range"":{""min"":0,""max"":1000},""sequence"":{""steps"":[4,8,50,100],""length"":5,""directions"":[""forwards"",""backwards""],""startStrategy"":""any_multiple""}},""presentation"":{""gaps"":{""position"":""middle"",""count"":1},""visualType"":""sequence""}}"
q_1764328650324_51,N01_Y3_NPV,3,Number and Place Value,Counting (in multiples),3,text_input,"What is the missing number? 976, 984, __, 1000, 1008",992,The pattern counts forwards in 8s,,"{""description"":""Meeting - Full curriculum: count forwards and backwards from 0 or any multiple of 4, 8, 50, or 100, up to 1000. Standard sequences (5 numbers)."",""math"":{""range"":{""min"":0,""max"":1000},""sequence"":{""steps"":[4,8,50,100],""length"":5,""directions"":[""forwards"",""backwards""],""startStrategy"":""any_multiple""}},""presentation"":{""gaps"":{""position"":""middle"",""count"":1},""visualType"":""sequence""}}"
q_1764328650324_52,N01_Y3_NPV,3,Number and Place Value,Counting (in multiples),3,text_input,"What is the missing number? 700, 800, __, 1000, 1100",900,The pattern counts forwards in 100s,,"{""description"":""Meeting - Full curriculum: count forwards and backwards from 0 or any multiple of 4, 8, 50, or 100, up to 1000. Standard sequences (5 numbers)."",""math"":{""range"":{""min"":0,""max"":1000},""sequence"":{""steps"":[4,8,50,100],""length"":5,""directions"":[""forwards"",""backwards""],""startStrategy"":""any_multiple""}},""presentation"":{""gaps"":{""position"":""middle"",""count"":1},""visualType"":""sequence""}}"
q_1764328650324_53,N01_Y3_NPV,3,Number and Place Value,Counting (in multiples),3,text_input,"What is the missing number? 944, 940, __, 932, 928",936,The pattern counts backwards in 4s,,"{""description"":""Meeting - Full curriculum: count forwards and backwards from 0 or any multiple of 4, 8, 50, or 100, up to 1000. Standard sequences (5 numbers)."",""math"":{""range"":{""min"":0,""max"":1000},""sequence"":{""steps"":[4,8,50,100],""length"":5,""directions"":[""forwards"",""backwards""],""startStrategy"":""any_multiple""}},""presentation"":{""gaps"":{""position"":""middle"",""count"":1},""visualType"":""sequence""}}"
q_1764328650324_54,N01_Y3_NPV,3,Number and Place Value,Counting (in multiples),3,text_input,"What is the missing number? 500, 450, __, 350, 300",400,The pattern counts backwards in 50s,,"{""description"":""Meeting - Full curriculum: count forwards and backwards from 0 or any multiple of 4, 8, 50, or 100, up to 1000. Standard sequences (5 numbers)."",""math"":{""range"":{""min"":0,""max"":1000},""sequence"":{""steps"":[4,8,50,100],""length"":5,""directions"":[""forwards"",""backwards""],""startStrategy"":""any_multiple""}},""presentation"":{""gaps"":{""position"":""middle"",""count"":1},""visualType"":""sequence""}}"
q_1764328650324_55,N01_Y3_NPV,4,Number and Place Value,Counting (in multiples),3,text_input,"What is the missing number? 200, __, 400, 500, 600, 700",300,The pattern counts forwards in 100s,,"{""description"":""Exceeding - Extended range to 1200, longer sequences (6 numbers), backwards counting, random gap positions for minimal scaffolding."",""math"":{""range"":{""min"":0,""max"":1200},""sequence"":{""steps"":[4,8,50,100],""length"":6,""directions"":[""forwards"",""backwards""],""startStrategy"":""any_multiple""}},""presentation"":{""gaps"":{""position"":""random"",""count"":1},""visualType"":""sequence""}}"
q_1764328650324_56,N01_Y3_NPV,4,Number and Place Value,Counting (in multiples),3,text_input,"What is the missing number? 1128, 1120, 1112, __, 1096, 1088",1104,The pattern counts backwards in 8s,,"{""description"":""Exceeding - Extended range to 1200, longer sequences (6 numbers), backwards counting, random gap positions for minimal scaffolding."",""math"":{""range"":{""min"":0,""max"":1200},""sequence"":{""steps"":[4,8,50,100],""length"":6,""directions"":[""forwards"",""backwards""],""startStrategy"":""any_multiple""}},""presentation"":{""gaps"":{""position"":""random"",""count"":1},""visualType"":""sequence""}}"
q_1764328650324_57,N01_Y3_NPV,4,Number and Place Value,Counting (in multiples),3,text_input,"What is the missing number? 560, __, 576, 584, 592, 600",568,The pattern counts forwards in 8s,,"{""description"":""Exceeding - Extended range to 1200, longer sequences (6 numbers), backwards counting, random gap positions for minimal scaffolding."",""math"":{""range"":{""min"":0,""max"":1200},""sequence"":{""steps"":[4,8,50,100],""length"":6,""directions"":[""forwards"",""backwards""],""startStrategy"":""any_multiple""}},""presentation"":{""gaps"":{""position"":""random"",""count"":1},""visualType"":""sequence""}}"
q_1764328650324_58,N01_Y3_NPV,4,Number and Place Value,Counting (in multiples),3,text_input,"What is the missing number? 750, __, 850, 900, 950, 1000",800,The pattern counts forwards in 50s,,"{""description"":""Exceeding - Extended range to 1200, longer sequences (6 numbers), backwards counting, random gap positions for minimal scaffolding."",""math"":{""range"":{""min"":0,""max"":1200},""sequence"":{""steps"":[4,8,50,100],""length"":6,""directions"":[""forwards"",""backwards""],""startStrategy"":""any_multiple""}},""presentation"":{""gaps"":{""position"":""random"",""count"":1},""visualType"":""sequence""}}"
q_1764328650324_59,N01_Y3_NPV,4,Number and Place Value,Counting (in multiples),3,text_input,"What is the missing number? 144, __, 160, 168, 176, 184",152,The pattern counts forwards in 8s,,"{""description"":""Exceeding - Extended range to 1200, longer sequences (6 numbers), backwards counting, random gap positions for minimal scaffolding."",""math"":{""range"":{""min"":0,""max"":1200},""sequence"":{""steps"":[4,8,50,100],""length"":6,""directions"":[""forwards"",""backwards""],""startStrategy"":""any_multiple""}},""presentation"":{""gaps"":{""position"":""random"",""count"":1},""visualType"":""sequence""}}"
q_1764328650324_60,N01_Y4_NPV,1,Number and Place Value,Counting (in multiples),4,text_input,"What is the missing number? 0, 7, 14, __",21,The pattern counts forwards in 7s,,"{""description"":""Beginning - Count forwards only from 0, in steps of 6, 7, 9, 25, or 1000. Use appropriate ranges for each step size. Shorter sequences (4 numbers) with gap at end for predictability."",""math"":{""range"":{""min"":0,""max"":100},""sequence"":{""steps"":[6,7,9,25,1000],""length"":4,""directions"":[""forwards""],""startStrategy"":""zero_only""}},""presentation"":{""gaps"":{""position"":""end"",""count"":1},""visualType"":""sequence""}}"
q_1764328650324_61,N01_Y4_NPV,1,Number and Place Value,Counting (in multiples),4,text_input,"What is the missing number? 0, 25, 50, __",75,The pattern counts forwards in 25s,,"{""description"":""Beginning - Count forwards only from 0, in steps of 6, 7, 9, 25, or 1000. Use appropriate ranges for each step size. Shorter sequences (4 numbers) with gap at end for predictability."",""math"":{""range"":{""min"":0,""max"":100},""sequence"":{""steps"":[6,7,9,25,1000],""length"":4,""directions"":[""forwards""],""startStrategy"":""zero_only""}},""presentation"":{""gaps"":{""position"":""end"",""count"":1},""visualType"":""sequence""}}"
q_1764328650324_62,N01_Y4_NPV,1,Number and Place Value,Counting (in multiples),4,text_input,"What is the missing number? 0, 7, 14, __",21,The pattern counts forwards in 7s,,"{""description"":""Beginning - Count forwards only from 0, in steps of 6, 7, 9, 25, or 1000. Use appropriate ranges for each step size. Shorter sequences (4 numbers) with gap at end for predictability."",""math"":{""range"":{""min"":0,""max"":100},""sequence"":{""steps"":[6,7,9,25,1000],""length"":4,""directions"":[""forwards""],""startStrategy"":""zero_only""}},""presentation"":{""gaps"":{""position"":""end"",""count"":1},""visualType"":""sequence""}}"
q_1764328650324_63,N01_Y4_NPV,1,Number and Place Value,Counting (in multiples),4,text_input,"What is the missing number? 0, 9, 18, __",27,The pattern counts forwards in 9s,,"{""description"":""Beginning - Count forwards only from 0, in steps of 6, 7, 9, 25, or 1000. Use appropriate ranges for each step size. Shorter sequences (4 numbers) with gap at end for predictability."",""math"":{""range"":{""min"":0,""max"":100},""sequence"":{""steps"":[6,7,9,25,1000],""length"":4,""directions"":[""forwards""],""startStrategy"":""zero_only""}},""presentation"":{""gaps"":{""position"":""end"",""count"":1},""visualType"":""sequence""}}"
q_1764328650324_64,N01_Y4_NPV,1,Number and Place Value,Counting (in multiples),4,text_input,"What is the missing number? 0, 25, 50, __",75,The pattern counts forwards in 25s,,"{""description"":""Beginning - Count forwards only from 0, in steps of 6, 7, 9, 25, or 1000. Use appropriate ranges for each step size. Shorter sequences (4 numbers) with gap at end for predictability."",""math"":{""range"":{""min"":0,""max"":100},""sequence"":{""steps"":[6,7,9,25,1000],""length"":4,""directions"":[""forwards""],""startStrategy"":""zero_only""}},""presentation"":{""gaps"":{""position"":""end"",""count"":1},""visualType"":""sequence""}}"
q_1764328650324_65,N01_Y4_NPV,2,Number and Place Value,Counting (in multiples),4,text_input,"What is the missing number? 25, 50, __, 100, 125",75,The pattern counts forwards in 25s,,"{""description"":""Developing - Count forwards from any multiple, in steps of 6, 7, 9, 25, or 1000, up to 200 for small steps. Standard sequences (5 numbers) with gap in middle."",""math"":{""range"":{""min"":0,""max"":200},""sequence"":{""steps"":[6,7,9,25,1000],""length"":5,""directions"":[""forwards""],""startStrategy"":""any_multiple""}},""presentation"":{""gaps"":{""position"":""middle"",""count"":1},""visualType"":""sequence""}}"
q_1764328650324_66,N01_Y4_NPV,2,Number and Place Value,Counting (in multiples),4,text_input,"What is the missing number? 126, 135, __, 153, 162",144,The pattern counts forwards in 9s,,"{""description"":""Developing - Count forwards from any multiple, in steps of 6, 7, 9, 25, or 1000, up to 200 for small steps. Standard sequences (5 numbers) with gap in middle."",""math"":{""range"":{""min"":0,""max"":200},""sequence"":{""steps"":[6,7,9,25,1000],""length"":5,""directions"":[""forwards""],""startStrategy"":""any_multiple""}},""presentation"":{""gaps"":{""position"":""middle"",""count"":1},""visualType"":""sequence""}}"
q_1764328650324_67,N01_Y4_NPV,2,Number and Place Value,Counting (in multiples),4,text_input,"What is the missing number? 21, 28, __, 42, 49",35,The pattern counts forwards in 7s,,"{""description"":""Developing - Count forwards from any multiple, in steps of 6, 7, 9, 25, or 1000, up to 200 for small steps. Standard sequences (5 numbers) with gap in middle."",""math"":{""range"":{""min"":0,""max"":200},""sequence"":{""steps"":[6,7,9,25,1000],""length"":5,""directions"":[""forwards""],""startStrategy"":""any_multiple""}},""presentation"":{""gaps"":{""position"":""middle"",""count"":1},""visualType"":""sequence""}}"
q_1764328650324_68,N01_Y4_NPV,2,Number and Place Value,Counting (in multiples),4,text_input,"What is the missing number? 42, 48, __, 60, 66",54,The pattern counts forwards in 6s,,"{""description"":""Developing - Count forwards from any multiple, in steps of 6, 7, 9, 25, or 1000, up to 200 for small steps. Standard sequences (5 numbers) with gap in middle."",""math"":{""range"":{""min"":0,""max"":200},""sequence"":{""steps"":[6,7,9,25,1000],""length"":5,""directions"":[""forwards""],""startStrategy"":""any_multiple""}},""presentation"":{""gaps"":{""position"":""middle"",""count"":1},""visualType"":""sequence""}}"
q_1764328650324_69,N01_Y4_NPV,2,Number and Place Value,Counting (in multiples),4,text_input,"What is the missing number? 18, 27, __, 45, 54",36,The pattern counts forwards in 9s,,"{""description"":""Developing - Count forwards from any multiple, in steps of 6, 7, 9, 25, or 1000, up to 200 for small steps. Standard sequences (5 numbers) with gap in middle."",""math"":{""range"":{""min"":0,""max"":200},""sequence"":{""steps"":[6,7,9,25,1000],""length"":5,""directions"":[""forwards""],""startStrategy"":""any_multiple""}},""presentation"":{""gaps"":{""position"":""middle"",""count"":1},""visualType"":""sequence""}}"
q_1764328650324_70,N01_Y4_NPV,3,Number and Place Value,Counting (in multiples),4,text_input,"What is the missing number? 45, 36, __, 18, 9",27,The pattern counts backwards in 9s,,"{""description"":""Meeting - Full curriculum: count forwards and backwards from any given number in multiples of 6, 7, 9, 25, and 1000. Use appropriate ranges for step size."",""math"":{""range"":{""min"":0,""max"":300},""sequence"":{""steps"":[6,7,9,25,1000],""length"":5,""directions"":[""forwards"",""backwards""],""startStrategy"":""any_multiple""}},""presentation"":{""gaps"":{""position"":""middle"",""count"":1},""visualType"":""sequence""}}"
q_1764328650324_71,N01_Y4_NPV,3,Number and Place Value,Counting (in multiples),4,text_input,"What is the missing number? 234, 228, __, 216, 210",222,The pattern counts backwards in 6s,,"{""description"":""Meeting - Full curriculum: count forwards and backwards from any given number in multiples of 6, 7, 9, 25, and 1000. Use appropriate ranges for step size."",""math"":{""range"":{""min"":0,""max"":300},""sequence"":{""steps"":[6,7,9,25,1000],""length"":5,""directions"":[""forwards"",""backwards""],""startStrategy"":""any_multiple""}},""presentation"":{""gaps"":{""position"":""middle"",""count"":1},""visualType"":""sequence""}}"
q_1764328650324_72,N01_Y4_NPV,3,Number and Place Value,Counting (in multiples),4,text_input,"What is the missing number? 228, 222, __, 210, 204",216,The pattern counts backwards in 6s,,"{""description"":""Meeting - Full curriculum: count forwards and backwards from any given number in multiples of 6, 7, 9, 25, and 1000. Use appropriate ranges for step size."",""math"":{""range"":{""min"":0,""max"":300},""sequence"":{""steps"":[6,7,9,25,1000],""length"":5,""directions"":[""forwards"",""backwards""],""startStrategy"":""any_multiple""}},""presentation"":{""gaps"":{""position"":""middle"",""count"":1},""visualType"":""sequence""}}"
q_1764328650324_73,N01_Y4_NPV,3,Number and Place Value,Counting (in multiples),4,text_input,"What is the missing number? 288, 294, __, 306, 312",300,The pattern counts forwards in 6s,,"{""description"":""Meeting - Full curriculum: count forwards and backwards from any given number in multiples of 6, 7, 9, 25, and 1000. Use appropriate ranges for step size."",""math"":{""range"":{""min"":0,""max"":300},""sequence"":{""steps"":[6,7,9,25,1000],""length"":5,""directions"":[""forwards"",""backwards""],""startStrategy"":""any_multiple""}},""presentation"":{""gaps"":{""position"":""middle"",""count"":1},""visualType"":""sequence""}}"
q_1764328650324_74,N01_Y4_NPV,3,Number and Place Value,Counting (in multiples),4,text_input,"What is the missing number? 281000, 280000, __, 278000, 277000",279000,The pattern counts backwards in 1000s,,"{""description"":""Meeting - Full curriculum: count forwards and backwards from any given number in multiples of 6, 7, 9, 25, and 1000. Use appropriate ranges for step size."",""math"":{""range"":{""min"":0,""max"":300},""sequence"":{""steps"":[6,7,9,25,1000],""length"":5,""directions"":[""forwards"",""backwards""],""startStrategy"":""any_multiple""}},""presentation"":{""gaps"":{""position"":""middle"",""count"":1},""visualType"":""sequence""}}"
q_1764328650324_75,N01_Y4_NPV,4,Number and Place Value,Counting (in multiples),4,text_input,"What is the missing number? 96, __, 108, 114, 120, 126",102,The pattern counts forwards in 6s,,"{""description"":""Exceeding - Extended range to 500 for small steps, longer sequences (6 numbers), backwards counting, random gap positions for minimal scaffolding."",""math"":{""range"":{""min"":0,""max"":500},""sequence"":{""steps"":[6,7,9,25,1000],""length"":6,""directions"":[""forwards"",""backwards""],""startStrategy"":""any_multiple""}},""presentation"":{""gaps"":{""position"":""random"",""count"":1},""visualType"":""sequence""}}"
q_1764328650324_76,N01_Y4_NPV,4,Number and Place Value,Counting (in multiples),4,text_input,"What is the missing number? 200, __, 150, 125, 100, 75",175,The pattern counts backwards in 25s,,"{""description"":""Exceeding - Extended range to 500 for small steps, longer sequences (6 numbers), backwards counting, random gap positions for minimal scaffolding."",""math"":{""range"":{""min"":0,""max"":500},""sequence"":{""steps"":[6,7,9,25,1000],""length"":6,""directions"":[""forwards"",""backwards""],""startStrategy"":""any_multiple""}},""presentation"":{""gaps"":{""position"":""random"",""count"":1},""visualType"":""sequence""}}"
q_1764328650324_77,N01_Y4_NPV,4,Number and Place Value,Counting (in multiples),4,text_input,"What is the missing number? 100000, 101000, 102000, __, 104000, 105000",103000,The pattern counts forwards in 1000s,,"{""description"":""Exceeding - Extended range to 500 for small steps, longer sequences (6 numbers), backwards counting, random gap positions for minimal scaffolding."",""math"":{""range"":{""min"":0,""max"":500},""sequence"":{""steps"":[6,7,9,25,1000],""length"":6,""directions"":[""forwards"",""backwards""],""startStrategy"":""any_multiple""}},""presentation"":{""gaps"":{""position"":""random"",""count"":1},""visualType"":""sequence""}}"
q_1764328650324_78,N01_Y4_NPV,4,Number and Place Value,Counting (in multiples),4,text_input,"What is the missing number? 147, __, 161, 168, 175, 182",154,The pattern counts forwards in 7s,,"{""description"":""Exceeding - Extended range to 500 for small steps, longer sequences (6 numbers), backwards counting, random gap positions for minimal scaffolding."",""math"":{""range"":{""min"":0,""max"":500},""sequence"":{""steps"":[6,7,9,25,1000],""length"":6,""directions"":[""forwards"",""backwards""],""startStrategy"":""any_multiple""}},""presentation"":{""gaps"":{""position"":""random"",""count"":1},""visualType"":""sequence""}}"
q_1764328650324_79,N01_Y4_NPV,4,Number and Place Value,Counting (in multiples),4,text_input,"What is the missing number? 375000, __, 373000, 372000, 371000, 370000",374000,The pattern counts backwards in 1000s,,"{""description"":""Exceeding - Extended range to 500 for small steps, longer sequences (6 numbers), backwards counting, random gap positions for minimal scaffolding."",""math"":{""range"":{""min"":0,""max"":500},""sequence"":{""steps"":[6,7,9,25,1000],""length"":6,""directions"":[""forwards"",""backwards""],""startStrategy"":""any_multiple""}},""presentation"":{""gaps"":{""position"":""random"",""count"":1},""visualType"":""sequence""}}"
q_1764328650324_80,N01_Y5_NPV,1,Number and Place Value,Counting (in multiples),5,text_input,"What is the missing number? 4838, 4938, 5038, __",5138,The pattern counts forwards in hundreds,,"{""description"":""Beginning - Count forwards in steps of 10, 100, 1000 up to 10,000. Shorter sequences (4 numbers) with gap at end for predictability."",""math"":{""range"":{""min"":0,""max"":10000},""sequence"":{""steps"":[10,100,1000],""length"":4,""directions"":[""forwards""],""startStrategy"":""any""}},""presentation"":{""gaps"":{""position"":""end"",""count"":1},""visualType"":""sequence""}}"
q_1764328650324_81,N01_Y5_NPV,1,Number and Place Value,Counting (in multiples),5,text_input,"What is the missing number? 4355, 4365, 4375, __",4385,The pattern counts forwards in 10s,,"{""description"":""Beginning - Count forwards in steps of 10, 100, 1000 up to 10,000. Shorter sequences (4 numbers) with gap at end for predictability."",""math"":{""range"":{""min"":0,""max"":10000},""sequence"":{""steps"":[10,100,1000],""length"":4,""directions"":[""forwards""],""startStrategy"":""any""}},""presentation"":{""gaps"":{""position"":""end"",""count"":1},""visualType"":""sequence""}}"
q_1764328650324_82,N01_Y5_NPV,1,Number and Place Value,Counting (in multiples),5,text_input,"What is the missing number? 7525, 7625, 7725, __",7825,The pattern counts forwards in hundreds,,"{""description"":""Beginning - Count forwards in steps of 10, 100, 1000 up to 10,000. Shorter sequences (4 numbers) with gap at end for predictability."",""math"":{""range"":{""min"":0,""max"":10000},""sequence"":{""steps"":[10,100,1000],""length"":4,""directions"":[""forwards""],""startStrategy"":""any""}},""presentation"":{""gaps"":{""position"":""end"",""count"":1},""visualType"":""sequence""}}"
q_1764328650324_83,N01_Y5_NPV,1,Number and Place Value,Counting (in multiples),5,text_input,"What is the missing number? 7644, 7654, 7664, __",7674,The pattern counts forwards in 10s,,"{""description"":""Beginning - Count forwards in steps of 10, 100, 1000 up to 10,000. Shorter sequences (4 numbers) with gap at end for predictability."",""math"":{""range"":{""min"":0,""max"":10000},""sequence"":{""steps"":[10,100,1000],""length"":4,""directions"":[""forwards""],""startStrategy"":""any""}},""presentation"":{""gaps"":{""position"":""end"",""count"":1},""visualType"":""sequence""}}"
q_1764328650324_84,N01_Y5_NPV,1,Number and Place Value,Counting (in multiples),5,text_input,"What is the missing number? 3142, 4142, 5142, __",6142,The pattern counts forwards in thousands,,"{""description"":""Beginning - Count forwards in steps of 10, 100, 1000 up to 10,000. Shorter sequences (4 numbers) with gap at end for predictability."",""math"":{""range"":{""min"":0,""max"":10000},""sequence"":{""steps"":[10,100,1000],""length"":4,""directions"":[""forwards""],""startStrategy"":""any""}},""presentation"":{""gaps"":{""position"":""end"",""count"":1},""visualType"":""sequence""}}"
q_1764328650324_85,N01_Y5_NPV,2,Number and Place Value,Counting (in multiples),5,text_input,"What is the missing number? 77764, 77664, __, 77464, 77364",77564,The pattern counts backwards in hundreds,,"{""description"":""Developing - Count forwards and backwards in steps of 10, 100, 1000, 10000 up to 100,000. Standard sequences (5 numbers) with random gap position."",""math"":{""range"":{""min"":0,""max"":100000},""sequence"":{""steps"":[10,100,1000,10000],""length"":5,""directions"":[""forwards"",""backwards""],""startStrategy"":""any""}},""presentation"":{""gaps"":{""position"":""random"",""count"":1},""visualType"":""sequence""}}"
q_1764328650324_86,N01_Y5_NPV,2,Number and Place Value,Counting (in multiples),5,text_input,"What is the missing number? 46069, 36069, 26069, __, 6069",16069,The pattern counts backwards in 10 thousands,,"{""description"":""Developing - Count forwards and backwards in steps of 10, 100, 1000, 10000 up to 100,000. Standard sequences (5 numbers) with random gap position."",""math"":{""range"":{""min"":0,""max"":100000},""sequence"":{""steps"":[10,100,1000,10000],""length"":5,""directions"":[""forwards"",""backwards""],""startStrategy"":""any""}},""presentation"":{""gaps"":{""position"":""random"",""count"":1},""visualType"":""sequence""}}"
q_1764328650324_87,N01_Y5_NPV,2,Number and Place Value,Counting (in multiples),5,text_input,"What is the missing number? 10978, 20978, __, 40978, 50978",30978,The pattern counts forwards in 10 thousands,,"{""description"":""Developing - Count forwards and backwards in steps of 10, 100, 1000, 10000 up to 100,000. Standard sequences (5 numbers) with random gap position."",""math"":{""range"":{""min"":0,""max"":100000},""sequence"":{""steps"":[10,100,1000,10000],""length"":5,""directions"":[""forwards"",""backwards""],""startStrategy"":""any""}},""presentation"":{""gaps"":{""position"":""random"",""count"":1},""visualType"":""sequence""}}"
q_1764328650324_88,N01_Y5_NPV,2,Number and Place Value,Counting (in multiples),5,text_input,"What is the missing number? 11161, 12161, 13161, 14161, __",15161,The pattern counts forwards in thousands,,"{""description"":""Developing - Count forwards and backwards in steps of 10, 100, 1000, 10000 up to 100,000. Standard sequences (5 numbers) with random gap position."",""math"":{""range"":{""min"":0,""max"":100000},""sequence"":{""steps"":[10,100,1000,10000],""length"":5,""directions"":[""forwards"",""backwards""],""startStrategy"":""any""}},""presentation"":{""gaps"":{""position"":""random"",""count"":1},""visualType"":""sequence""}}"
q_1764328650324_89,N01_Y5_NPV,2,Number and Place Value,Counting (in multiples),5,text_input,"What is the missing number? 4640, 3640, 2640, __, 640",1640,The pattern counts backwards in thousands,,"{""description"":""Developing - Count forwards and backwards in steps of 10, 100, 1000, 10000 up to 100,000. Standard sequences (5 numbers) with random gap position."",""math"":{""range"":{""min"":0,""max"":100000},""sequence"":{""steps"":[10,100,1000,10000],""length"":5,""directions"":[""forwards"",""backwards""],""startStrategy"":""any""}},""presentation"":{""gaps"":{""position"":""random"",""count"":1},""visualType"":""sequence""}}"
q_1764328650324_90,N01_Y5_NPV,3,Number and Place Value,Counting (in multiples),5,text_input,"What is the missing number? 386302, 386301, 386300, 386299, __",386298,The pattern counts backwards in 1s,,"{""description"":""Meeting - Full curriculum: count forwards and backwards in steps of powers of 10 (1, 10, 100, 1000, 10000, 100000) up to 1,000,000. Standard sequences (5 numbers)."",""math"":{""range"":{""min"":0,""max"":1000000},""sequence"":{""steps"":[1,10,100,1000,10000,100000],""length"":5,""directions"":[""forwards"",""backwards""],""startStrategy"":""any""}},""presentation"":{""gaps"":{""position"":""random"",""count"":1},""visualType"":""sequence""}}"
q_1764328650324_91,N01_Y5_NPV,3,Number and Place Value,Counting (in multiples),5,text_input,"What is the missing number? 986993, 985993, __, 983993, 982993",984993,The pattern counts backwards in thousands,,"{""description"":""Meeting - Full curriculum: count forwards and backwards in steps of powers of 10 (1, 10, 100, 1000, 10000, 100000) up to 1,000,000. Standard sequences (5 numbers)."",""math"":{""range"":{""min"":0,""max"":1000000},""sequence"":{""steps"":[1,10,100,1000,10000,100000],""length"":5,""directions"":[""forwards"",""backwards""],""startStrategy"":""any""}},""presentation"":{""gaps"":{""position"":""random"",""count"":1},""visualType"":""sequence""}}"
q_1764328650324_92,N01_Y5_NPV,3,Number and Place Value,Counting (in multiples),5,text_input,"What is the missing number? 919815, 909815, 899815, 889815, __",879815,The pattern counts backwards in 10 thousands,,"{""description"":""Meeting - Full curriculum: count forwards and backwards in steps of powers of 10 (1, 10, 100, 1000, 10000, 100000) up to 1,000,000. Standard sequences (5 numbers)."",""math"":{""range"":{""min"":0,""max"":1000000},""sequence"":{""steps"":[1,10,100,1000,10000,100000],""length"":5,""directions"":[""forwards"",""backwards""],""startStrategy"":""any""}},""presentation"":{""gaps"":{""position"":""random"",""count"":1},""visualType"":""sequence""}}"
q_1764328650324_93,N01_Y5_NPV,3,Number and Place Value,Counting (in multiples),5,text_input,"What is the missing number? 349424, __, 349426, 349427, 349428",349425,The pattern counts forwards in 1s,,"{""description"":""Meeting - Full curriculum: count forwards and backwards in steps of powers of 10 (1, 10, 100, 1000, 10000, 100000) up to 1,000,000. Standard sequences (5 numbers)."",""math"":{""range"":{""min"":0,""max"":1000000},""sequence"":{""steps"":[1,10,100,1000,10000,100000],""length"":5,""directions"":[""forwards"",""backwards""],""startStrategy"":""any""}},""presentation"":{""gaps"":{""position"":""random"",""count"":1},""visualType"":""sequence""}}"
q_1764328650324_94,N01_Y5_NPV,3,Number and Place Value,Counting (in multiples),5,text_input,"What is the missing number? 782044, 772044, 762044, 752044, __",742044,The pattern counts backwards in 10 thousands,,"{""description"":""Meeting - Full curriculum: count forwards and backwards in steps of powers of 10 (1, 10, 100, 1000, 10000, 100000) up to 1,000,000. Standard sequences (5 numbers)."",""math"":{""range"":{""min"":0,""max"":1000000},""sequence"":{""steps"":[1,10,100,1000,10000,100000],""length"":5,""directions"":[""forwards"",""backwards""],""startStrategy"":""any""}},""presentation"":{""gaps"":{""position"":""random"",""count"":1},""visualType"":""sequence""}}"
q_1764328650324_95,N01_Y5_NPV,4,Number and Place Value,Counting (in multiples),5,fill_blanks,"What are the missing numbers? 538892, __, __, 538592, 538492, 538392","538792, 538692",The pattern counts backwards in hundreds,,"{""description"":""Exceeding - Extended sequences (6 numbers) with multiple gaps (2 missing) in all powers of 10 up to 1,000,000."",""math"":{""range"":{""min"":0,""max"":1000000},""sequence"":{""steps"":[1,10,100,1000,10000,100000],""length"":6,""directions"":[""forwards"",""backwards""],""startStrategy"":""any""}},""presentation"":{""gaps"":{""position"":""random"",""count"":2},""visualType"":""sequence""}}"
q_1764328650324_96,N01_Y5_NPV,4,Number and Place Value,Counting (in multiples),5,fill_blanks,"What are the missing numbers? 868385, 878385, 888385, __, 908385, __","898385, 918385",The pattern counts forwards in 10 thousands,,"{""description"":""Exceeding - Extended sequences (6 numbers) with multiple gaps (2 missing) in all powers of 10 up to 1,000,000."",""math"":{""range"":{""min"":0,""max"":1000000},""sequence"":{""steps"":[1,10,100,1000,10000,100000],""length"":6,""directions"":[""forwards"",""backwards""],""startStrategy"":""any""}},""presentation"":{""gaps"":{""position"":""random"",""count"":2},""visualType"":""sequence""}}"
q_1764328650324_97,N01_Y5_NPV,4,Number and Place Value,Counting (in multiples),5,fill_blanks,"What are the missing numbers? 251602, 251502, __, 251302, __, 251102","251402, 251202",The pattern counts backwards in hundreds,,"{""description"":""Exceeding - Extended sequences (6 numbers) with multiple gaps (2 missing) in all powers of 10 up to 1,000,000."",""math"":{""range"":{""min"":0,""max"":1000000},""sequence"":{""steps"":[1,10,100,1000,10000,100000],""length"":6,""directions"":[""forwards"",""backwards""],""startStrategy"":""any""}},""presentation"":{""gaps"":{""position"":""random"",""count"":2},""visualType"":""sequence""}}"
q_1764328650324_98,N01_Y5_NPV,4,Number and Place Value,Counting (in multiples),5,fill_blanks,"What are the missing numbers? 378187, __, 378185, 378184, 378183, __","378186, 378182",The pattern counts backwards in 1s,,"{""description"":""Exceeding - Extended sequences (6 numbers) with multiple gaps (2 missing) in all powers of 10 up to 1,000,000."",""math"":{""range"":{""min"":0,""max"":1000000},""sequence"":{""steps"":[1,10,100,1000,10000,100000],""length"":6,""directions"":[""forwards"",""backwards""],""startStrategy"":""any""}},""presentation"":{""gaps"":{""position"":""random"",""count"":2},""visualType"":""sequence""}}"
q_1764328650324_99,N01_Y5_NPV,4,Number and Place Value,Counting (in multiples),5,fill_blanks,"What are the missing numbers? 660784, __, 660782, 660781, 660780, __","660783, 660779",The pattern counts backwards in 1s,,"{""description"":""Exceeding - Extended sequences (6 numbers) with multiple gaps (2 missing) in all powers of 10 up to 1,000,000."",""math"":{""range"":{""min"":0,""max"":1000000},""sequence"":{""steps"":[1,10,100,1000,10000,100000],""length"":6,""directions"":[""forwards"",""backwards""],""startStrategy"":""any""}},""presentation"":{""gaps"":{""position"":""random"",""count"":2},""visualType"":""sequence""}}"
q_1764328650325_100,F01_Y1_FRAC,1,"Fractions, decimals and percentages","recognise, find, write, name and count fractions",1,text_input,What fraction of the shape is shaded?,1/2,1 out of 2 equal parts are shaded. This is one half.,,"{""description"":""Beginning - 1/2 only, small quantities (2, 4, 6, 8), heavy visual support with simple shapes"",""math"":{""fractions"":{""options"":{""values"":[{""numerator"":1,""denominator"":2}],""select"":""one""}},""quantity"":{""range"":{""min"":2,""max"":8}},""divisibilityRequired"":true},""presentation"":{""questionTypes"":{""options"":{""values"":[""name_fraction"",""find_fraction""],""select"":""one""}},""visualType"":""shapes"",""contexts"":[""shapes"",""simple_objects""],""showVisual"":true}}"
q_1764328650325_101,F01_Y1_FRAC,1,"Fractions, decimals and percentages","recognise, find, write, name and count fractions",1,text_input,What fraction of the shape is shaded?,1/2,1 out of 2 equal parts are shaded. This is one half.,,"{""description"":""Beginning - 1/2 only, small quantities (2, 4, 6, 8), heavy visual support with simple shapes"",""math"":{""fractions"":{""options"":{""values"":[{""numerator"":1,""denominator"":2}],""select"":""one""}},""quantity"":{""range"":{""min"":2,""max"":8}},""divisibilityRequired"":true},""presentation"":{""questionTypes"":{""options"":{""values"":[""name_fraction"",""find_fraction""],""select"":""one""}},""visualType"":""shapes"",""contexts"":[""shapes"",""simple_objects""],""showVisual"":true}}"
q_1764328650325_102,F01_Y1_FRAC,1,"Fractions, decimals and percentages","recognise, find, write, name and count fractions",1,text_input,What fraction of the shape is shaded?,1/2,1 out of 2 equal parts are shaded. This is one half.,,"{""description"":""Beginning - 1/2 only, small quantities (2, 4, 6, 8), heavy visual support with simple shapes"",""math"":{""fractions"":{""options"":{""values"":[{""numerator"":1,""denominator"":2}],""select"":""one""}},""quantity"":{""range"":{""min"":2,""max"":8}},""divisibilityRequired"":true},""presentation"":{""questionTypes"":{""options"":{""values"":[""name_fraction"",""find_fraction""],""select"":""one""}},""visualType"":""shapes"",""contexts"":[""shapes"",""simple_objects""],""showVisual"":true}}"
q_1764328650325_103,F01_Y1_FRAC,1,"Fractions, decimals and percentages","recognise, find, write, name and count fractions",1,text_input,What fraction of the shape is shaded?,1/2,1 out of 2 equal parts are shaded. This is one half.,,"{""description"":""Beginning - 1/2 only, small quantities (2, 4, 6, 8), heavy visual support with simple shapes"",""math"":{""fractions"":{""options"":{""values"":[{""numerator"":1,""denominator"":2}],""select"":""one""}},""quantity"":{""range"":{""min"":2,""max"":8}},""divisibilityRequired"":true},""presentation"":{""questionTypes"":{""options"":{""values"":[""name_fraction"",""find_fraction""],""select"":""one""}},""visualType"":""shapes"",""contexts"":[""shapes"",""simple_objects""],""showVisual"":true}}"
q_1764328650325_104,F01_Y1_FRAC,1,"Fractions, decimals and percentages","recognise, find, write, name and count fractions",1,text_input,What fraction of the shape is shaded?,1/2,1 out of 2 equal parts are shaded. This is one half.,,"{""description"":""Beginning - 1/2 only, small quantities (2, 4, 6, 8), heavy visual support with simple shapes"",""math"":{""fractions"":{""options"":{""values"":[{""numerator"":1,""denominator"":2}],""select"":""one""}},""quantity"":{""range"":{""min"":2,""max"":8}},""divisibilityRequired"":true},""presentation"":{""questionTypes"":{""options"":{""values"":[""name_fraction"",""find_fraction""],""select"":""one""}},""visualType"":""shapes"",""contexts"":[""shapes"",""simple_objects""],""showVisual"":true}}"
q_1764328650325_105,F01_Y1_FRAC,2,"Fractions, decimals and percentages","recognise, find, write, name and count fractions",1,text_input,What is one half of 4 cubes?,2,Split the 4 cubes into 2 equal groups. How many are in one group?,,"{""description"":""Developing - Introduce 1/4, quantities up to 8, maintain visual support"",""math"":{""fractions"":{""options"":{""values"":[{""numerator"":1,""denominator"":2},{""numerator"":1,""denominator"":4}],""select"":""one""}},""quantity"":{""range"":{""min"":2,""max"":8}},""divisibilityRequired"":true},""presentation"":{""questionTypes"":{""options"":{""values"":[""name_fraction"",""find_fraction""],""select"":""one""}},""visualType"":""shapes"",""contexts"":[""shapes"",""simple_objects""],""showVisual"":true}}"
q_1764328650325_106,F01_Y1_FRAC,2,"Fractions, decimals and percentages","recognise, find, write, name and count fractions",1,text_input,What fraction of the shape is shaded?,1/4,1 out of 4 equal parts are shaded. This is one quarter.,,"{""description"":""Developing - Introduce 1/4, quantities up to 8, maintain visual support"",""math"":{""fractions"":{""options"":{""values"":[{""numerator"":1,""denominator"":2},{""numerator"":1,""denominator"":4}],""select"":""one""}},""quantity"":{""range"":{""min"":2,""max"":8}},""divisibilityRequired"":true},""presentation"":{""questionTypes"":{""options"":{""values"":[""name_fraction"",""find_fraction""],""select"":""one""}},""visualType"":""shapes"",""contexts"":[""shapes"",""simple_objects""],""showVisual"":true}}"
q_1764328650325_107,F01_Y1_FRAC,2,"Fractions, decimals and percentages","recognise, find, write, name and count fractions",1,text_input,What fraction of the shape is shaded?,1/2,1 out of 2 equal parts are shaded. This is one half.,,"{""description"":""Developing - Introduce 1/4, quantities up to 8, maintain visual support"",""math"":{""fractions"":{""options"":{""values"":[{""numerator"":1,""denominator"":2},{""numerator"":1,""denominator"":4}],""select"":""one""}},""quantity"":{""range"":{""min"":2,""max"":8}},""divisibilityRequired"":true},""presentation"":{""questionTypes"":{""options"":{""values"":[""name_fraction"",""find_fraction""],""select"":""one""}},""visualType"":""shapes"",""contexts"":[""shapes"",""simple_objects""],""showVisual"":true}}"
q_1764328650325_108,F01_Y1_FRAC,2,"Fractions, decimals and percentages","recognise, find, write, name and count fractions",1,text_input,What is one quarter of 4 balls?,1,Split the 4 balls into 4 equal groups. How many are in one group?,,"{""description"":""Developing - Introduce 1/4, quantities up to 8, maintain visual support"",""math"":{""fractions"":{""options"":{""values"":[{""numerator"":1,""denominator"":2},{""numerator"":1,""denominator"":4}],""select"":""one""}},""quantity"":{""range"":{""min"":2,""max"":8}},""divisibilityRequired"":true},""presentation"":{""questionTypes"":{""options"":{""values"":[""name_fraction"",""find_fraction""],""select"":""one""}},""visualType"":""shapes"",""contexts"":[""shapes"",""simple_objects""],""showVisual"":true}}"
q_1764328650325_109,F01_Y1_FRAC,2,"Fractions, decimals and percentages","recognise, find, write, name and count fractions",1,text_input,What is one half of 8 apples?,4,Split the 8 apples into 2 equal groups. How many are in one group?,,"{""description"":""Developing - Introduce 1/4, quantities up to 8, maintain visual support"",""math"":{""fractions"":{""options"":{""values"":[{""numerator"":1,""denominator"":2},{""numerator"":1,""denominator"":4}],""select"":""one""}},""quantity"":{""range"":{""min"":2,""max"":8}},""divisibilityRequired"":true},""presentation"":{""questionTypes"":{""options"":{""values"":[""name_fraction"",""find_fraction""],""select"":""one""}},""visualType"":""shapes"",""contexts"":[""shapes"",""simple_objects""],""showVisual"":true}}"
q_1764328650325_110,F01_Y1_FRAC,3,"Fractions, decimals and percentages","recognise, find, write, name and count fractions",1,multiple_choice,Which shape shows one quarter?,1,Look for 1 out of 4 equal parts shaded.,"[""1"",""2"",""3""]","{""description"":""Meeting Curriculum - 1/2 and 1/4, quantities up to 12, mix of shapes and objects, recognise and name"",""math"":{""fractions"":{""options"":{""values"":[{""numerator"":1,""denominator"":2},{""numerator"":1,""denominator"":4}],""select"":""one""}},""quantity"":{""range"":{""min"":2,""max"":12}},""divisibilityRequired"":true},""presentation"":{""questionTypes"":{""options"":{""values"":[""name_fraction"",""find_fraction"",""recognise_fraction""],""select"":""one""}},""visualType"":""mixed"",""contexts"":[""shapes"",""objects"",""quantities""],""showVisual"":true}}"
q_1764328650325_111,F01_Y1_FRAC,3,"Fractions, decimals and percentages","recognise, find, write, name and count fractions",1,text_input,What fraction of the shape is shaded?,1/2,1 out of 2 equal parts are shaded. This is one half.,,"{""description"":""Meeting Curriculum - 1/2 and 1/4, quantities up to 12, mix of shapes and objects, recognise and name"",""math"":{""fractions"":{""options"":{""values"":[{""numerator"":1,""denominator"":2},{""numerator"":1,""denominator"":4}],""select"":""one""}},""quantity"":{""range"":{""min"":2,""max"":12}},""divisibilityRequired"":true},""presentation"":{""questionTypes"":{""options"":{""values"":[""name_fraction"",""find_fraction"",""recognise_fraction""],""select"":""one""}},""visualType"":""mixed"",""contexts"":[""shapes"",""objects"",""quantities""],""showVisual"":true}}"
q_1764328650325_112,F01_Y1_FRAC,3,"Fractions, decimals and percentages","recognise, find, write, name and count fractions",1,text_input,What is one half of 10 stars?,5,Split the 10 stars into 2 equal groups. How many are in one group?,,"{""description"":""Meeting Curriculum - 1/2 and 1/4, quantities up to 12, mix of shapes and objects, recognise and name"",""math"":{""fractions"":{""options"":{""values"":[{""numerator"":1,""denominator"":2},{""numerator"":1,""denominator"":4}],""select"":""one""}},""quantity"":{""range"":{""min"":2,""max"":12}},""divisibilityRequired"":true},""presentation"":{""questionTypes"":{""options"":{""values"":[""name_fraction"",""find_fraction"",""recognise_fraction""],""select"":""one""}},""visualType"":""mixed"",""contexts"":[""shapes"",""objects"",""quantities""],""showVisual"":true}}"
q_1764328650325_113,F01_Y1_FRAC,3,"Fractions, decimals and percentages","recognise, find, write, name and count fractions",1,text_input,What fraction of the shape is shaded?,1/4,1 out of 4 equal parts are shaded. This is one quarter.,,"{""description"":""Meeting Curriculum - 1/2 and 1/4, quantities up to 12, mix of shapes and objects, recognise and name"",""math"":{""fractions"":{""options"":{""values"":[{""numerator"":1,""denominator"":2},{""numerator"":1,""denominator"":4}],""select"":""one""}},""quantity"":{""range"":{""min"":2,""max"":12}},""divisibilityRequired"":true},""presentation"":{""questionTypes"":{""options"":{""values"":[""name_fraction"",""find_fraction"",""recognise_fraction""],""select"":""one""}},""visualType"":""mixed"",""contexts"":[""shapes"",""objects"",""quantities""],""showVisual"":true}}"
q_1764328650325_114,F01_Y1_FRAC,3,"Fractions, decimals and percentages","recognise, find, write, name and count fractions",1,multiple_choice,Which shape shows one half?,1,Look for 1 out of 2 equal parts shaded.,"[""1"",""2"",""3""]","{""description"":""Meeting Curriculum - 1/2 and 1/4, quantities up to 12, mix of shapes and objects, recognise and name"",""math"":{""fractions"":{""options"":{""values"":[{""numerator"":1,""denominator"":2},{""numerator"":1,""denominator"":4}],""select"":""one""}},""quantity"":{""range"":{""min"":2,""max"":12}},""divisibilityRequired"":true},""presentation"":{""questionTypes"":{""options"":{""values"":[""name_fraction"",""find_fraction"",""recognise_fraction""],""select"":""one""}},""visualType"":""mixed"",""contexts"":[""shapes"",""objects"",""quantities""],""showVisual"":true}}"
q_1764328650325_115,F01_Y1_FRAC,4,"Fractions, decimals and percentages","recognise, find, write, name and count fractions",1,text_input,What fraction of the shape is shaded?,1/4,1 out of 4 equal parts are shaded. This is one quarter.,,"{""description"":""Exceeding - 1/2 and 1/4 with larger quantities (up to 12), less visual scaffolding, more abstract reasoning"",""math"":{""fractions"":{""options"":{""values"":[{""numerator"":1,""denominator"":2},{""numerator"":1,""denominator"":4}],""select"":""one""}},""quantity"":{""range"":{""min"":4,""max"":12}},""divisibilityRequired"":true},""presentation"":{""questionTypes"":{""options"":{""values"":[""name_fraction"",""find_fraction"",""recognise_fraction""],""select"":""one""}},""visualType"":""minimal"",""contexts"":[""shapes"",""objects"",""quantities"",""sets""],""showVisual"":false}}"
q_1764328650325_116,F01_Y1_FRAC,4,"Fractions, decimals and percentages","recognise, find, write, name and count fractions",1,text_input,What fraction of the shape is shaded?,1/2,1 out of 2 equal parts are shaded. This is one half.,,"{""description"":""Exceeding - 1/2 and 1/4 with larger quantities (up to 12), less visual scaffolding, more abstract reasoning"",""math"":{""fractions"":{""options"":{""values"":[{""numerator"":1,""denominator"":2},{""numerator"":1,""denominator"":4}],""select"":""one""}},""quantity"":{""range"":{""min"":4,""max"":12}},""divisibilityRequired"":true},""presentation"":{""questionTypes"":{""options"":{""values"":[""name_fraction"",""find_fraction"",""recognise_fraction""],""select"":""one""}},""visualType"":""minimal"",""contexts"":[""shapes"",""objects"",""quantities"",""sets""],""showVisual"":false}}"
q_1764328650325_117,F01_Y1_FRAC,4,"Fractions, decimals and percentages","recognise, find, write, name and count fractions",1,multiple_choice,Which shape shows one half?,2,Look for 1 out of 2 equal parts shaded.,"[""1"",""2"",""3""]","{""description"":""Exceeding - 1/2 and 1/4 with larger quantities (up to 12), less visual scaffolding, more abstract reasoning"",""math"":{""fractions"":{""options"":{""values"":[{""numerator"":1,""denominator"":2},{""numerator"":1,""denominator"":4}],""select"":""one""}},""quantity"":{""range"":{""min"":4,""max"":12}},""divisibilityRequired"":true},""presentation"":{""questionTypes"":{""options"":{""values"":[""name_fraction"",""find_fraction"",""recognise_fraction""],""select"":""one""}},""visualType"":""minimal"",""contexts"":[""shapes"",""objects"",""quantities"",""sets""],""showVisual"":false}}"
q_1764328650325_118,F01_Y1_FRAC,4,"Fractions, decimals and percentages","recognise, find, write, name and count fractions",1,text_input,What fraction of the shape is shaded?,1/4,1 out of 4 equal parts are shaded. This is one quarter.,,"{""description"":""Exceeding - 1/2 and 1/4 with larger quantities (up to 12), less visual scaffolding, more abstract reasoning"",""math"":{""fractions"":{""options"":{""values"":[{""numerator"":1,""denominator"":2},{""numerator"":1,""denominator"":4}],""select"":""one""}},""quantity"":{""range"":{""min"":4,""max"":12}},""divisibilityRequired"":true},""presentation"":{""questionTypes"":{""options"":{""values"":[""name_fraction"",""find_fraction"",""recognise_fraction""],""select"":""one""}},""visualType"":""minimal"",""contexts"":[""shapes"",""objects"",""quantities"",""sets""],""showVisual"":false}}"
q_1764328650325_119,F01_Y1_FRAC,4,"Fractions, decimals and percentages","recognise, find, write, name and count fractions",1,text_input,What fraction of the shape is shaded?,1/4,1 out of 4 equal parts are shaded. This is one quarter.,,"{""description"":""Exceeding - 1/2 and 1/4 with larger quantities (up to 12), less visual scaffolding, more abstract reasoning"",""math"":{""fractions"":{""options"":{""values"":[{""numerator"":1,""denominator"":2},{""numerator"":1,""denominator"":4}],""select"":""one""}},""quantity"":{""range"":{""min"":4,""max"":12}},""divisibilityRequired"":true},""presentation"":{""questionTypes"":{""options"":{""values"":[""name_fraction"",""find_fraction"",""recognise_fraction""],""select"":""one""}},""visualType"":""minimal"",""contexts"":[""shapes"",""objects"",""quantities"",""sets""],""showVisual"":false}}"
q_1764328650325_120,F01_Y2_FRAC,1,"Fractions, decimals and percentages","recognise, find, write, name and count fractions",2,text_input,What is 1/4 of 4?,1,Divide 4 by 4,,"{""description"":""Beginning - 1/2 and 1/4 only, quantities divisible by 2 and 4 (up to 12), visual support with shapes"",""math"":{""fractions"":{""options"":{""values"":[{""numerator"":1,""denominator"":2},{""numerator"":1,""denominator"":4}],""select"":""one""}},""quantity"":{""range"":{""min"":2,""max"":12}},""divisibilityRequired"":true},""presentation"":{""questionTypes"":{""options"":{""values"":[""find_fraction"",""write_fraction""],""select"":""one""}},""visualType"":""shapes"",""contexts"":[""shapes"",""objects""]}}"
q_1764328650325_121,F01_Y2_FRAC,1,"Fractions, decimals and percentages","recognise, find, write, name and count fractions",2,text_input,What is 1/2 of 8?,4,Divide 8 by 2,,"{""description"":""Beginning - 1/2 and 1/4 only, quantities divisible by 2 and 4 (up to 12), visual support with shapes"",""math"":{""fractions"":{""options"":{""values"":[{""numerator"":1,""denominator"":2},{""numerator"":1,""denominator"":4}],""select"":""one""}},""quantity"":{""range"":{""min"":2,""max"":12}},""divisibilityRequired"":true},""presentation"":{""questionTypes"":{""options"":{""values"":[""find_fraction"",""write_fraction""],""select"":""one""}},""visualType"":""shapes"",""contexts"":[""shapes"",""objects""]}}"
q_1764328650325_122,F01_Y2_FRAC,1,"Fractions, decimals and percentages","recognise, find, write, name and count fractions",2,text_input,Write the fraction: one quarter,1/4,one quarter means 1 out of 4 equal parts,,"{""description"":""Beginning - 1/2 and 1/4 only, quantities divisible by 2 and 4 (up to 12), visual support with shapes"",""math"":{""fractions"":{""options"":{""values"":[{""numerator"":1,""denominator"":2},{""numerator"":1,""denominator"":4}],""select"":""one""}},""quantity"":{""range"":{""min"":2,""max"":12}},""divisibilityRequired"":true},""presentation"":{""questionTypes"":{""options"":{""values"":[""find_fraction"",""write_fraction""],""select"":""one""}},""visualType"":""shapes"",""contexts"":[""shapes"",""objects""]}}"
q_1764328650325_123,F01_Y2_FRAC,1,"Fractions, decimals and percentages","recognise, find, write, name and count fractions",2,text_input,Write the fraction: one quarter,1/4,one quarter means 1 out of 4 equal parts,,"{""description"":""Beginning - 1/2 and 1/4 only, quantities divisible by 2 and 4 (up to 12), visual support with shapes"",""math"":{""fractions"":{""options"":{""values"":[{""numerator"":1,""denominator"":2},{""numerator"":1,""denominator"":4}],""select"":""one""}},""quantity"":{""range"":{""min"":2,""max"":12}},""divisibilityRequired"":true},""presentation"":{""questionTypes"":{""options"":{""values"":[""find_fraction"",""write_fraction""],""select"":""one""}},""visualType"":""shapes"",""contexts"":[""shapes"",""objects""]}}"
q_1764328650326_124,F01_Y2_FRAC,1,"Fractions, decimals and percentages","recognise, find, write, name and count fractions",2,text_input,What is 1/4 of 4?,1,Divide 4 by 4,,"{""description"":""Beginning - 1/2 and 1/4 only, quantities divisible by 2 and 4 (up to 12), visual support with shapes"",""math"":{""fractions"":{""options"":{""values"":[{""numerator"":1,""denominator"":2},{""numerator"":1,""denominator"":4}],""select"":""one""}},""quantity"":{""range"":{""min"":2,""max"":12}},""divisibilityRequired"":true},""presentation"":{""questionTypes"":{""options"":{""values"":[""find_fraction"",""write_fraction""],""select"":""one""}},""visualType"":""shapes"",""contexts"":[""shapes"",""objects""]}}"
q_1764328650326_125,F01_Y2_FRAC,2,"Fractions, decimals and percentages","recognise, find, write, name and count fractions",2,text_input,What is 2/4 of 12?,6,"Divide 12 by 4, then multiply by 2",,"{""description"":""Developing - Add 1/3 and 2/4, quantities divisible by 2, 3, and 4 (up to 15), introduce naming fractions"",""math"":{""fractions"":{""options"":{""values"":[{""numerator"":1,""denominator"":2},{""numerator"":1,""denominator"":3},{""numerator"":1,""denominator"":4},{""numerator"":2,""denominator"":4}],""select"":""one""}},""quantity"":{""range"":{""min"":2,""max"":15}},""divisibilityRequired"":true},""presentation"":{""questionTypes"":{""options"":{""values"":[""find_fraction"",""write_fraction"",""name_fraction""],""select"":""one""}},""visualType"":""mixed"",""contexts"":[""shapes"",""objects"",""sets""]}}"
q_1764328650326_126,F01_Y2_FRAC,2,"Fractions, decimals and percentages","recognise, find, write, name and count fractions",2,text_input,What fraction of the shape is shaded?,1/3,1 out of 3 parts are shaded,,"{""description"":""Developing - Add 1/3 and 2/4, quantities divisible by 2, 3, and 4 (up to 15), introduce naming fractions"",""math"":{""fractions"":{""options"":{""values"":[{""numerator"":1,""denominator"":2},{""numerator"":1,""denominator"":3},{""numerator"":1,""denominator"":4},{""numerator"":2,""denominator"":4}],""select"":""one""}},""quantity"":{""range"":{""min"":2,""max"":15}},""divisibilityRequired"":true},""presentation"":{""questionTypes"":{""options"":{""values"":[""find_fraction"",""write_fraction"",""name_fraction""],""select"":""one""}},""visualType"":""mixed"",""contexts"":[""shapes"",""objects"",""sets""]}}"
q_1764328650326_127,F01_Y2_FRAC,2,"Fractions, decimals and percentages","recognise, find, write, name and count fractions",2,text_input,What is 1/2 of 14?,7,Divide 14 by 2,,"{""description"":""Developing - Add 1/3 and 2/4, quantities divisible by 2, 3, and 4 (up to 15), introduce naming fractions"",""math"":{""fractions"":{""options"":{""values"":[{""numerator"":1,""denominator"":2},{""numerator"":1,""denominator"":3},{""numerator"":1,""denominator"":4},{""numerator"":2,""denominator"":4}],""select"":""one""}},""quantity"":{""range"":{""min"":2,""max"":15}},""divisibilityRequired"":true},""presentation"":{""questionTypes"":{""options"":{""values"":[""find_fraction"",""write_fraction"",""name_fraction""],""select"":""one""}},""visualType"":""mixed"",""contexts"":[""shapes"",""objects"",""sets""]}}"
q_1764328650326_128,F01_Y2_FRAC,2,"Fractions, decimals and percentages","recognise, find, write, name and count fractions",2,text_input,What is 1/2 of 2?,1,Divide 2 by 2,,"{""description"":""Developing - Add 1/3 and 2/4, quantities divisible by 2, 3, and 4 (up to 15), introduce naming fractions"",""math"":{""fractions"":{""options"":{""values"":[{""numerator"":1,""denominator"":2},{""numerator"":1,""denominator"":3},{""numerator"":1,""denominator"":4},{""numerator"":2,""denominator"":4}],""select"":""one""}},""quantity"":{""range"":{""min"":2,""max"":15}},""divisibilityRequired"":true},""presentation"":{""questionTypes"":{""options"":{""values"":[""find_fraction"",""write_fraction"",""name_fraction""],""select"":""one""}},""visualType"":""mixed"",""contexts"":[""shapes"",""objects"",""sets""]}}"
q_1764328650326_129,F01_Y2_FRAC,2,"Fractions, decimals and percentages","recognise, find, write, name and count fractions",2,text_input,Write the fraction: one half,1/2,one half means 1 out of 2 equal parts,,"{""description"":""Developing - Add 1/3 and 2/4, quantities divisible by 2, 3, and 4 (up to 15), introduce naming fractions"",""math"":{""fractions"":{""options"":{""values"":[{""numerator"":1,""denominator"":2},{""numerator"":1,""denominator"":3},{""numerator"":1,""denominator"":4},{""numerator"":2,""denominator"":4}],""select"":""one""}},""quantity"":{""range"":{""min"":2,""max"":15}},""divisibilityRequired"":true},""presentation"":{""questionTypes"":{""options"":{""values"":[""find_fraction"",""write_fraction"",""name_fraction""],""select"":""one""}},""visualType"":""mixed"",""contexts"":[""shapes"",""objects"",""sets""]}}"
q_1764328650326_130,F01_Y2_FRAC,3,"Fractions, decimals and percentages","recognise, find, write, name and count fractions",2,text_input,What is 1/4 of 8?,2,Divide 8 by 4,,"{""description"":""Meeting - Include 3/4, full range of fractions, quantities up to 20, all question types"",""math"":{""fractions"":{""options"":{""values"":[{""numerator"":1,""denominator"":2},{""numerator"":1,""denominator"":3},{""numerator"":1,""denominator"":4},{""numerator"":2,""denominator"":4},{""numerator"":3,""denominator"":4}],""select"":""one""}},""quantity"":{""range"":{""min"":2,""max"":20}},""divisibilityRequired"":true},""presentation"":{""questionTypes"":{""options"":{""values"":[""find_fraction"",""write_fraction"",""name_fraction"",""equation""],""select"":""one""}},""visualType"":""mixed"",""contexts"":[""shapes"",""objects"",""sets"",""quantities""]}}"
q_1764328650326_131,F01_Y2_FRAC,3,"Fractions, decimals and percentages","recognise, find, write, name and count fractions",2,text_input,1/2 of 10 = ?,5,Find 1/2 of 10,,"{""description"":""Meeting - Include 3/4, full range of fractions, quantities up to 20, all question types"",""math"":{""fractions"":{""options"":{""values"":[{""numerator"":1,""denominator"":2},{""numerator"":1,""denominator"":3},{""numerator"":1,""denominator"":4},{""numerator"":2,""denominator"":4},{""numerator"":3,""denominator"":4}],""select"":""one""}},""quantity"":{""range"":{""min"":2,""max"":20}},""divisibilityRequired"":true},""presentation"":{""questionTypes"":{""options"":{""values"":[""find_fraction"",""write_fraction"",""name_fraction"",""equation""],""select"":""one""}},""visualType"":""mixed"",""contexts"":[""shapes"",""objects"",""sets"",""quantities""]}}"
q_1764328650326_132,F01_Y2_FRAC,3,"Fractions, decimals and percentages","recognise, find, write, name and count fractions",2,text_input,Write the fraction: one half,1/2,one half means 1 out of 2 equal parts,,"{""description"":""Meeting - Include 3/4, full range of fractions, quantities up to 20, all question types"",""math"":{""fractions"":{""options"":{""values"":[{""numerator"":1,""denominator"":2},{""numerator"":1,""denominator"":3},{""numerator"":1,""denominator"":4},{""numerator"":2,""denominator"":4},{""numerator"":3,""denominator"":4}],""select"":""one""}},""quantity"":{""range"":{""min"":2,""max"":20}},""divisibilityRequired"":true},""presentation"":{""questionTypes"":{""options"":{""values"":[""find_fraction"",""write_fraction"",""name_fraction"",""equation""],""select"":""one""}},""visualType"":""mixed"",""contexts"":[""shapes"",""objects"",""sets"",""quantities""]}}"
q_1764328650326_133,F01_Y2_FRAC,3,"Fractions, decimals and percentages","recognise, find, write, name and count fractions",2,text_input,2/4 of 8 = ?,4,Find 2/4 of 8,,"{""description"":""Meeting - Include 3/4, full range of fractions, quantities up to 20, all question types"",""math"":{""fractions"":{""options"":{""values"":[{""numerator"":1,""denominator"":2},{""numerator"":1,""denominator"":3},{""numerator"":1,""denominator"":4},{""numerator"":2,""denominator"":4},{""numerator"":3,""denominator"":4}],""select"":""one""}},""quantity"":{""range"":{""min"":2,""max"":20}},""divisibilityRequired"":true},""presentation"":{""questionTypes"":{""options"":{""values"":[""find_fraction"",""write_fraction"",""name_fraction"",""equation""],""select"":""one""}},""visualType"":""mixed"",""contexts"":[""shapes"",""objects"",""sets"",""quantities""]}}"
q_1764328650326_134,F01_Y2_FRAC,3,"Fractions, decimals and percentages","recognise, find, write, name and count fractions",2,text_input,2/4 of 8 = ?,4,Find 2/4 of 8,,"{""description"":""Meeting - Include 3/4, full range of fractions, quantities up to 20, all question types"",""math"":{""fractions"":{""options"":{""values"":[{""numerator"":1,""denominator"":2},{""numerator"":1,""denominator"":3},{""numerator"":1,""denominator"":4},{""numerator"":2,""denominator"":4},{""numerator"":3,""denominator"":4}],""select"":""one""}},""quantity"":{""range"":{""min"":2,""max"":20}},""divisibilityRequired"":true},""presentation"":{""questionTypes"":{""options"":{""values"":[""find_fraction"",""write_fraction"",""name_fraction"",""equation""],""select"":""one""}},""visualType"":""mixed"",""contexts"":[""shapes"",""objects"",""sets"",""quantities""]}}"
q_1764328650326_135,F01_Y2_FRAC,4,"Fractions, decimals and percentages","recognise, find, write, name and count fractions",2,text_input,20 children are playing. Half of them are girls. How many girls are there?,10,Find 1/2 of 20,,"{""description"":""Exceeding - Mixed fractions, word problems, challenging quantities up to 24, equivalence (2/4 = 1/2)"",""math"":{""fractions"":{""options"":{""values"":[{""numerator"":1,""denominator"":2},{""numerator"":1,""denominator"":3},{""numerator"":1,""denominator"":4},{""numerator"":2,""denominator"":4},{""numerator"":3,""denominator"":4}],""select"":""one""}},""quantity"":{""range"":{""min"":2,""max"":24}},""divisibilityRequired"":true,""includeEquivalence"":true},""presentation"":{""questionTypes"":{""options"":{""values"":[""find_fraction"",""write_fraction"",""name_fraction"",""equation"",""word_problem"",""equivalence""],""select"":""one""}},""visualType"":""minimal"",""contexts"":[""shapes"",""objects"",""sets"",""quantities"",""word_problems""]}}"
q_1764328650326_136,F01_Y2_FRAC,4,"Fractions, decimals and percentages","recognise, find, write, name and count fractions",2,text_input,1/4 of 20 = ?,5,Find 1/4 of 20,,"{""description"":""Exceeding - Mixed fractions, word problems, challenging quantities up to 24, equivalence (2/4 = 1/2)"",""math"":{""fractions"":{""options"":{""values"":[{""numerator"":1,""denominator"":2},{""numerator"":1,""denominator"":3},{""numerator"":1,""denominator"":4},{""numerator"":2,""denominator"":4},{""numerator"":3,""denominator"":4}],""select"":""one""}},""quantity"":{""range"":{""min"":2,""max"":24}},""divisibilityRequired"":true,""includeEquivalence"":true},""presentation"":{""questionTypes"":{""options"":{""values"":[""find_fraction"",""write_fraction"",""name_fraction"",""equation"",""word_problem"",""equivalence""],""select"":""one""}},""visualType"":""minimal"",""contexts"":[""shapes"",""objects"",""sets"",""quantities"",""word_problems""]}}"
q_1764328650326_137,F01_Y2_FRAC,4,"Fractions, decimals and percentages","recognise, find, write, name and count fractions",2,text_input,What fraction of the shape is shaded?,1/2,1 out of 2 parts are shaded,,"{""description"":""Exceeding - Mixed fractions, word problems, challenging quantities up to 24, equivalence (2/4 = 1/2)"",""math"":{""fractions"":{""options"":{""values"":[{""numerator"":1,""denominator"":2},{""numerator"":1,""denominator"":3},{""numerator"":1,""denominator"":4},{""numerator"":2,""denominator"":4},{""numerator"":3,""denominator"":4}],""select"":""one""}},""quantity"":{""range"":{""min"":2,""max"":24}},""divisibilityRequired"":true,""includeEquivalence"":true},""presentation"":{""questionTypes"":{""options"":{""values"":[""find_fraction"",""write_fraction"",""name_fraction"",""equation"",""word_problem"",""equivalence""],""select"":""one""}},""visualType"":""minimal"",""contexts"":[""shapes"",""objects"",""sets"",""quantities"",""word_problems""]}}"
q_1764328650326_138,F01_Y2_FRAC,4,"Fractions, decimals and percentages","recognise, find, write, name and count fractions",2,text_input,1/2 of 22 = ?,11,Find 1/2 of 22,,"{""description"":""Exceeding - Mixed fractions, word problems, challenging quantities up to 24, equivalence (2/4 = 1/2)"",""math"":{""fractions"":{""options"":{""values"":[{""numerator"":1,""denominator"":2},{""numerator"":1,""denominator"":3},{""numerator"":1,""denominator"":4},{""numerator"":2,""denominator"":4},{""numerator"":3,""denominator"":4}],""select"":""one""}},""quantity"":{""range"":{""min"":2,""max"":24}},""divisibilityRequired"":true,""includeEquivalence"":true},""presentation"":{""questionTypes"":{""options"":{""values"":[""find_fraction"",""write_fraction"",""name_fraction"",""equation"",""word_problem"",""equivalence""],""select"":""one""}},""visualType"":""minimal"",""contexts"":[""shapes"",""objects"",""sets"",""quantities"",""word_problems""]}}"
q_1764328650326_139,F01_Y2_FRAC,4,"Fractions, decimals and percentages","recognise, find, write, name and count fractions",2,text_input,What is 2/4 of 8?,4,"Divide 8 by 4, then multiply by 2",,"{""description"":""Exceeding - Mixed fractions, word problems, challenging quantities up to 24, equivalence (2/4 = 1/2)"",""math"":{""fractions"":{""options"":{""values"":[{""numerator"":1,""denominator"":2},{""numerator"":1,""denominator"":3},{""numerator"":1,""denominator"":4},{""numerator"":2,""denominator"":4},{""numerator"":3,""denominator"":4}],""select"":""one""}},""quantity"":{""range"":{""min"":2,""max"":24}},""divisibilityRequired"":true,""includeEquivalence"":true},""presentation"":{""questionTypes"":{""options"":{""values"":[""find_fraction"",""write_fraction"",""name_fraction"",""equation"",""word_problem"",""equivalence""],""select"":""one""}},""visualType"":""minimal"",""contexts"":[""shapes"",""objects"",""sets"",""quantities"",""word_problems""]}}"
q_1764328650326_140,F01_Y3_FRAC,1,"Fractions, decimals and percentages","recognise, find, write, name and count fractions",3,text_input,What is 1/2 of 6?,3,Divide 6 by 2,,"{""description"":""Beginning - Introduce tenths (1/10, 2/10, 3/10), unit fractions (1/2, 1/3, 1/4, 1/5), quantities up to 20, counting in tenths from 0"",""math"":{""fractions"":{""options"":{""values"":[{""numerator"":1,""denominator"":2},{""numerator"":1,""denominator"":3},{""numerator"":1,""denominator"":4},{""numerator"":1,""denominator"":5},{""numerator"":1,""denominator"":10},{""numerator"":2,""denominator"":10},{""numerator"":3,""denominator"":10}],""select"":""one""}},""quantity"":{""range"":{""min"":2,""max"":20}},""divisibilityRequired"":true,""countingInTenths"":{""range"":{""min"":0,""max"":1},""step"":0.1,""length"":6,""direction"":""forwards""}},""presentation"":{""questionTypes"":{""options"":{""values"":[""find_fraction"",""count_tenths"",""number_line_tenths"",""write_fraction""],""select"":""one""}},""visualType"":""shapes"",""contexts"":[""shapes"",""objects"",""discrete_sets""]}}"
q_1764328650326_141,F01_Y3_FRAC,1,"Fractions, decimals and percentages","recognise, find, write, name and count fractions",3,text_input,What is 1/5 of 20?,4,Divide 20 by 5,,"{""description"":""Beginning - Introduce tenths (1/10, 2/10, 3/10), unit fractions (1/2, 1/3, 1/4, 1/5), quantities up to 20, counting in tenths from 0"",""math"":{""fractions"":{""options"":{""values"":[{""numerator"":1,""denominator"":2},{""numerator"":1,""denominator"":3},{""numerator"":1,""denominator"":4},{""numerator"":1,""denominator"":5},{""numerator"":1,""denominator"":10},{""numerator"":2,""denominator"":10},{""numerator"":3,""denominator"":10}],""select"":""one""}},""quantity"":{""range"":{""min"":2,""max"":20}},""divisibilityRequired"":true,""countingInTenths"":{""range"":{""min"":0,""max"":1},""step"":0.1,""length"":6,""direction"":""forwards""}},""presentation"":{""questionTypes"":{""options"":{""values"":[""find_fraction"",""count_tenths"",""number_line_tenths"",""write_fraction""],""select"":""one""}},""visualType"":""shapes"",""contexts"":[""shapes"",""objects"",""discrete_sets""]}}"
q_1764328650326_142,F01_Y3_FRAC,1,"Fractions, decimals and percentages","recognise, find, write, name and count fractions",3,text_input,Write the fraction: one fifth,1/5,one fifth means 1 out of 5 equal parts,,"{""description"":""Beginning - Introduce tenths (1/10, 2/10, 3/10), unit fractions (1/2, 1/3, 1/4, 1/5), quantities up to 20, counting in tenths from 0"",""math"":{""fractions"":{""options"":{""values"":[{""numerator"":1,""denominator"":2},{""numerator"":1,""denominator"":3},{""numerator"":1,""denominator"":4},{""numerator"":1,""denominator"":5},{""numerator"":1,""denominator"":10},{""numerator"":2,""denominator"":10},{""numerator"":3,""denominator"":10}],""select"":""one""}},""quantity"":{""range"":{""min"":2,""max"":20}},""divisibilityRequired"":true,""countingInTenths"":{""range"":{""min"":0,""max"":1},""step"":0.1,""length"":6,""direction"":""forwards""}},""presentation"":{""questionTypes"":{""options"":{""values"":[""find_fraction"",""count_tenths"",""number_line_tenths"",""write_fraction""],""select"":""one""}},""visualType"":""shapes"",""contexts"":[""shapes"",""objects"",""discrete_sets""]}}"
q_1764328650326_143,F01_Y3_FRAC,1,"Fractions, decimals and percentages","recognise, find, write, name and count fractions",3,text_input,Write the fraction: three tenths,3/10,three tenths means 3 out of 10 equal parts,,"{""description"":""Beginning - Introduce tenths (1/10, 2/10, 3/10), unit fractions (1/2, 1/3, 1/4, 1/5), quantities up to 20, counting in tenths from 0"",""math"":{""fractions"":{""options"":{""values"":[{""numerator"":1,""denominator"":2},{""numerator"":1,""denominator"":3},{""numerator"":1,""denominator"":4},{""numerator"":1,""denominator"":5},{""numerator"":1,""denominator"":10},{""numerator"":2,""denominator"":10},{""numerator"":3,""denominator"":10}],""select"":""one""}},""quantity"":{""range"":{""min"":2,""max"":20}},""divisibilityRequired"":true,""countingInTenths"":{""range"":{""min"":0,""max"":1},""step"":0.1,""length"":6,""direction"":""forwards""}},""presentation"":{""questionTypes"":{""options"":{""values"":[""find_fraction"",""count_tenths"",""number_line_tenths"",""write_fraction""],""select"":""one""}},""visualType"":""shapes"",""contexts"":[""shapes"",""objects"",""discrete_sets""]}}"
q_1764328650326_144,F01_Y3_FRAC,1,"Fractions, decimals and percentages","recognise, find, write, name and count fractions",3,text_input,Write the fraction: one half,1/2,one half means 1 out of 2 equal parts,,"{""description"":""Beginning - Introduce tenths (1/10, 2/10, 3/10), unit fractions (1/2, 1/3, 1/4, 1/5), quantities up to 20, counting in tenths from 0"",""math"":{""fractions"":{""options"":{""values"":[{""numerator"":1,""denominator"":2},{""numerator"":1,""denominator"":3},{""numerator"":1,""denominator"":4},{""numerator"":1,""denominator"":5},{""numerator"":1,""denominator"":10},{""numerator"":2,""denominator"":10},{""numerator"":3,""denominator"":10}],""select"":""one""}},""quantity"":{""range"":{""min"":2,""max"":20}},""divisibilityRequired"":true,""countingInTenths"":{""range"":{""min"":0,""max"":1},""step"":0.1,""length"":6,""direction"":""forwards""}},""presentation"":{""questionTypes"":{""options"":{""values"":[""find_fraction"",""count_tenths"",""number_line_tenths"",""write_fraction""],""select"":""one""}},""visualType"":""shapes"",""contexts"":[""shapes"",""objects"",""discrete_sets""]}}"
q_1764328650326_145,F01_Y3_FRAC,2,"Fractions, decimals and percentages","recognise, find, write, name and count fractions",3,text_input,Write the fraction: one quarter,1/4,one quarter means 1 out of 4 equal parts,,"{""description"":""Developing - Add more unit fractions (1/6, 1/8), non-unit fractions (2/3, 2/5, 3/10), quantities up to 30, counting forwards and backwards in tenths"",""math"":{""fractions"":{""options"":{""values"":[{""numerator"":1,""denominator"":2},{""numerator"":1,""denominator"":3},{""numerator"":1,""denominator"":4},{""numerator"":1,""denominator"":5},{""numerator"":1,""denominator"":6},{""numerator"":1,""denominator"":8},{""numerator"":1,""denominator"":10},{""numerator"":2,""denominator"":3},{""numerator"":2,""denominator"":5},{""numerator"":3,""denominator"":10},{""numerator"":4,""denominator"":10}],""select"":""one""}},""quantity"":{""range"":{""min"":2,""max"":30}},""divisibilityRequired"":true,""countingInTenths"":{""range"":{""min"":0,""max"":2},""step"":0.1,""length"":8,""directions"":[""forwards"",""backwards""]}},""presentation"":{""questionTypes"":{""options"":{""values"":[""find_fraction"",""count_tenths"",""number_line_tenths"",""write_fraction"",""name_fraction"",""discrete_set""],""select"":""one""}},""visualType"":""mixed"",""contexts"":[""shapes"",""objects"",""discrete_sets"",""number_lines""]}}"
q_1764328650326_146,F01_Y3_FRAC,2,"Fractions, decimals and percentages","recognise, find, write, name and count fractions",3,text_input,Write the fraction: one tenth,1/10,one tenth means 1 out of 10 equal parts,,"{""description"":""Developing - Add more unit fractions (1/6, 1/8), non-unit fractions (2/3, 2/5, 3/10), quantities up to 30, counting forwards and backwards in tenths"",""math"":{""fractions"":{""options"":{""values"":[{""numerator"":1,""denominator"":2},{""numerator"":1,""denominator"":3},{""numerator"":1,""denominator"":4},{""numerator"":1,""denominator"":5},{""numerator"":1,""denominator"":6},{""numerator"":1,""denominator"":8},{""numerator"":1,""denominator"":10},{""numerator"":2,""denominator"":3},{""numerator"":2,""denominator"":5},{""numerator"":3,""denominator"":10},{""numerator"":4,""denominator"":10}],""select"":""one""}},""quantity"":{""range"":{""min"":2,""max"":30}},""divisibilityRequired"":true,""countingInTenths"":{""range"":{""min"":0,""max"":2},""step"":0.1,""length"":8,""directions"":[""forwards"",""backwards""]}},""presentation"":{""questionTypes"":{""options"":{""values"":[""find_fraction"",""count_tenths"",""number_line_tenths"",""write_fraction"",""name_fraction"",""discrete_set""],""select"":""one""}},""visualType"":""mixed"",""contexts"":[""shapes"",""objects"",""discrete_sets"",""number_lines""]}}"
q_1764328650326_147,F01_Y3_FRAC,2,"Fractions, decimals and percentages","recognise, find, write, name and count fractions",3,text_input,Write the fraction: one third,1/3,one third means 1 out of 3 equal parts,,"{""description"":""Developing - Add more unit fractions (1/6, 1/8), non-unit fractions (2/3, 2/5, 3/10), quantities up to 30, counting forwards and backwards in tenths"",""math"":{""fractions"":{""options"":{""values"":[{""numerator"":1,""denominator"":2},{""numerator"":1,""denominator"":3},{""numerator"":1,""denominator"":4},{""numerator"":1,""denominator"":5},{""numerator"":1,""denominator"":6},{""numerator"":1,""denominator"":8},{""numerator"":1,""denominator"":10},{""numerator"":2,""denominator"":3},{""numerator"":2,""denominator"":5},{""numerator"":3,""denominator"":10},{""numerator"":4,""denominator"":10}],""select"":""one""}},""quantity"":{""range"":{""min"":2,""max"":30}},""divisibilityRequired"":true,""countingInTenths"":{""range"":{""min"":0,""max"":2},""step"":0.1,""length"":8,""directions"":[""forwards"",""backwards""]}},""presentation"":{""questionTypes"":{""options"":{""values"":[""find_fraction"",""count_tenths"",""number_line_tenths"",""write_fraction"",""name_fraction"",""discrete_set""],""select"":""one""}},""visualType"":""mixed"",""contexts"":[""shapes"",""objects"",""discrete_sets"",""number_lines""]}}"
q_1764328650326_148,F01_Y3_FRAC,2,"Fractions, decimals and percentages","recognise, find, write, name and count fractions",3,text_input,What number is the arrow pointing to?,0.4,The number line is divided into tenths,,"{""description"":""Developing - Add more unit fractions (1/6, 1/8), non-unit fractions (2/3, 2/5, 3/10), quantities up to 30, counting forwards and backwards in tenths"",""math"":{""fractions"":{""options"":{""values"":[{""numerator"":1,""denominator"":2},{""numerator"":1,""denominator"":3},{""numerator"":1,""denominator"":4},{""numerator"":1,""denominator"":5},{""numerator"":1,""denominator"":6},{""numerator"":1,""denominator"":8},{""numerator"":1,""denominator"":10},{""numerator"":2,""denominator"":3},{""numerator"":2,""denominator"":5},{""numerator"":3,""denominator"":10},{""numerator"":4,""denominator"":10}],""select"":""one""}},""quantity"":{""range"":{""min"":2,""max"":30}},""divisibilityRequired"":true,""countingInTenths"":{""range"":{""min"":0,""max"":2},""step"":0.1,""length"":8,""directions"":[""forwards"",""backwards""]}},""presentation"":{""questionTypes"":{""options"":{""values"":[""find_fraction"",""count_tenths"",""number_line_tenths"",""write_fraction"",""name_fraction"",""discrete_set""],""select"":""one""}},""visualType"":""mixed"",""contexts"":[""shapes"",""objects"",""discrete_sets"",""number_lines""]}}"
q_1764328650326_149,F01_Y3_FRAC,2,"Fractions, decimals and percentages","recognise, find, write, name and count fractions",3,text_input,What is 3/10 of 10?,3,"Divide 10 by 10, then multiply by 3",,"{""description"":""Developing - Add more unit fractions (1/6, 1/8), non-unit fractions (2/3, 2/5, 3/10), quantities up to 30, counting forwards and backwards in tenths"",""math"":{""fractions"":{""options"":{""values"":[{""numerator"":1,""denominator"":2},{""numerator"":1,""denominator"":3},{""numerator"":1,""denominator"":4},{""numerator"":1,""denominator"":5},{""numerator"":1,""denominator"":6},{""numerator"":1,""denominator"":8},{""numerator"":1,""denominator"":10},{""numerator"":2,""denominator"":3},{""numerator"":2,""denominator"":5},{""numerator"":3,""denominator"":10},{""numerator"":4,""denominator"":10}],""select"":""one""}},""quantity"":{""range"":{""min"":2,""max"":30}},""divisibilityRequired"":true,""countingInTenths"":{""range"":{""min"":0,""max"":2},""step"":0.1,""length"":8,""directions"":[""forwards"",""backwards""]}},""presentation"":{""questionTypes"":{""options"":{""values"":[""find_fraction"",""count_tenths"",""number_line_tenths"",""write_fraction"",""name_fraction"",""discrete_set""],""select"":""one""}},""visualType"":""mixed"",""contexts"":[""shapes"",""objects"",""discrete_sets"",""number_lines""]}}"
q_1764328650326_150,F01_Y3_FRAC,3,"Fractions, decimals and percentages","recognise, find, write, name and count fractions",3,text_input,10 cars are in a car park. 2/10 of them are red. How many cars are red?,2,Find 2/10 of 10,,"{""description"":""Meeting - Full curriculum range: unit fractions (1/2, 1/3, 1/4, 1/5, 1/6, 1/8, 1/10), non-unit fractions with small denominators (2/3, 3/4, 2/5, 3/5, etc.), counting in tenths beyond 1, quantities up to 40"",""math"":{""fractions"":{""options"":{""values"":[{""numerator"":1,""denominator"":2},{""numerator"":1,""denominator"":3},{""numerator"":2,""denominator"":3},{""numerator"":1,""denominator"":4},{""numerator"":2,""denominator"":4},{""numerator"":3,""denominator"":4},{""numerator"":1,""denominator"":5},{""numerator"":2,""denominator"":5},{""numerator"":3,""denominator"":5},{""numerator"":4,""denominator"":5},{""numerator"":1,""denominator"":6},{""numerator"":1,""denominator"":8},{""numerator"":1,""denominator"":10},{""numerator"":2,""denominator"":10},{""numerator"":3,""denominator"":10},{""numerator"":7,""denominator"":10},{""numerator"":9,""denominator"":10}],""select"":""one""}},""quantity"":{""range"":{""min"":2,""max"":40}},""divisibilityRequired"":true,""countingInTenths"":{""range"":{""min"":0,""max"":3},""step"":0.1,""length"":10,""directions"":[""forwards"",""backwards""]}},""presentation"":{""questionTypes"":{""options"":{""values"":[""find_fraction"",""count_tenths"",""number_line_tenths"",""write_fraction"",""name_fraction"",""discrete_set"",""equation"",""divide_by_10""],""select"":""one""}},""visualType"":""mixed"",""contexts"":[""shapes"",""objects"",""discrete_sets"",""number_lines"",""quantities""]}}"
q_1764328650326_151,F01_Y3_FRAC,3,"Fractions, decimals and percentages","recognise, find, write, name and count fractions",3,text_input,What number is the arrow pointing to?,1.6,The number line is divided into tenths,,"{""description"":""Meeting - Full curriculum range: unit fractions (1/2, 1/3, 1/4, 1/5, 1/6, 1/8, 1/10), non-unit fractions with small denominators (2/3, 3/4, 2/5, 3/5, etc.), counting in tenths beyond 1, quantities up to 40"",""math"":{""fractions"":{""options"":{""values"":[{""numerator"":1,""denominator"":2},{""numerator"":1,""denominator"":3},{""numerator"":2,""denominator"":3},{""numerator"":1,""denominator"":4},{""numerator"":2,""denominator"":4},{""numerator"":3,""denominator"":4},{""numerator"":1,""denominator"":5},{""numerator"":2,""denominator"":5},{""numerator"":3,""denominator"":5},{""numerator"":4,""denominator"":5},{""numerator"":1,""denominator"":6},{""numerator"":1,""denominator"":8},{""numerator"":1,""denominator"":10},{""numerator"":2,""denominator"":10},{""numerator"":3,""denominator"":10},{""numerator"":7,""denominator"":10},{""numerator"":9,""denominator"":10}],""select"":""one""}},""quantity"":{""range"":{""min"":2,""max"":40}},""divisibilityRequired"":true,""countingInTenths"":{""range"":{""min"":0,""max"":3},""step"":0.1,""length"":10,""directions"":[""forwards"",""backwards""]}},""presentation"":{""questionTypes"":{""options"":{""values"":[""find_fraction"",""count_tenths"",""number_line_tenths"",""write_fraction"",""name_fraction"",""discrete_set"",""equation"",""divide_by_10""],""select"":""one""}},""visualType"":""mixed"",""contexts"":[""shapes"",""objects"",""discrete_sets"",""number_lines"",""quantities""]}}"
q_1764328650326_152,F01_Y3_FRAC,3,"Fractions, decimals and percentages","recognise, find, write, name and count fractions",3,text_input,1/10 of 30 = ?,3,Find 1/10 of 30,,"{""description"":""Meeting - Full curriculum range: unit fractions (1/2, 1/3, 1/4, 1/5, 1/6, 1/8, 1/10), non-unit fractions with small denominators (2/3, 3/4, 2/5, 3/5, etc.), counting in tenths beyond 1, quantities up to 40"",""math"":{""fractions"":{""options"":{""values"":[{""numerator"":1,""denominator"":2},{""numerator"":1,""denominator"":3},{""numerator"":2,""denominator"":3},{""numerator"":1,""denominator"":4},{""numerator"":2,""denominator"":4},{""numerator"":3,""denominator"":4},{""numerator"":1,""denominator"":5},{""numerator"":2,""denominator"":5},{""numerator"":3,""denominator"":5},{""numerator"":4,""denominator"":5},{""numerator"":1,""denominator"":6},{""numerator"":1,""denominator"":8},{""numerator"":1,""denominator"":10},{""numerator"":2,""denominator"":10},{""numerator"":3,""denominator"":10},{""numerator"":7,""denominator"":10},{""numerator"":9,""denominator"":10}],""select"":""one""}},""quantity"":{""range"":{""min"":2,""max"":40}},""divisibilityRequired"":true,""countingInTenths"":{""range"":{""min"":0,""max"":3},""step"":0.1,""length"":10,""directions"":[""forwards"",""backwards""]}},""presentation"":{""questionTypes"":{""options"":{""values"":[""find_fraction"",""count_tenths"",""number_line_tenths"",""write_fraction"",""name_fraction"",""discrete_set"",""equation"",""divide_by_10""],""select"":""one""}},""visualType"":""mixed"",""contexts"":[""shapes"",""objects"",""discrete_sets"",""number_lines"",""quantities""]}}"
q_1764328650326_153,F01_Y3_FRAC,3,"Fractions, decimals and percentages","recognise, find, write, name and count fractions",3,text_input,10 cars are in a car park. 2/10 of them are red. How many cars are red?,2,Find 2/10 of 10,,"{""description"":""Meeting - Full curriculum range: unit fractions (1/2, 1/3, 1/4, 1/5, 1/6, 1/8, 1/10), non-unit fractions with small denominators (2/3, 3/4, 2/5, 3/5, etc.), counting in tenths beyond 1, quantities up to 40"",""math"":{""fractions"":{""options"":{""values"":[{""numerator"":1,""denominator"":2},{""numerator"":1,""denominator"":3},{""numerator"":2,""denominator"":3},{""numerator"":1,""denominator"":4},{""numerator"":2,""denominator"":4},{""numerator"":3,""denominator"":4},{""numerator"":1,""denominator"":5},{""numerator"":2,""denominator"":5},{""numerator"":3,""denominator"":5},{""numerator"":4,""denominator"":5},{""numerator"":1,""denominator"":6},{""numerator"":1,""denominator"":8},{""numerator"":1,""denominator"":10},{""numerator"":2,""denominator"":10},{""numerator"":3,""denominator"":10},{""numerator"":7,""denominator"":10},{""numerator"":9,""denominator"":10}],""select"":""one""}},""quantity"":{""range"":{""min"":2,""max"":40}},""divisibilityRequired"":true,""countingInTenths"":{""range"":{""min"":0,""max"":3},""step"":0.1,""length"":10,""directions"":[""forwards"",""backwards""]}},""presentation"":{""questionTypes"":{""options"":{""values"":[""find_fraction"",""count_tenths"",""number_line_tenths"",""write_fraction"",""name_fraction"",""discrete_set"",""equation"",""divide_by_10""],""select"":""one""}},""visualType"":""mixed"",""contexts"":[""shapes"",""objects"",""discrete_sets"",""number_lines"",""quantities""]}}"
q_1764328650326_154,F01_Y3_FRAC,3,"Fractions, decimals and percentages","recognise, find, write, name and count fractions",3,text_input,What is 1/2 of 10?,5,Divide 10 by 2,,"{""description"":""Meeting - Full curriculum range: unit fractions (1/2, 1/3, 1/4, 1/5, 1/6, 1/8, 1/10), non-unit fractions with small denominators (2/3, 3/4, 2/5, 3/5, etc.), counting in tenths beyond 1, quantities up to 40"",""math"":{""fractions"":{""options"":{""values"":[{""numerator"":1,""denominator"":2},{""numerator"":1,""denominator"":3},{""numerator"":2,""denominator"":3},{""numerator"":1,""denominator"":4},{""numerator"":2,""denominator"":4},{""numerator"":3,""denominator"":4},{""numerator"":1,""denominator"":5},{""numerator"":2,""denominator"":5},{""numerator"":3,""denominator"":5},{""numerator"":4,""denominator"":5},{""numerator"":1,""denominator"":6},{""numerator"":1,""denominator"":8},{""numerator"":1,""denominator"":10},{""numerator"":2,""denominator"":10},{""numerator"":3,""denominator"":10},{""numerator"":7,""denominator"":10},{""numerator"":9,""denominator"":10}],""select"":""one""}},""quantity"":{""range"":{""min"":2,""max"":40}},""divisibilityRequired"":true,""countingInTenths"":{""range"":{""min"":0,""max"":3},""step"":0.1,""length"":10,""directions"":[""forwards"",""backwards""]}},""presentation"":{""questionTypes"":{""options"":{""values"":[""find_fraction"",""count_tenths"",""number_line_tenths"",""write_fraction"",""name_fraction"",""discrete_set"",""equation"",""divide_by_10""],""select"":""one""}},""visualType"":""mixed"",""contexts"":[""shapes"",""objects"",""discrete_sets"",""number_lines"",""quantities""]}}"
q_1764328650326_155,F01_Y3_FRAC,4,"Fractions, decimals and percentages","recognise, find, write, name and count fractions",3,text_input,What is 2/4 of 60?,30,"Divide 60 by 4, then multiply by 2",,"{""description"":""Exceeding - Extended ranges, challenging non-unit fractions, complex counting sequences in tenths, quantities up to 60, word problems, fractions on number lines beyond 2"",""math"":{""fractions"":{""options"":{""values"":[{""numerator"":1,""denominator"":2},{""numerator"":1,""denominator"":3},{""numerator"":2,""denominator"":3},{""numerator"":1,""denominator"":4},{""numerator"":2,""denominator"":4},{""numerator"":3,""denominator"":4},{""numerator"":1,""denominator"":5},{""numerator"":2,""denominator"":5},{""numerator"":3,""denominator"":5},{""numerator"":4,""denominator"":5},{""numerator"":1,""denominator"":6},{""numerator"":5,""denominator"":6},{""numerator"":1,""denominator"":8},{""numerator"":3,""denominator"":8},{""numerator"":5,""denominator"":8},{""numerator"":1,""denominator"":10},{""numerator"":3,""denominator"":10},{""numerator"":7,""denominator"":10},{""numerator"":9,""denominator"":10}],""select"":""one""}},""quantity"":{""range"":{""min"":5,""max"":60}},""divisibilityRequired"":true,""countingInTenths"":{""range"":{""min"":0,""max"":5},""step"":0.1,""length"":12,""directions"":[""forwards"",""backwards""]}},""presentation"":{""questionTypes"":{""options"":{""values"":[""find_fraction"",""count_tenths"",""number_line_tenths"",""write_fraction"",""name_fraction"",""discrete_set"",""equation"",""divide_by_10"",""word_problem""],""select"":""one""}},""visualType"":""minimal"",""contexts"":[""shapes"",""objects"",""discrete_sets"",""number_lines"",""quantities"",""word_problems""]}}"
q_1764328650326_156,F01_Y3_FRAC,4,"Fractions, decimals and percentages","recognise, find, write, name and count fractions",3,text_input,What number is the arrow pointing to?,0.4,The number line is divided into tenths,,"{""description"":""Exceeding - Extended ranges, challenging non-unit fractions, complex counting sequences in tenths, quantities up to 60, word problems, fractions on number lines beyond 2"",""math"":{""fractions"":{""options"":{""values"":[{""numerator"":1,""denominator"":2},{""numerator"":1,""denominator"":3},{""numerator"":2,""denominator"":3},{""numerator"":1,""denominator"":4},{""numerator"":2,""denominator"":4},{""numerator"":3,""denominator"":4},{""numerator"":1,""denominator"":5},{""numerator"":2,""denominator"":5},{""numerator"":3,""denominator"":5},{""numerator"":4,""denominator"":5},{""numerator"":1,""denominator"":6},{""numerator"":5,""denominator"":6},{""numerator"":1,""denominator"":8},{""numerator"":3,""denominator"":8},{""numerator"":5,""denominator"":8},{""numerator"":1,""denominator"":10},{""numerator"":3,""denominator"":10},{""numerator"":7,""denominator"":10},{""numerator"":9,""denominator"":10}],""select"":""one""}},""quantity"":{""range"":{""min"":5,""max"":60}},""divisibilityRequired"":true,""countingInTenths"":{""range"":{""min"":0,""max"":5},""step"":0.1,""length"":12,""directions"":[""forwards"",""backwards""]}},""presentation"":{""questionTypes"":{""options"":{""values"":[""find_fraction"",""count_tenths"",""number_line_tenths"",""write_fraction"",""name_fraction"",""discrete_set"",""equation"",""divide_by_10"",""word_problem""],""select"":""one""}},""visualType"":""minimal"",""contexts"":[""shapes"",""objects"",""discrete_sets"",""number_lines"",""quantities"",""word_problems""]}}"
q_1764328650326_157,F01_Y3_FRAC,4,"Fractions, decimals and percentages","recognise, find, write, name and count fractions",3,text_input,A farm has 60 animals. 4/5 of them are sheep. How many sheep are there?,48,Find 4/5 of 60,,"{""description"":""Exceeding - Extended ranges, challenging non-unit fractions, complex counting sequences in tenths, quantities up to 60, word problems, fractions on number lines beyond 2"",""math"":{""fractions"":{""options"":{""values"":[{""numerator"":1,""denominator"":2},{""numerator"":1,""denominator"":3},{""numerator"":2,""denominator"":3},{""numerator"":1,""denominator"":4},{""numerator"":2,""denominator"":4},{""numerator"":3,""denominator"":4},{""numerator"":1,""denominator"":5},{""numerator"":2,""denominator"":5},{""numerator"":3,""denominator"":5},{""numerator"":4,""denominator"":5},{""numerator"":1,""denominator"":6},{""numerator"":5,""denominator"":6},{""numerator"":1,""denominator"":8},{""numerator"":3,""denominator"":8},{""numerator"":5,""denominator"":8},{""numerator"":1,""denominator"":10},{""numerator"":3,""denominator"":10},{""numerator"":7,""denominator"":10},{""numerator"":9,""denominator"":10}],""select"":""one""}},""quantity"":{""range"":{""min"":5,""max"":60}},""divisibilityRequired"":true,""countingInTenths"":{""range"":{""min"":0,""max"":5},""step"":0.1,""length"":12,""directions"":[""forwards"",""backwards""]}},""presentation"":{""questionTypes"":{""options"":{""values"":[""find_fraction"",""count_tenths"",""number_line_tenths"",""write_fraction"",""name_fraction"",""discrete_set"",""equation"",""divide_by_10"",""word_problem""],""select"":""one""}},""visualType"":""minimal"",""contexts"":[""shapes"",""objects"",""discrete_sets"",""number_lines"",""quantities"",""word_problems""]}}"
q_1764328650326_158,F01_Y3_FRAC,4,"Fractions, decimals and percentages","recognise, find, write, name and count fractions",3,text_input,What number is the arrow pointing to?,2.1,The number line is divided into tenths,,"{""description"":""Exceeding - Extended ranges, challenging non-unit fractions, complex counting sequences in tenths, quantities up to 60, word problems, fractions on number lines beyond 2"",""math"":{""fractions"":{""options"":{""values"":[{""numerator"":1,""denominator"":2},{""numerator"":1,""denominator"":3},{""numerator"":2,""denominator"":3},{""numerator"":1,""denominator"":4},{""numerator"":2,""denominator"":4},{""numerator"":3,""denominator"":4},{""numerator"":1,""denominator"":5},{""numerator"":2,""denominator"":5},{""numerator"":3,""denominator"":5},{""numerator"":4,""denominator"":5},{""numerator"":1,""denominator"":6},{""numerator"":5,""denominator"":6},{""numerator"":1,""denominator"":8},{""numerator"":3,""denominator"":8},{""numerator"":5,""denominator"":8},{""numerator"":1,""denominator"":10},{""numerator"":3,""denominator"":10},{""numerator"":7,""denominator"":10},{""numerator"":9,""denominator"":10}],""select"":""one""}},""quantity"":{""range"":{""min"":5,""max"":60}},""divisibilityRequired"":true,""countingInTenths"":{""range"":{""min"":0,""max"":5},""step"":0.1,""length"":12,""directions"":[""forwards"",""backwards""]}},""presentation"":{""questionTypes"":{""options"":{""values"":[""find_fraction"",""count_tenths"",""number_line_tenths"",""write_fraction"",""name_fraction"",""discrete_set"",""equation"",""divide_by_10"",""word_problem""],""select"":""one""}},""visualType"":""minimal"",""contexts"":[""shapes"",""objects"",""discrete_sets"",""number_lines"",""quantities"",""word_problems""]}}"
q_1764328650326_159,F01_Y3_FRAC,4,"Fractions, decimals and percentages","recognise, find, write, name and count fractions",3,text_input,What fraction of the shape is shaded?,3/10,3 out of 10 parts are shaded,,"{""description"":""Exceeding - Extended ranges, challenging non-unit fractions, complex counting sequences in tenths, quantities up to 60, word problems, fractions on number lines beyond 2"",""math"":{""fractions"":{""options"":{""values"":[{""numerator"":1,""denominator"":2},{""numerator"":1,""denominator"":3},{""numerator"":2,""denominator"":3},{""numerator"":1,""denominator"":4},{""numerator"":2,""denominator"":4},{""numerator"":3,""denominator"":4},{""numerator"":1,""denominator"":5},{""numerator"":2,""denominator"":5},{""numerator"":3,""denominator"":5},{""numerator"":4,""denominator"":5},{""numerator"":1,""denominator"":6},{""numerator"":5,""denominator"":6},{""numerator"":1,""denominator"":8},{""numerator"":3,""denominator"":8},{""numerator"":5,""denominator"":8},{""numerator"":1,""denominator"":10},{""numerator"":3,""denominator"":10},{""numerator"":7,""denominator"":10},{""numerator"":9,""denominator"":10}],""select"":""one""}},""quantity"":{""range"":{""min"":5,""max"":60}},""divisibilityRequired"":true,""countingInTenths"":{""range"":{""min"":0,""max"":5},""step"":0.1,""length"":12,""directions"":[""forwards"",""backwards""]}},""presentation"":{""questionTypes"":{""options"":{""values"":[""find_fraction"",""count_tenths"",""number_line_tenths"",""write_fraction"",""name_fraction"",""discrete_set"",""equation"",""divide_by_10"",""word_problem""],""select"":""one""}},""visualType"":""minimal"",""contexts"":[""shapes"",""objects"",""discrete_sets"",""number_lines"",""quantities"",""word_problems""]}}"
q_1764328650326_160,F01_Y4_FRAC,1,"Fractions, decimals and percentages","recognise, find, write, name and count fractions",4,text_input,What fraction is shaded?,7/100,7 out of 100 parts are shaded,,"{""description"":""Beginning - count in hundredths (forwards only, 0-0.10), recognise hundredths with visual support"",""math"":{""fractions"":{""denominator"":100,""sequence"":{""numeratorRange"":{""min"":1,""max"":10},""directions"":[""forwards""],""startValues"":[0]}},""division"":{""wholeNumbers"":{""min"":100,""max"":100},""divisor"":100},""tenthsRelation"":{""include"":false}},""presentation"":{""questionTypes"":{""options"":{""values"":[""count_hundredths"",""divide_by_100"",""name_hundredth""],""select"":""one""}},""visualType"":""shapes"",""formats"":[""fraction"",""decimal""],""gapPosition"":""end""}}"
q_1764328650326_161,F01_Y4_FRAC,1,"Fractions, decimals and percentages","recognise, find, write, name and count fractions",4,text_input,"What is the missing number? 0/100, 1/100, 2/100, 3/100, __",4/100,The pattern counts forwards in hundredths,,"{""description"":""Beginning - count in hundredths (forwards only, 0-0.10), recognise hundredths with visual support"",""math"":{""fractions"":{""denominator"":100,""sequence"":{""numeratorRange"":{""min"":1,""max"":10},""directions"":[""forwards""],""startValues"":[0]}},""division"":{""wholeNumbers"":{""min"":100,""max"":100},""divisor"":100},""tenthsRelation"":{""include"":false}},""presentation"":{""questionTypes"":{""options"":{""values"":[""count_hundredths"",""divide_by_100"",""name_hundredth""],""select"":""one""}},""visualType"":""shapes"",""formats"":[""fraction"",""decimal""],""gapPosition"":""end""}}"
q_1764328650326_162,F01_Y4_FRAC,1,"Fractions, decimals and percentages","recognise, find, write, name and count fractions",4,text_input,"What is the missing number? 0/100, 1/100, 2/100, 3/100, __",4/100,The pattern counts forwards in hundredths,,"{""description"":""Beginning - count in hundredths (forwards only, 0-0.10), recognise hundredths with visual support"",""math"":{""fractions"":{""denominator"":100,""sequence"":{""numeratorRange"":{""min"":1,""max"":10},""directions"":[""forwards""],""startValues"":[0]}},""division"":{""wholeNumbers"":{""min"":100,""max"":100},""divisor"":100},""tenthsRelation"":{""include"":false}},""presentation"":{""questionTypes"":{""options"":{""values"":[""count_hundredths"",""divide_by_100"",""name_hundredth""],""select"":""one""}},""visualType"":""shapes"",""formats"":[""fraction"",""decimal""],""gapPosition"":""end""}}"
q_1764328650327_163,F01_Y4_FRAC,1,"Fractions, decimals and percentages","recognise, find, write, name and count fractions",4,text_input,"What is the missing number? 0/100, 1/100, 2/100, 3/100, __",4/100,The pattern counts forwards in hundredths,,"{""description"":""Beginning - count in hundredths (forwards only, 0-0.10), recognise hundredths with visual support"",""math"":{""fractions"":{""denominator"":100,""sequence"":{""numeratorRange"":{""min"":1,""max"":10},""directions"":[""forwards""],""startValues"":[0]}},""division"":{""wholeNumbers"":{""min"":100,""max"":100},""divisor"":100},""tenthsRelation"":{""include"":false}},""presentation"":{""questionTypes"":{""options"":{""values"":[""count_hundredths"",""divide_by_100"",""name_hundredth""],""select"":""one""}},""visualType"":""shapes"",""formats"":[""fraction"",""decimal""],""gapPosition"":""end""}}"
q_1764328650327_164,F01_Y4_FRAC,1,"Fractions, decimals and percentages","recognise, find, write, name and count fractions",4,text_input,What is 100 ÷ 100?,100/100,Dividing by 100 gives hundredths,,"{""description"":""Beginning - count in hundredths (forwards only, 0-0.10), recognise hundredths with visual support"",""math"":{""fractions"":{""denominator"":100,""sequence"":{""numeratorRange"":{""min"":1,""max"":10},""directions"":[""forwards""],""startValues"":[0]}},""division"":{""wholeNumbers"":{""min"":100,""max"":100},""divisor"":100},""tenthsRelation"":{""include"":false}},""presentation"":{""questionTypes"":{""options"":{""values"":[""count_hundredths"",""divide_by_100"",""name_hundredth""],""select"":""one""}},""visualType"":""shapes"",""formats"":[""fraction"",""decimal""],""gapPosition"":""end""}}"
q_1764328650327_165,F01_Y4_FRAC,2,"Fractions, decimals and percentages","recognise, find, write, name and count fractions",4,text_input,What number is the arrow pointing to?,13/100,Count in hundredths from the start,,"{""description"":""Developing - count backwards, extend to 0-0.20, introduce tenths-hundredths relationship (1/10 = 10/100)"",""math"":{""fractions"":{""denominator"":100,""sequence"":{""numeratorRange"":{""min"":1,""max"":20},""directions"":[""forwards"",""backwards""],""startValues"":[0,10,20]}},""division"":{""wholeNumbers"":{""min"":100,""max"":500},""divisor"":100},""tenthsRelation"":{""include"":true,""tenthsValues"":[1,2]}},""presentation"":{""questionTypes"":{""options"":{""values"":[""count_hundredths"",""divide_by_100"",""name_hundredth"",""tenths_to_hundredths"",""number_line""],""select"":""one""}},""visualType"":""mixed"",""formats"":[""fraction"",""decimal""],""gapPosition"":""mixed""}}"
q_1764328650327_166,F01_Y4_FRAC,2,"Fractions, decimals and percentages","recognise, find, write, name and count fractions",4,text_input,What number is the arrow pointing to?,13/100,Count in hundredths from the start,,"{""description"":""Developing - count backwards, extend to 0-0.20, introduce tenths-hundredths relationship (1/10 = 10/100)"",""math"":{""fractions"":{""denominator"":100,""sequence"":{""numeratorRange"":{""min"":1,""max"":20},""directions"":[""forwards"",""backwards""],""startValues"":[0,10,20]}},""division"":{""wholeNumbers"":{""min"":100,""max"":500},""divisor"":100},""tenthsRelation"":{""include"":true,""tenthsValues"":[1,2]}},""presentation"":{""questionTypes"":{""options"":{""values"":[""count_hundredths"",""divide_by_100"",""name_hundredth"",""tenths_to_hundredths"",""number_line""],""select"":""one""}},""visualType"":""mixed"",""formats"":[""fraction"",""decimal""],""gapPosition"":""mixed""}}"
q_1764328650327_167,F01_Y4_FRAC,2,"Fractions, decimals and percentages","recognise, find, write, name and count fractions",4,text_input,1/10 is the same as how many hundredths?,10/100,1 tenth = 10 hundredths,,"{""description"":""Developing - count backwards, extend to 0-0.20, introduce tenths-hundredths relationship (1/10 = 10/100)"",""math"":{""fractions"":{""denominator"":100,""sequence"":{""numeratorRange"":{""min"":1,""max"":20},""directions"":[""forwards"",""backwards""],""startValues"":[0,10,20]}},""division"":{""wholeNumbers"":{""min"":100,""max"":500},""divisor"":100},""tenthsRelation"":{""include"":true,""tenthsValues"":[1,2]}},""presentation"":{""questionTypes"":{""options"":{""values"":[""count_hundredths"",""divide_by_100"",""name_hundredth"",""tenths_to_hundredths"",""number_line""],""select"":""one""}},""visualType"":""mixed"",""formats"":[""fraction"",""decimal""],""gapPosition"":""mixed""}}"
q_1764328650327_168,F01_Y4_FRAC,2,"Fractions, decimals and percentages","recognise, find, write, name and count fractions",4,text_input,What fraction is shaded?,0.10,10 out of 100 parts are shaded,,"{""description"":""Developing - count backwards, extend to 0-0.20, introduce tenths-hundredths relationship (1/10 = 10/100)"",""math"":{""fractions"":{""denominator"":100,""sequence"":{""numeratorRange"":{""min"":1,""max"":20},""directions"":[""forwards"",""backwards""],""startValues"":[0,10,20]}},""division"":{""wholeNumbers"":{""min"":100,""max"":500},""divisor"":100},""tenthsRelation"":{""include"":true,""tenthsValues"":[1,2]}},""presentation"":{""questionTypes"":{""options"":{""values"":[""count_hundredths"",""divide_by_100"",""name_hundredth"",""tenths_to_hundredths"",""number_line""],""select"":""one""}},""visualType"":""mixed"",""formats"":[""fraction"",""decimal""],""gapPosition"":""mixed""}}"
q_1764328650327_169,F01_Y4_FRAC,2,"Fractions, decimals and percentages","recognise, find, write, name and count fractions",4,text_input,What fraction is shaded?,0.12,12 out of 100 parts are shaded,,"{""description"":""Developing - count backwards, extend to 0-0.20, introduce tenths-hundredths relationship (1/10 = 10/100)"",""math"":{""fractions"":{""denominator"":100,""sequence"":{""numeratorRange"":{""min"":1,""max"":20},""directions"":[""forwards"",""backwards""],""startValues"":[0,10,20]}},""division"":{""wholeNumbers"":{""min"":100,""max"":500},""divisor"":100},""tenthsRelation"":{""include"":true,""tenthsValues"":[1,2]}},""presentation"":{""questionTypes"":{""options"":{""values"":[""count_hundredths"",""divide_by_100"",""name_hundredth"",""tenths_to_hundredths"",""number_line""],""select"":""one""}},""visualType"":""mixed"",""formats"":[""fraction"",""decimal""],""gapPosition"":""mixed""}}"
q_1764328650327_170,F01_Y4_FRAC,3,"Fractions, decimals and percentages","recognise, find, write, name and count fractions",4,text_input,What is 0.9 ÷ 10?,9/100,Dividing tenths by 10 gives hundredths,,"{""description"":""Meeting - full range 0-1.00, all directions, divide tenths by 10, number line positioning"",""math"":{""fractions"":{""denominator"":100,""sequence"":{""numeratorRange"":{""min"":1,""max"":100},""directions"":[""forwards"",""backwards""],""startValues"":[0,10,20,30,40,50,60,70,80,90,100]}},""division"":{""wholeNumbers"":{""min"":100,""max"":1000},""divisor"":100},""tenthsRelation"":{""include"":true,""tenthsValues"":[1,2,3,4,5,6,7,8,9,10],""divideTenthsByTen"":true}},""presentation"":{""questionTypes"":{""options"":{""values"":[""count_hundredths"",""divide_by_100"",""name_hundredth"",""tenths_to_hundredths"",""divide_tenths"",""number_line""],""select"":""one""}},""visualType"":""mixed"",""formats"":[""fraction"",""decimal"",""mixed""],""gapPosition"":""random""}}"
q_1764328650327_171,F01_Y4_FRAC,3,"Fractions, decimals and percentages","recognise, find, write, name and count fractions",4,text_input,What number is the arrow pointing to?,33/100,Count in hundredths from the start,,"{""description"":""Meeting - full range 0-1.00, all directions, divide tenths by 10, number line positioning"",""math"":{""fractions"":{""denominator"":100,""sequence"":{""numeratorRange"":{""min"":1,""max"":100},""directions"":[""forwards"",""backwards""],""startValues"":[0,10,20,30,40,50,60,70,80,90,100]}},""division"":{""wholeNumbers"":{""min"":100,""max"":1000},""divisor"":100},""tenthsRelation"":{""include"":true,""tenthsValues"":[1,2,3,4,5,6,7,8,9,10],""divideTenthsByTen"":true}},""presentation"":{""questionTypes"":{""options"":{""values"":[""count_hundredths"",""divide_by_100"",""name_hundredth"",""tenths_to_hundredths"",""divide_tenths"",""number_line""],""select"":""one""}},""visualType"":""mixed"",""formats"":[""fraction"",""decimal"",""mixed""],""gapPosition"":""random""}}"
q_1764328650327_172,F01_Y4_FRAC,3,"Fractions, decimals and percentages","recognise, find, write, name and count fractions",4,text_input,6/10 is the same as how many hundredths?,60/100,6 tenths = 60 hundredths,,"{""description"":""Meeting - full range 0-1.00, all directions, divide tenths by 10, number line positioning"",""math"":{""fractions"":{""denominator"":100,""sequence"":{""numeratorRange"":{""min"":1,""max"":100},""directions"":[""forwards"",""backwards""],""startValues"":[0,10,20,30,40,50,60,70,80,90,100]}},""division"":{""wholeNumbers"":{""min"":100,""max"":1000},""divisor"":100},""tenthsRelation"":{""include"":true,""tenthsValues"":[1,2,3,4,5,6,7,8,9,10],""divideTenthsByTen"":true}},""presentation"":{""questionTypes"":{""options"":{""values"":[""count_hundredths"",""divide_by_100"",""name_hundredth"",""tenths_to_hundredths"",""divide_tenths"",""number_line""],""select"":""one""}},""visualType"":""mixed"",""formats"":[""fraction"",""decimal"",""mixed""],""gapPosition"":""random""}}"
q_1764328650327_173,F01_Y4_FRAC,3,"Fractions, decimals and percentages","recognise, find, write, name and count fractions",4,text_input,What is 800 ÷ 100?,800/100,Dividing by 100 gives hundredths,,"{""description"":""Meeting - full range 0-1.00, all directions, divide tenths by 10, number line positioning"",""math"":{""fractions"":{""denominator"":100,""sequence"":{""numeratorRange"":{""min"":1,""max"":100},""directions"":[""forwards"",""backwards""],""startValues"":[0,10,20,30,40,50,60,70,80,90,100]}},""division"":{""wholeNumbers"":{""min"":100,""max"":1000},""divisor"":100},""tenthsRelation"":{""include"":true,""tenthsValues"":[1,2,3,4,5,6,7,8,9,10],""divideTenthsByTen"":true}},""presentation"":{""questionTypes"":{""options"":{""values"":[""count_hundredths"",""divide_by_100"",""name_hundredth"",""tenths_to_hundredths"",""divide_tenths"",""number_line""],""select"":""one""}},""visualType"":""mixed"",""formats"":[""fraction"",""decimal"",""mixed""],""gapPosition"":""random""}}"
q_1764328650327_174,F01_Y4_FRAC,3,"Fractions, decimals and percentages","recognise, find, write, name and count fractions",4,text_input,0.2 is the same as how many hundredths?,0.20,2 tenths = 20 hundredths,,"{""description"":""Meeting - full range 0-1.00, all directions, divide tenths by 10, number line positioning"",""math"":{""fractions"":{""denominator"":100,""sequence"":{""numeratorRange"":{""min"":1,""max"":100},""directions"":[""forwards"",""backwards""],""startValues"":[0,10,20,30,40,50,60,70,80,90,100]}},""division"":{""wholeNumbers"":{""min"":100,""max"":1000},""divisor"":100},""tenthsRelation"":{""include"":true,""tenthsValues"":[1,2,3,4,5,6,7,8,9,10],""divideTenthsByTen"":true}},""presentation"":{""questionTypes"":{""options"":{""values"":[""count_hundredths"",""divide_by_100"",""name_hundredth"",""tenths_to_hundredths"",""divide_tenths"",""number_line""],""select"":""one""}},""visualType"":""mixed"",""formats"":[""fraction"",""decimal"",""mixed""],""gapPosition"":""random""}}"
q_1764328650327_175,F01_Y4_FRAC,4,"Fractions, decimals and percentages","recognise, find, write, name and count fractions",4,text_input,What number is the arrow pointing to?,1/100,Count in hundredths from the start,,"{""description"":""Exceeding - extend beyond 1.00 (up to 2.00), complex sequences, word problems with hundredths"",""math"":{""fractions"":{""denominator"":100,""sequence"":{""numeratorRange"":{""min"":1,""max"":200},""directions"":[""forwards"",""backwards""],""startValues"":[0,25,50,75,100,125,150,175,200]}},""division"":{""wholeNumbers"":{""min"":100,""max"":2000},""divisor"":100},""tenthsRelation"":{""include"":true,""tenthsValues"":[1,2,3,4,5,6,7,8,9,10,11,12,13,14,15,16,17,18,19,20],""divideTenthsByTen"":true}},""presentation"":{""questionTypes"":{""options"":{""values"":[""count_hundredths"",""divide_by_100"",""name_hundredth"",""tenths_to_hundredths"",""divide_tenths"",""number_line"",""word_problem""],""select"":""one""}},""visualType"":""minimal"",""formats"":[""fraction"",""decimal"",""mixed""],""gapPosition"":""random""}}"
q_1764328650327_176,F01_Y4_FRAC,4,"Fractions, decimals and percentages","recognise, find, write, name and count fractions",4,text_input,What number is the arrow pointing to?,0.52,Count in hundredths from the start,,"{""description"":""Exceeding - extend beyond 1.00 (up to 2.00), complex sequences, word problems with hundredths"",""math"":{""fractions"":{""denominator"":100,""sequence"":{""numeratorRange"":{""min"":1,""max"":200},""directions"":[""forwards"",""backwards""],""startValues"":[0,25,50,75,100,125,150,175,200]}},""division"":{""wholeNumbers"":{""min"":100,""max"":2000},""divisor"":100},""tenthsRelation"":{""include"":true,""tenthsValues"":[1,2,3,4,5,6,7,8,9,10,11,12,13,14,15,16,17,18,19,20],""divideTenthsByTen"":true}},""presentation"":{""questionTypes"":{""options"":{""values"":[""count_hundredths"",""divide_by_100"",""name_hundredth"",""tenths_to_hundredths"",""divide_tenths"",""number_line"",""word_problem""],""select"":""one""}},""visualType"":""minimal"",""formats"":[""fraction"",""decimal"",""mixed""],""gapPosition"":""random""}}"
q_1764328650327_177,F01_Y4_FRAC,4,"Fractions, decimals and percentages","recognise, find, write, name and count fractions",4,text_input,"What is the missing number? 25/100, __, 27/100, 28/100, 29/100",26/100,The pattern counts forwards in hundredths,,"{""description"":""Exceeding - extend beyond 1.00 (up to 2.00), complex sequences, word problems with hundredths"",""math"":{""fractions"":{""denominator"":100,""sequence"":{""numeratorRange"":{""min"":1,""max"":200},""directions"":[""forwards"",""backwards""],""startValues"":[0,25,50,75,100,125,150,175,200]}},""division"":{""wholeNumbers"":{""min"":100,""max"":2000},""divisor"":100},""tenthsRelation"":{""include"":true,""tenthsValues"":[1,2,3,4,5,6,7,8,9,10,11,12,13,14,15,16,17,18,19,20],""divideTenthsByTen"":true}},""presentation"":{""questionTypes"":{""options"":{""values"":[""count_hundredths"",""divide_by_100"",""name_hundredth"",""tenths_to_hundredths"",""divide_tenths"",""number_line"",""word_problem""],""select"":""one""}},""visualType"":""minimal"",""formats"":[""fraction"",""decimal"",""mixed""],""gapPosition"":""random""}}"
q_1764328650327_178,F01_Y4_FRAC,4,"Fractions, decimals and percentages","recognise, find, write, name and count fractions",4,text_input,You have 53p. Write this as a fraction of £1.,53/100,"£1 = 100p, so 53p = 53/100 of £1",,"{""description"":""Exceeding - extend beyond 1.00 (up to 2.00), complex sequences, word problems with hundredths"",""math"":{""fractions"":{""denominator"":100,""sequence"":{""numeratorRange"":{""min"":1,""max"":200},""directions"":[""forwards"",""backwards""],""startValues"":[0,25,50,75,100,125,150,175,200]}},""division"":{""wholeNumbers"":{""min"":100,""max"":2000},""divisor"":100},""tenthsRelation"":{""include"":true,""tenthsValues"":[1,2,3,4,5,6,7,8,9,10,11,12,13,14,15,16,17,18,19,20],""divideTenthsByTen"":true}},""presentation"":{""questionTypes"":{""options"":{""values"":[""count_hundredths"",""divide_by_100"",""name_hundredth"",""tenths_to_hundredths"",""divide_tenths"",""number_line"",""word_problem""],""select"":""one""}},""visualType"":""minimal"",""formats"":[""fraction"",""decimal"",""mixed""],""gapPosition"":""random""}}"
q_1764328650327_179,F01_Y4_FRAC,4,"Fractions, decimals and percentages","recognise, find, write, name and count fractions",4,text_input,What is 1700 ÷ 100?,17.00,Dividing by 100 gives hundredths,,"{""description"":""Exceeding - extend beyond 1.00 (up to 2.00), complex sequences, word problems with hundredths"",""math"":{""fractions"":{""denominator"":100,""sequence"":{""numeratorRange"":{""min"":1,""max"":200},""directions"":[""forwards"",""backwards""],""startValues"":[0,25,50,75,100,125,150,175,200]}},""division"":{""wholeNumbers"":{""min"":100,""max"":2000},""divisor"":100},""tenthsRelation"":{""include"":true,""tenthsValues"":[1,2,3,4,5,6,7,8,9,10,11,12,13,14,15,16,17,18,19,20],""divideTenthsByTen"":true}},""presentation"":{""questionTypes"":{""options"":{""values"":[""count_hundredths"",""divide_by_100"",""name_hundredth"",""tenths_to_hundredths"",""divide_tenths"",""number_line"",""word_problem""],""select"":""one""}},""visualType"":""minimal"",""formats"":[""fraction"",""decimal"",""mixed""],""gapPosition"":""random""}}"
q_1764328650327_180,M01_Y4_MEAS,1,Measurement,"Compare, describe and order measures",4,multiple_choice,Which is smaller: £8.48 or £7.91?,£7.91,Convert both measurements to the same unit and compare,"[""£8.48"",""£7.91""]","{""description"":""Beginning - Compare measures in the same unit. Simple comparisons with clear differences (e.g., 500g vs 300g, £2.50 vs £1.75). Focus on two values only."",""math"":{""types"":[""length"",""mass"",""capacity"",""money""],""units"":{""length"":[""m"",""cm""],""mass"":[""kg"",""g""],""capacity"":[""l"",""ml""],""money"":[""pounds_decimal""]},""ranges"":{""m"":{""min"":1,""max"":10},""cm"":{""min"":10,""max"":100},""kg"":{""min"":1,""max"":10},""g"":{""min"":100,""max"":1000},""l"":{""min"":1,""max"":5},""ml"":{""min"":100,""max"":1000},""pounds"":{""min"":1,""max"":10}},""comparisonType"":""same_unit"",""orderCount"":2},""presentation"":{""questionTypes"":[""which_greater"",""which_smaller""],""visualType"":""text_only"",""showUnits"":true}}"
q_1764328650328_181,M01_Y4_MEAS,1,Measurement,"Compare, describe and order measures",4,multiple_choice,Which is greater: 243ml or 937ml?,937ml,Convert both measurements to the same unit and compare,"[""243ml"",""937ml""]","{""description"":""Beginning - Compare measures in the same unit. Simple comparisons with clear differences (e.g., 500g vs 300g, £2.50 vs £1.75). Focus on two values only."",""math"":{""types"":[""length"",""mass"",""capacity"",""money""],""units"":{""length"":[""m"",""cm""],""mass"":[""kg"",""g""],""capacity"":[""l"",""ml""],""money"":[""pounds_decimal""]},""ranges"":{""m"":{""min"":1,""max"":10},""cm"":{""min"":10,""max"":100},""kg"":{""min"":1,""max"":10},""g"":{""min"":100,""max"":1000},""l"":{""min"":1,""max"":5},""ml"":{""min"":100,""max"":1000},""pounds"":{""min"":1,""max"":10}},""comparisonType"":""same_unit"",""orderCount"":2},""presentation"":{""questionTypes"":[""which_greater"",""which_smaller""],""visualType"":""text_only"",""showUnits"":true}}"
q_1764328650328_182,M01_Y4_MEAS,1,Measurement,"Compare, describe and order measures",4,multiple_choice,Which is smaller: 392g or 724g?,392g,Convert both measurements to the same unit and compare,"[""392g"",""724g""]","{""description"":""Beginning - Compare measures in the same unit. Simple comparisons with clear differences (e.g., 500g vs 300g, £2.50 vs £1.75). Focus on two values only."",""math"":{""types"":[""length"",""mass"",""capacity"",""money""],""units"":{""length"":[""m"",""cm""],""mass"":[""kg"",""g""],""capacity"":[""l"",""ml""],""money"":[""pounds_decimal""]},""ranges"":{""m"":{""min"":1,""max"":10},""cm"":{""min"":10,""max"":100},""kg"":{""min"":1,""max"":10},""g"":{""min"":100,""max"":1000},""l"":{""min"":1,""max"":5},""ml"":{""min"":100,""max"":1000},""pounds"":{""min"":1,""max"":10}},""comparisonType"":""same_unit"",""orderCount"":2},""presentation"":{""questionTypes"":[""which_greater"",""which_smaller""],""visualType"":""text_only"",""showUnits"":true}}"
q_1764328650328_183,M01_Y4_MEAS,1,Measurement,"Compare, describe and order measures",4,multiple_choice,Which is greater: 1l or 5l?,5l,Convert both measurements to the same unit and compare,"[""1l"",""5l""]","{""description"":""Beginning - Compare measures in the same unit. Simple comparisons with clear differences (e.g., 500g vs 300g, £2.50 vs £1.75). Focus on two values only."",""math"":{""types"":[""length"",""mass"",""capacity"",""money""],""units"":{""length"":[""m"",""cm""],""mass"":[""kg"",""g""],""capacity"":[""l"",""ml""],""money"":[""pounds_decimal""]},""ranges"":{""m"":{""min"":1,""max"":10},""cm"":{""min"":10,""max"":100},""kg"":{""min"":1,""max"":10},""g"":{""min"":100,""max"":1000},""l"":{""min"":1,""max"":5},""ml"":{""min"":100,""max"":1000},""pounds"":{""min"":1,""max"":10}},""comparisonType"":""same_unit"",""orderCount"":2},""presentation"":{""questionTypes"":[""which_greater"",""which_smaller""],""visualType"":""text_only"",""showUnits"":true}}"
q_1764328650328_184,M01_Y4_MEAS,1,Measurement,"Compare, describe and order measures",4,multiple_choice,Which is smaller: 1l or 3l?,1l,Convert both measurements to the same unit and compare,"[""1l"",""3l""]","{""description"":""Beginning - Compare measures in the same unit. Simple comparisons with clear differences (e.g., 500g vs 300g, £2.50 vs £1.75). Focus on two values only."",""math"":{""types"":[""length"",""mass"",""capacity"",""money""],""units"":{""length"":[""m"",""cm""],""mass"":[""kg"",""g""],""capacity"":[""l"",""ml""],""money"":[""pounds_decimal""]},""ranges"":{""m"":{""min"":1,""max"":10},""cm"":{""min"":10,""max"":100},""kg"":{""min"":1,""max"":10},""g"":{""min"":100,""max"":1000},""l"":{""min"":1,""max"":5},""ml"":{""min"":100,""max"":1000},""pounds"":{""min"":1,""max"":10}},""comparisonType"":""same_unit"",""orderCount"":2},""presentation"":{""questionTypes"":[""which_greater"",""which_smaller""],""visualType"":""text_only"",""showUnits"":true}}"
q_1764328650328_185,M01_Y4_MEAS,2,Measurement,"Compare, describe and order measures",4,text_input,"Order these measurements from smallest to largest: 2km, 45m, 177cm","177cm, 45m, 2km","Convert all measurements to the same unit first, then order them",,"{""description"":""Developing - Compare with simple conversions (e.g., 1kg vs 800g, 100p vs £1.50). Include mixed unit comparisons with obvious answers. Order 2-3 items."",""math"":{""types"":[""length"",""mass"",""capacity"",""money""],""units"":{""length"":[""m"",""cm"",""km""],""mass"":[""kg"",""g""],""capacity"":[""l"",""ml""],""money"":[""pounds_decimal"",""pence""]},""ranges"":{""km"":{""min"":1,""max"":5},""m"":{""min"":1,""max"":100},""cm"":{""min"":50,""max"":500},""kg"":{""min"":1,""max"":10},""g"":{""min"":500,""max"":2000},""l"":{""min"":1,""max"":10},""ml"":{""min"":500,""max"":3000},""pounds"":{""min"":1,""max"":20},""pence"":{""min"":50,""max"":500}},""comparisonType"":""simple_conversion"",""orderCount"":3},""presentation"":{""questionTypes"":[""which_greater"",""which_smaller"",""order_ascending""],""visualType"":""text_only"",""showUnits"":true}}"
q_1764328650328_186,M01_Y4_MEAS,2,Measurement,"Compare, describe and order measures",4,multiple_choice,Which is smaller: £16.32 or 345p?,345p,Convert both measurements to the same unit and compare,"[""£16.32"",""345p""]","{""description"":""Developing - Compare with simple conversions (e.g., 1kg vs 800g, 100p vs £1.50). Include mixed unit comparisons with obvious answers. Order 2-3 items."",""math"":{""types"":[""length"",""mass"",""capacity"",""money""],""units"":{""length"":[""m"",""cm"",""km""],""mass"":[""kg"",""g""],""capacity"":[""l"",""ml""],""money"":[""pounds_decimal"",""pence""]},""ranges"":{""km"":{""min"":1,""max"":5},""m"":{""min"":1,""max"":100},""cm"":{""min"":50,""max"":500},""kg"":{""min"":1,""max"":10},""g"":{""min"":500,""max"":2000},""l"":{""min"":1,""max"":10},""ml"":{""min"":500,""max"":3000},""pounds"":{""min"":1,""max"":20},""pence"":{""min"":50,""max"":500}},""comparisonType"":""simple_conversion"",""orderCount"":3},""presentation"":{""questionTypes"":[""which_greater"",""which_smaller"",""order_ascending""],""visualType"":""text_only"",""showUnits"":true}}"
q_1764328650328_187,M01_Y4_MEAS,2,Measurement,"Compare, describe and order measures",4,multiple_choice,Which is smaller: 10l or 2779ml?,2779ml,Convert both measurements to the same unit and compare,"[""10l"",""2779ml""]","{""description"":""Developing - Compare with simple conversions (e.g., 1kg vs 800g, 100p vs £1.50). Include mixed unit comparisons with obvious answers. Order 2-3 items."",""math"":{""types"":[""length"",""mass"",""capacity"",""money""],""units"":{""length"":[""m"",""cm"",""km""],""mass"":[""kg"",""g""],""capacity"":[""l"",""ml""],""money"":[""pounds_decimal"",""pence""]},""ranges"":{""km"":{""min"":1,""max"":5},""m"":{""min"":1,""max"":100},""cm"":{""min"":50,""max"":500},""kg"":{""min"":1,""max"":10},""g"":{""min"":500,""max"":2000},""l"":{""min"":1,""max"":10},""ml"":{""min"":500,""max"":3000},""pounds"":{""min"":1,""max"":20},""pence"":{""min"":50,""max"":500}},""comparisonType"":""simple_conversion"",""orderCount"":3},""presentation"":{""questionTypes"":[""which_greater"",""which_smaller"",""order_ascending""],""visualType"":""text_only"",""showUnits"":true}}"
q_1764328650328_188,M01_Y4_MEAS,2,Measurement,"Compare, describe and order measures",4,multiple_choice,Which is smaller: £16.16 or 429p?,429p,Convert both measurements to the same unit and compare,"[""£16.16"",""429p""]","{""description"":""Developing - Compare with simple conversions (e.g., 1kg vs 800g, 100p vs £1.50). Include mixed unit comparisons with obvious answers. Order 2-3 items."",""math"":{""types"":[""length"",""mass"",""capacity"",""money""],""units"":{""length"":[""m"",""cm"",""km""],""mass"":[""kg"",""g""],""capacity"":[""l"",""ml""],""money"":[""pounds_decimal"",""pence""]},""ranges"":{""km"":{""min"":1,""max"":5},""m"":{""min"":1,""max"":100},""cm"":{""min"":50,""max"":500},""kg"":{""min"":1,""max"":10},""g"":{""min"":500,""max"":2000},""l"":{""min"":1,""max"":10},""ml"":{""min"":500,""max"":3000},""pounds"":{""min"":1,""max"":20},""pence"":{""min"":50,""max"":500}},""comparisonType"":""simple_conversion"",""orderCount"":3},""presentation"":{""questionTypes"":[""which_greater"",""which_smaller"",""order_ascending""],""visualType"":""text_only"",""showUnits"":true}}"
q_1764328650328_189,M01_Y4_MEAS,2,Measurement,"Compare, describe and order measures",4,text_input,"Order these measurements from smallest to largest: £19.33, £20.56, £2.18","£2.18, £19.33, £20.56","Convert all measurements to the same unit first, then order them",,"{""description"":""Developing - Compare with simple conversions (e.g., 1kg vs 800g, 100p vs £1.50). Include mixed unit comparisons with obvious answers. Order 2-3 items."",""math"":{""types"":[""length"",""mass"",""capacity"",""money""],""units"":{""length"":[""m"",""cm"",""km""],""mass"":[""kg"",""g""],""capacity"":[""l"",""ml""],""money"":[""pounds_decimal"",""pence""]},""ranges"":{""km"":{""min"":1,""max"":5},""m"":{""min"":1,""max"":100},""cm"":{""min"":50,""max"":500},""kg"":{""min"":1,""max"":10},""g"":{""min"":500,""max"":2000},""l"":{""min"":1,""max"":10},""ml"":{""min"":500,""max"":3000},""pounds"":{""min"":1,""max"":20},""pence"":{""min"":50,""max"":500}},""comparisonType"":""simple_conversion"",""orderCount"":3},""presentation"":{""questionTypes"":[""which_greater"",""which_smaller"",""order_ascending""],""visualType"":""text_only"",""showUnits"":true}}"
q_1764328650328_190,M01_Y4_MEAS,3,Measurement,"Compare, describe and order measures",4,multiple_choice,Which is smaller: 3km or 5km?,3km,Convert both measurements to the same unit and compare,"[""3km"",""5km""]","{""description"":""Meeting - Full curriculum: compare mixed units and money notation (e.g., 2m 50cm vs 240cm, £4.20 vs 450p). Order 3 items with mixed representations."",""math"":{""types"":[""length"",""mass"",""capacity"",""money""],""units"":{""length"":[""m"",""cm"",""mm"",""km"",""mixed_m_cm""],""mass"":[""kg"",""g"",""mixed_kg_g""],""capacity"":[""l"",""ml"",""mixed_l_ml""],""money"":[""pounds_decimal"",""pence"",""mixed_pounds_pence""]},""ranges"":{""km"":{""min"":1,""max"":10},""m"":{""min"":1,""max"":500},""cm"":{""min"":10,""max"":999},""mm"":{""min"":10,""max"":500},""kg"":{""min"":1,""max"":20},""g"":{""min"":100,""max"":5000},""l"":{""min"":1,""max"":20},""ml"":{""min"":100,""max"":5000},""pounds"":{""min"":1,""max"":50},""pence"":{""min"":50,""max"":999}},""comparisonType"":""mixed_notation"",""orderCount"":3},""presentation"":{""questionTypes"":[""which_greater"",""which_smaller"",""order_ascending"",""are_equal""],""visualType"":""text_only"",""showUnits"":true}}"
q_1764328650328_191,M01_Y4_MEAS,3,Measurement,"Compare, describe and order measures",4,multiple_choice,Which is smaller: £9 99p or £8 12p?,£8 12p,Convert both measurements to the same unit and compare,"[""£9 99p"",""£8 12p""]","{""description"":""Meeting - Full curriculum: compare mixed units and money notation (e.g., 2m 50cm vs 240cm, £4.20 vs 450p). Order 3 items with mixed representations."",""math"":{""types"":[""length"",""mass"",""capacity"",""money""],""units"":{""length"":[""m"",""cm"",""mm"",""km"",""mixed_m_cm""],""mass"":[""kg"",""g"",""mixed_kg_g""],""capacity"":[""l"",""ml"",""mixed_l_ml""],""money"":[""pounds_decimal"",""pence"",""mixed_pounds_pence""]},""ranges"":{""km"":{""min"":1,""max"":10},""m"":{""min"":1,""max"":500},""cm"":{""min"":10,""max"":999},""mm"":{""min"":10,""max"":500},""kg"":{""min"":1,""max"":20},""g"":{""min"":100,""max"":5000},""l"":{""min"":1,""max"":20},""ml"":{""min"":100,""max"":5000},""pounds"":{""min"":1,""max"":50},""pence"":{""min"":50,""max"":999}},""comparisonType"":""mixed_notation"",""orderCount"":3},""presentation"":{""questionTypes"":[""which_greater"",""which_smaller"",""order_ascending"",""are_equal""],""visualType"":""text_only"",""showUnits"":true}}"
q_1764328650328_192,M01_Y4_MEAS,3,Measurement,"Compare, describe and order measures",4,multiple_choice,Which is greater: 6l or 4356ml?,6l,Convert both measurements to the same unit and compare,"[""6l"",""4356ml""]","{""description"":""Meeting - Full curriculum: compare mixed units and money notation (e.g., 2m 50cm vs 240cm, £4.20 vs 450p). Order 3 items with mixed representations."",""math"":{""types"":[""length"",""mass"",""capacity"",""money""],""units"":{""length"":[""m"",""cm"",""mm"",""km"",""mixed_m_cm""],""mass"":[""kg"",""g"",""mixed_kg_g""],""capacity"":[""l"",""ml"",""mixed_l_ml""],""money"":[""pounds_decimal"",""pence"",""mixed_pounds_pence""]},""ranges"":{""km"":{""min"":1,""max"":10},""m"":{""min"":1,""max"":500},""cm"":{""min"":10,""max"":999},""mm"":{""min"":10,""max"":500},""kg"":{""min"":1,""max"":20},""g"":{""min"":100,""max"":5000},""l"":{""min"":1,""max"":20},""ml"":{""min"":100,""max"":5000},""pounds"":{""min"":1,""max"":50},""pence"":{""min"":50,""max"":999}},""comparisonType"":""mixed_notation"",""orderCount"":3},""presentation"":{""questionTypes"":[""which_greater"",""which_smaller"",""order_ascending"",""are_equal""],""visualType"":""text_only"",""showUnits"":true}}"
q_1764328650328_193,M01_Y4_MEAS,3,Measurement,"Compare, describe and order measures",4,multiple_choice,Which is smaller: 4063g or 4kg?,4kg,Convert both measurements to the same unit and compare,"[""4063g"",""4kg""]","{""description"":""Meeting - Full curriculum: compare mixed units and money notation (e.g., 2m 50cm vs 240cm, £4.20 vs 450p). Order 3 items with mixed representations."",""math"":{""types"":[""length"",""mass"",""capacity"",""money""],""units"":{""length"":[""m"",""cm"",""mm"",""km"",""mixed_m_cm""],""mass"":[""kg"",""g"",""mixed_kg_g""],""capacity"":[""l"",""ml"",""mixed_l_ml""],""money"":[""pounds_decimal"",""pence"",""mixed_pounds_pence""]},""ranges"":{""km"":{""min"":1,""max"":10},""m"":{""min"":1,""max"":500},""cm"":{""min"":10,""max"":999},""mm"":{""min"":10,""max"":500},""kg"":{""min"":1,""max"":20},""g"":{""min"":100,""max"":5000},""l"":{""min"":1,""max"":20},""ml"":{""min"":100,""max"":5000},""pounds"":{""min"":1,""max"":50},""pence"":{""min"":50,""max"":999}},""comparisonType"":""mixed_notation"",""orderCount"":3},""presentation"":{""questionTypes"":[""which_greater"",""which_smaller"",""order_ascending"",""are_equal""],""visualType"":""text_only"",""showUnits"":true}}"
q_1764328650328_194,M01_Y4_MEAS,3,Measurement,"Compare, describe and order measures",4,text_input,"Order these measurements from smallest to largest: 2103g, 3kg 450g, 5kg","2103g, 3kg 450g, 5kg","Convert all measurements to the same unit first, then order them",,"{""description"":""Meeting - Full curriculum: compare mixed units and money notation (e.g., 2m 50cm vs 240cm, £4.20 vs 450p). Order 3 items with mixed representations."",""math"":{""types"":[""length"",""mass"",""capacity"",""money""],""units"":{""length"":[""m"",""cm"",""mm"",""km"",""mixed_m_cm""],""mass"":[""kg"",""g"",""mixed_kg_g""],""capacity"":[""l"",""ml"",""mixed_l_ml""],""money"":[""pounds_decimal"",""pence"",""mixed_pounds_pence""]},""ranges"":{""km"":{""min"":1,""max"":10},""m"":{""min"":1,""max"":500},""cm"":{""min"":10,""max"":999},""mm"":{""min"":10,""max"":500},""kg"":{""min"":1,""max"":20},""g"":{""min"":100,""max"":5000},""l"":{""min"":1,""max"":20},""ml"":{""min"":100,""max"":5000},""pounds"":{""min"":1,""max"":50},""pence"":{""min"":50,""max"":999}},""comparisonType"":""mixed_notation"",""orderCount"":3},""presentation"":{""questionTypes"":[""which_greater"",""which_smaller"",""order_ascending"",""are_equal""],""visualType"":""text_only"",""showUnits"":true}}"
q_1764328650328_195,M01_Y4_MEAS,4,Measurement,"Compare, describe and order measures",4,multiple_choice,Which is greater: 1413ml or 2200ml?,2200ml,Convert both measurements to the same unit and compare,"[""1413ml"",""2200ml""]","{""description"":""Exceeding - Order 4 measures with complex mixed notation. Include equivalence questions and reasoning (e.g., 'Which two are equal?'). Larger ranges and more challenging conversions."",""math"":{""types"":[""length"",""mass"",""capacity"",""money""],""units"":{""length"":[""m"",""cm"",""mm"",""km"",""mixed_m_cm"",""mixed_km_m""],""mass"":[""kg"",""g"",""mixed_kg_g""],""capacity"":[""l"",""ml"",""mixed_l_ml""],""money"":[""pounds_decimal"",""pence"",""mixed_pounds_pence""]},""ranges"":{""km"":{""min"":1,""max"":100},""m"":{""min"":1,""max"":9999},""cm"":{""min"":10,""max"":999},""mm"":{""min"":10,""max"":999},""kg"":{""min"":1,""max"":100},""g"":{""min"":100,""max"":9999},""l"":{""min"":1,""max"":100},""ml"":{""min"":100,""max"":9999},""pounds"":{""min"":1,""max"":100},""pence"":{""min"":50,""max"":9999}},""comparisonType"":""complex_mixed"",""orderCount"":4},""presentation"":{""questionTypes"":[""which_greater"",""which_smaller"",""order_ascending"",""order_descending"",""are_equal"",""find_equivalent""],""visualType"":""text_only"",""showUnits"":true}}"
q_1764328650329_196,M01_Y4_MEAS,4,Measurement,"Compare, describe and order measures",4,text_input,"Which two measurements are equal? 70km, 6172m, 3km 604m, 4597m (Answer 'none' if no two are equal)",none,Convert all measurements to the same unit and look for equal values,,"{""description"":""Exceeding - Order 4 measures with complex mixed notation. Include equivalence questions and reasoning (e.g., 'Which two are equal?'). Larger ranges and more challenging conversions."",""math"":{""types"":[""length"",""mass"",""capacity"",""money""],""units"":{""length"":[""m"",""cm"",""mm"",""km"",""mixed_m_cm"",""mixed_km_m""],""mass"":[""kg"",""g"",""mixed_kg_g""],""capacity"":[""l"",""ml"",""mixed_l_ml""],""money"":[""pounds_decimal"",""pence"",""mixed_pounds_pence""]},""ranges"":{""km"":{""min"":1,""max"":100},""m"":{""min"":1,""max"":9999},""cm"":{""min"":10,""max"":999},""mm"":{""min"":10,""max"":999},""kg"":{""min"":1,""max"":100},""g"":{""min"":100,""max"":9999},""l"":{""min"":1,""max"":100},""ml"":{""min"":100,""max"":9999},""pounds"":{""min"":1,""max"":100},""pence"":{""min"":50,""max"":9999}},""comparisonType"":""complex_mixed"",""orderCount"":4},""presentation"":{""questionTypes"":[""which_greater"",""which_smaller"",""order_ascending"",""order_descending"",""are_equal"",""find_equivalent""],""visualType"":""text_only"",""showUnits"":true}}"
q_1764328650329_197,M01_Y4_MEAS,4,Measurement,"Compare, describe and order measures",4,multiple_choice,Are these measurements equal? 4l 833ml and 2l 620ml,no,Convert both measurements to the same unit to check if they are equal,"[""yes"",""no""]","{""description"":""Exceeding - Order 4 measures with complex mixed notation. Include equivalence questions and reasoning (e.g., 'Which two are equal?'). Larger ranges and more challenging conversions."",""math"":{""types"":[""length"",""mass"",""capacity"",""money""],""units"":{""length"":[""m"",""cm"",""mm"",""km"",""mixed_m_cm"",""mixed_km_m""],""mass"":[""kg"",""g"",""mixed_kg_g""],""capacity"":[""l"",""ml"",""mixed_l_ml""],""money"":[""pounds_decimal"",""pence"",""mixed_pounds_pence""]},""ranges"":{""km"":{""min"":1,""max"":100},""m"":{""min"":1,""max"":9999},""cm"":{""min"":10,""max"":999},""mm"":{""min"":10,""max"":999},""kg"":{""min"":1,""max"":100},""g"":{""min"":100,""max"":9999},""l"":{""min"":1,""max"":100},""ml"":{""min"":100,""max"":9999},""pounds"":{""min"":1,""max"":100},""pence"":{""min"":50,""max"":9999}},""comparisonType"":""complex_mixed"",""orderCount"":4},""presentation"":{""questionTypes"":[""which_greater"",""which_smaller"",""order_ascending"",""order_descending"",""are_equal"",""find_equivalent""],""visualType"":""text_only"",""showUnits"":true}}"
q_1764328650329_198,M01_Y4_MEAS,4,Measurement,"Compare, describe and order measures",4,multiple_choice,Which is greater: 910cm or 81km?,81km,Convert both measurements to the same unit and compare,"[""910cm"",""81km""]","{""description"":""Exceeding - Order 4 measures with complex mixed notation. Include equivalence questions and reasoning (e.g., 'Which two are equal?'). Larger ranges and more challenging conversions."",""math"":{""types"":[""length"",""mass"",""capacity"",""money""],""units"":{""length"":[""m"",""cm"",""mm"",""km"",""mixed_m_cm"",""mixed_km_m""],""mass"":[""kg"",""g"",""mixed_kg_g""],""capacity"":[""l"",""ml"",""mixed_l_ml""],""money"":[""pounds_decimal"",""pence"",""mixed_pounds_pence""]},""ranges"":{""km"":{""min"":1,""max"":100},""m"":{""min"":1,""max"":9999},""cm"":{""min"":10,""max"":999},""mm"":{""min"":10,""max"":999},""kg"":{""min"":1,""max"":100},""g"":{""min"":100,""max"":9999},""l"":{""min"":1,""max"":100},""ml"":{""min"":100,""max"":9999},""pounds"":{""min"":1,""max"":100},""pence"":{""min"":50,""max"":9999}},""comparisonType"":""complex_mixed"",""orderCount"":4},""presentation"":{""questionTypes"":[""which_greater"",""which_smaller"",""order_ascending"",""order_descending"",""are_equal"",""find_equivalent""],""visualType"":""text_only"",""showUnits"":true}}"
q_1764328650329_199,M01_Y4_MEAS,4,Measurement,"Compare, describe and order measures",4,text_input,"Order these measurements from smallest to largest: £3 22p, £60.13, £9 55p, £10 28p","£3 22p, £9 55p, £10 28p, £60.13","Convert all measurements to the same unit first, then order them",,"{""description"":""Exceeding - Order 4 measures with complex mixed notation. Include equivalence questions and reasoning (e.g., 'Which two are equal?'). Larger ranges and more challenging conversions."",""math"":{""types"":[""length"",""mass"",""capacity"",""money""],""units"":{""length"":[""m"",""cm"",""mm"",""km"",""mixed_m_cm"",""mixed_km_m""],""mass"":[""kg"",""g"",""mixed_kg_g""],""capacity"":[""l"",""ml"",""mixed_l_ml""],""money"":[""pounds_decimal"",""pence"",""mixed_pounds_pence""]},""ranges"":{""km"":{""min"":1,""max"":100},""m"":{""min"":1,""max"":9999},""cm"":{""min"":10,""max"":999},""mm"":{""min"":10,""max"":999},""kg"":{""min"":1,""max"":100},""g"":{""min"":100,""max"":9999},""l"":{""min"":1,""max"":100},""ml"":{""min"":100,""max"":9999},""pounds"":{""min"":1,""max"":100},""pence"":{""min"":50,""max"":9999}},""comparisonType"":""complex_mixed"",""orderCount"":4},""presentation"":{""questionTypes"":[""which_greater"",""which_smaller"",""order_ascending"",""order_descending"",""are_equal"",""find_equivalent""],""visualType"":""text_only"",""showUnits"":true}}"