id,module,level,strand,substrand,year,type,text,answer,hint,options,params
q_1764328354349_0,N01_Y1_NPV,1,Number and Place Value,Counting (in multiples),1,text_input,"What is the missing number? 0, 5, __",10,The pattern counts forwards in 5s,,"{""description"":""Beginning - Count forwards only from 0, in steps of 2, 5, or 10, up to 30. Shortest sequences (3 numbers) with gap at end for predictability."",""math"":{""range"":{""min"":0,""max"":30},""sequence"":{""steps"":[2,5,10],""length"":3,""directions"":[""forwards""],""startStrategy"":""zero_only""}},""presentation"":{""gaps"":{""position"":""end"",""count"":1},""visualType"":""sequence""}}"
q_1764328354349_1,N01_Y1_NPV,1,Number and Place Value,Counting (in multiples),1,text_input,"What is the missing number? 0, 2, __",4,The pattern counts forwards in 2s,,"{""description"":""Beginning - Count forwards only from 0, in steps of 2, 5, or 10, up to 30. Shortest sequences (3 numbers) with gap at end for predictability."",""math"":{""range"":{""min"":0,""max"":30},""sequence"":{""steps"":[2,5,10],""length"":3,""directions"":[""forwards""],""startStrategy"":""zero_only""}},""presentation"":{""gaps"":{""position"":""end"",""count"":1},""visualType"":""sequence""}}"
q_1764328354349_2,N01_Y1_NPV,1,Number and Place Value,Counting (in multiples),1,text_input,"What is the missing number? 0, 5, __",10,The pattern counts forwards in 5s,,"{""description"":""Beginning - Count forwards only from 0, in steps of 2, 5, or 10, up to 30. Shortest sequences (3 numbers) with gap at end for predictability."",""math"":{""range"":{""min"":0,""max"":30},""sequence"":{""steps"":[2,5,10],""length"":3,""directions"":[""forwards""],""startStrategy"":""zero_only""}},""presentation"":{""gaps"":{""position"":""end"",""count"":1},""visualType"":""sequence""}}"
q_1764328354349_3,N01_Y1_NPV,1,Number and Place Value,Counting (in multiples),1,text_input,"What is the missing number? 0, 10, __",20,The pattern counts forwards in 10s,,"{""description"":""Beginning - Count forwards only from 0, in steps of 2, 5, or 10, up to 30. Shortest sequences (3 numbers) with gap at end for predictability."",""math"":{""range"":{""min"":0,""max"":30},""sequence"":{""steps"":[2,5,10],""length"":3,""directions"":[""forwards""],""startStrategy"":""zero_only""}},""presentation"":{""gaps"":{""position"":""end"",""count"":1},""visualType"":""sequence""}}"
q_1764328354349_4,N01_Y1_NPV,1,Number and Place Value,Counting (in multiples),1,text_input,"What is the missing number? 0, 5, __",10,The pattern counts forwards in 5s,,"{""description"":""Beginning - Count forwards only from 0, in steps of 2, 5, or 10, up to 30. Shortest sequences (3 numbers) with gap at end for predictability."",""math"":{""range"":{""min"":0,""max"":30},""sequence"":{""steps"":[2,5,10],""length"":3,""directions"":[""forwards""],""startStrategy"":""zero_only""}},""presentation"":{""gaps"":{""position"":""end"",""count"":1},""visualType"":""sequence""}}"
q_1764328354349_5,N01_Y1_NPV,1,Number and Place Value,Counting (in multiples),1,text_input,"What is the missing number? 0, 10, __",20,The pattern counts forwards in 10s,,"{""description"":""Beginning - Count forwards only from 0, in steps of 2, 5, or 10, up to 30. Shortest sequences (3 numbers) with gap at end for predictability."",""math"":{""range"":{""min"":0,""max"":30},""sequence"":{""steps"":[2,5,10],""length"":3,""directions"":[""forwards""],""startStrategy"":""zero_only""}},""presentation"":{""gaps"":{""position"":""end"",""count"":1},""visualType"":""sequence""}}"
q_1764328354349_6,N01_Y1_NPV,1,Number and Place Value,Counting (in multiples),1,text_input,"What is the missing number? 0, 2, __",4,The pattern counts forwards in 2s,,"{""description"":""Beginning - Count forwards only from 0, in steps of 2, 5, or 10, up to 30. Shortest sequences (3 numbers) with gap at end for predictability."",""math"":{""range"":{""min"":0,""max"":30},""sequence"":{""steps"":[2,5,10],""length"":3,""directions"":[""forwards""],""startStrategy"":""zero_only""}},""presentation"":{""gaps"":{""position"":""end"",""count"":1},""visualType"":""sequence""}}"
q_1764328354349_7,N01_Y1_NPV,1,Number and Place Value,Counting (in multiples),1,text_input,"What is the missing number? 0, 10, __",20,The pattern counts forwards in 10s,,"{""description"":""Beginning - Count forwards only from 0, in steps of 2, 5, or 10, up to 30. Shortest sequences (3 numbers) with gap at end for predictability."",""math"":{""range"":{""min"":0,""max"":30},""sequence"":{""steps"":[2,5,10],""length"":3,""directions"":[""forwards""],""startStrategy"":""zero_only""}},""presentation"":{""gaps"":{""position"":""end"",""count"":1},""visualType"":""sequence""}}"
q_1764328354349_8,N01_Y1_NPV,1,Number and Place Value,Counting (in multiples),1,text_input,"What is the missing number? 0, 5, __",10,The pattern counts forwards in 5s,,"{""description"":""Beginning - Count forwards only from 0, in steps of 2, 5, or 10, up to 30. Shortest sequences (3 numbers) with gap at end for predictability."",""math"":{""range"":{""min"":0,""max"":30},""sequence"":{""steps"":[2,5,10],""length"":3,""directions"":[""forwards""],""startStrategy"":""zero_only""}},""presentation"":{""gaps"":{""position"":""end"",""count"":1},""visualType"":""sequence""}}"
q_1764328354349_9,N01_Y1_NPV,1,Number and Place Value,Counting (in multiples),1,text_input,"What is the missing number? 0, 10, __",20,The pattern counts forwards in 10s,,"{""description"":""Beginning - Count forwards only from 0, in steps of 2, 5, or 10, up to 30. Shortest sequences (3 numbers) with gap at end for predictability."",""math"":{""range"":{""min"":0,""max"":30},""sequence"":{""steps"":[2,5,10],""length"":3,""directions"":[""forwards""],""startStrategy"":""zero_only""}},""presentation"":{""gaps"":{""position"":""end"",""count"":1},""visualType"":""sequence""}}"
q_1764328354350_10,N01_Y1_NPV,2,Number and Place Value,Counting (in multiples),1,text_input,"What is the missing number? 1, __, 5, 7",3,The pattern counts forwards in 2s,,"{""description"":""Developing - Count forwards from 0 or 1, in steps of 2, 5, or 10, up to 50. Longer sequences (4 numbers) with gap at end or middle."",""math"":{""range"":{""min"":0,""max"":50},""sequence"":{""steps"":[2,5,10],""length"":4,""directions"":[""forwards""],""startStrategy"":""zero_or_one""}},""presentation"":{""gaps"":{""position"":""middle"",""count"":1},""visualType"":""sequence""}}"
q_1764328354350_11,N01_Y1_NPV,2,Number and Place Value,Counting (in multiples),1,text_input,"What is the missing number? 1, __, 11, 16",6,The pattern counts forwards in 5s,,"{""description"":""Developing - Count forwards from 0 or 1, in steps of 2, 5, or 10, up to 50. Longer sequences (4 numbers) with gap at end or middle."",""math"":{""range"":{""min"":0,""max"":50},""sequence"":{""steps"":[2,5,10],""length"":4,""directions"":[""forwards""],""startStrategy"":""zero_or_one""}},""presentation"":{""gaps"":{""position"":""middle"",""count"":1},""visualType"":""sequence""}}"
q_1764328354350_12,N01_Y1_NPV,2,Number and Place Value,Counting (in multiples),1,text_input,"What is the missing number? 0, __, 10, 15",5,The pattern counts forwards in 5s,,"{""description"":""Developing - Count forwards from 0 or 1, in steps of 2, 5, or 10, up to 50. Longer sequences (4 numbers) with gap at end or middle."",""math"":{""range"":{""min"":0,""max"":50},""sequence"":{""steps"":[2,5,10],""length"":4,""directions"":[""forwards""],""startStrategy"":""zero_or_one""}},""presentation"":{""gaps"":{""position"":""middle"",""count"":1},""visualType"":""sequence""}}"
q_1764328354350_13,N01_Y1_NPV,2,Number and Place Value,Counting (in multiples),1,text_input,"What is the missing number? 0, __, 4, 6",2,The pattern counts forwards in 2s,,"{""description"":""Developing - Count forwards from 0 or 1, in steps of 2, 5, or 10, up to 50. Longer sequences (4 numbers) with gap at end or middle."",""math"":{""range"":{""min"":0,""max"":50},""sequence"":{""steps"":[2,5,10],""length"":4,""directions"":[""forwards""],""startStrategy"":""zero_or_one""}},""presentation"":{""gaps"":{""position"":""middle"",""count"":1},""visualType"":""sequence""}}"
q_1764328354350_14,N01_Y1_NPV,2,Number and Place Value,Counting (in multiples),1,text_input,"What is the missing number? 0, __, 10, 15",5,The pattern counts forwards in 5s,,"{""description"":""Developing - Count forwards from 0 or 1, in steps of 2, 5, or 10, up to 50. Longer sequences (4 numbers) with gap at end or middle."",""math"":{""range"":{""min"":0,""max"":50},""sequence"":{""steps"":[2,5,10],""length"":4,""directions"":[""forwards""],""startStrategy"":""zero_or_one""}},""presentation"":{""gaps"":{""position"":""middle"",""count"":1},""visualType"":""sequence""}}"
q_1764328354350_15,N01_Y1_NPV,2,Number and Place Value,Counting (in multiples),1,text_input,"What is the missing number? 1, __, 11, 16",6,The pattern counts forwards in 5s,,"{""description"":""Developing - Count forwards from 0 or 1, in steps of 2, 5, or 10, up to 50. Longer sequences (4 numbers) with gap at end or middle."",""math"":{""range"":{""min"":0,""max"":50},""sequence"":{""steps"":[2,5,10],""length"":4,""directions"":[""forwards""],""startStrategy"":""zero_or_one""}},""presentation"":{""gaps"":{""position"":""middle"",""count"":1},""visualType"":""sequence""}}"
q_1764328354350_16,N01_Y1_NPV,2,Number and Place Value,Counting (in multiples),1,text_input,"What is the missing number? 0, __, 4, 6",2,The pattern counts forwards in 2s,,"{""description"":""Developing - Count forwards from 0 or 1, in steps of 2, 5, or 10, up to 50. Longer sequences (4 numbers) with gap at end or middle."",""math"":{""range"":{""min"":0,""max"":50},""sequence"":{""steps"":[2,5,10],""length"":4,""directions"":[""forwards""],""startStrategy"":""zero_or_one""}},""presentation"":{""gaps"":{""position"":""middle"",""count"":1},""visualType"":""sequence""}}"
q_1764328354350_17,N01_Y1_NPV,2,Number and Place Value,Counting (in multiples),1,text_input,"What is the missing number? 1, __, 11, 16",6,The pattern counts forwards in 5s,,"{""description"":""Developing - Count forwards from 0 or 1, in steps of 2, 5, or 10, up to 50. Longer sequences (4 numbers) with gap at end or middle."",""math"":{""range"":{""min"":0,""max"":50},""sequence"":{""steps"":[2,5,10],""length"":4,""directions"":[""forwards""],""startStrategy"":""zero_or_one""}},""presentation"":{""gaps"":{""position"":""middle"",""count"":1},""visualType"":""sequence""}}"
q_1764328354350_18,N01_Y1_NPV,2,Number and Place Value,Counting (in multiples),1,text_input,"What is the missing number? 1, __, 11, 16",6,The pattern counts forwards in 5s,,"{""description"":""Developing - Count forwards from 0 or 1, in steps of 2, 5, or 10, up to 50. Longer sequences (4 numbers) with gap at end or middle."",""math"":{""range"":{""min"":0,""max"":50},""sequence"":{""steps"":[2,5,10],""length"":4,""directions"":[""forwards""],""startStrategy"":""zero_or_one""}},""presentation"":{""gaps"":{""position"":""middle"",""count"":1},""visualType"":""sequence""}}"
q_1764328354350_19,N01_Y1_NPV,2,Number and Place Value,Counting (in multiples),1,text_input,"What is the missing number? 1, __, 5, 7",3,The pattern counts forwards in 2s,,"{""description"":""Developing - Count forwards from 0 or 1, in steps of 2, 5, or 10, up to 50. Longer sequences (4 numbers) with gap at end or middle."",""math"":{""range"":{""min"":0,""max"":50},""sequence"":{""steps"":[2,5,10],""length"":4,""directions"":[""forwards""],""startStrategy"":""zero_or_one""}},""presentation"":{""gaps"":{""position"":""middle"",""count"":1},""visualType"":""sequence""}}"
q_1764328354350_20,N01_Y1_NPV,3,Number and Place Value,Counting (in multiples),1,text_input,"What is the missing number? 95, 100, __, 110, 115",105,The pattern counts forwards in 5s,,"{""description"":""Meeting - Full curriculum: count forwards and backwards from any given number in multiples of 2, 5, 10, up to and across 100. Standard length sequences (5 numbers)."",""math"":{""range"":{""min"":0,""max"":100},""sequence"":{""steps"":[2,5,10],""length"":5,""directions"":[""forwards"",""backwards""],""startStrategy"":""any_multiple""}},""presentation"":{""gaps"":{""position"":""middle"",""count"":1},""visualType"":""sequence""}}"
q_1764328354350_21,N01_Y1_NPV,3,Number and Place Value,Counting (in multiples),1,text_input,"What is the missing number? 16, 18, __, 22, 24",20,The pattern counts forwards in 2s,,"{""description"":""Meeting - Full curriculum: count forwards and backwards from any given number in multiples of 2, 5, 10, up to and across 100. Standard length sequences (5 numbers)."",""math"":{""range"":{""min"":0,""max"":100},""sequence"":{""steps"":[2,5,10],""length"":5,""directions"":[""forwards"",""backwards""],""startStrategy"":""any_multiple""}},""presentation"":{""gaps"":{""position"":""middle"",""count"":1},""visualType"":""sequence""}}"
q_1764328354350_22,N01_Y1_NPV,3,Number and Place Value,Counting (in multiples),1,text_input,"What is the missing number? 4, 6, __, 10, 12",8,The pattern counts forwards in 2s,,"{""description"":""Meeting - Full curriculum: count forwards and backwards from any given number in multiples of 2, 5, 10, up to and across 100. Standard length sequences (5 numbers)."",""math"":{""range"":{""min"":0,""max"":100},""sequence"":{""steps"":[2,5,10],""length"":5,""directions"":[""forwards"",""backwards""],""startStrategy"":""any_multiple""}},""presentation"":{""gaps"":{""position"":""middle"",""count"":1},""visualType"":""sequence""}}"
q_1764328354350_23,N01_Y1_NPV,3,Number and Place Value,Counting (in multiples),1,text_input,"What is the missing number? 50, 40, __, 20, 10",30,The pattern counts backwards in 10s,,"{""description"":""Meeting - Full curriculum: count forwards and backwards from any given number in multiples of 2, 5, 10, up to and across 100. Standard length sequences (5 numbers)."",""math"":{""range"":{""min"":0,""max"":100},""sequence"":{""steps"":[2,5,10],""length"":5,""directions"":[""forwards"",""backwards""],""startStrategy"":""any_multiple""}},""presentation"":{""gaps"":{""position"":""middle"",""count"":1},""visualType"":""sequence""}}"
q_1764328354350_24,N01_Y1_NPV,3,Number and Place Value,Counting (in multiples),1,text_input,"What is the missing number? 70, 80, __, 100, 110",90,The pattern counts forwards in 10s,,"{""description"":""Meeting - Full curriculum: count forwards and backwards from any given number in multiples of 2, 5, 10, up to and across 100. Standard length sequences (5 numbers)."",""math"":{""range"":{""min"":0,""max"":100},""sequence"":{""steps"":[2,5,10],""length"":5,""directions"":[""forwards"",""backwards""],""startStrategy"":""any_multiple""}},""presentation"":{""gaps"":{""position"":""middle"",""count"":1},""visualType"":""sequence""}}"
q_1764328354350_25,N01_Y1_NPV,3,Number and Place Value,Counting (in multiples),1,text_input,"What is the missing number? 60, 50, __, 30, 20",40,The pattern counts backwards in 10s,,"{""description"":""Meeting - Full curriculum: count forwards and backwards from any given number in multiples of 2, 5, 10, up to and across 100. Standard length sequences (5 numbers)."",""math"":{""range"":{""min"":0,""max"":100},""sequence"":{""steps"":[2,5,10],""length"":5,""directions"":[""forwards"",""backwards""],""startStrategy"":""any_multiple""}},""presentation"":{""gaps"":{""position"":""middle"",""count"":1},""visualType"":""sequence""}}"
q_1764328354350_26,N01_Y1_NPV,3,Number and Place Value,Counting (in multiples),1,text_input,"What is the missing number? 90, 95, __, 105, 110",100,The pattern counts forwards in 5s,,"{""description"":""Meeting - Full curriculum: count forwards and backwards from any given number in multiples of 2, 5, 10, up to and across 100. Standard length sequences (5 numbers)."",""math"":{""range"":{""min"":0,""max"":100},""sequence"":{""steps"":[2,5,10],""length"":5,""directions"":[""forwards"",""backwards""],""startStrategy"":""any_multiple""}},""presentation"":{""gaps"":{""position"":""middle"",""count"":1},""visualType"":""sequence""}}"
q_1764328354350_27,N01_Y1_NPV,3,Number and Place Value,Counting (in multiples),1,text_input,"What is the missing number? 70, 65, __, 55, 50",60,The pattern counts backwards in 5s,,"{""description"":""Meeting - Full curriculum: count forwards and backwards from any given number in multiples of 2, 5, 10, up to and across 100. Standard length sequences (5 numbers)."",""math"":{""range"":{""min"":0,""max"":100},""sequence"":{""steps"":[2,5,10],""length"":5,""directions"":[""forwards"",""backwards""],""startStrategy"":""any_multiple""}},""presentation"":{""gaps"":{""position"":""middle"",""count"":1},""visualType"":""sequence""}}"
q_1764328354350_28,N01_Y1_NPV,3,Number and Place Value,Counting (in multiples),1,text_input,"What is the missing number? 45, 50, __, 60, 65",55,The pattern counts forwards in 5s,,"{""description"":""Meeting - Full curriculum: count forwards and backwards from any given number in multiples of 2, 5, 10, up to and across 100. Standard length sequences (5 numbers)."",""math"":{""range"":{""min"":0,""max"":100},""sequence"":{""steps"":[2,5,10],""length"":5,""directions"":[""forwards"",""backwards""],""startStrategy"":""any_multiple""}},""presentation"":{""gaps"":{""position"":""middle"",""count"":1},""visualType"":""sequence""}}"
q_1764328354350_29,N01_Y1_NPV,3,Number and Place Value,Counting (in multiples),1,text_input,"What is the missing number? 50, 60, __, 80, 90",70,The pattern counts forwards in 10s,,"{""description"":""Meeting - Full curriculum: count forwards and backwards from any given number in multiples of 2, 5, 10, up to and across 100. Standard length sequences (5 numbers)."",""math"":{""range"":{""min"":0,""max"":100},""sequence"":{""steps"":[2,5,10],""length"":5,""directions"":[""forwards"",""backwards""],""startStrategy"":""any_multiple""}},""presentation"":{""gaps"":{""position"":""middle"",""count"":1},""visualType"":""sequence""}}"
q_1764328354350_30,N01_Y1_NPV,4,Number and Place Value,Counting (in multiples),1,text_input,"What is the missing number? 105, 100, __, 90, 85, 80",95,The pattern counts backwards in 5s,,"{""description"":""Exceeding - Extended range to 120, longer sequences (6 numbers), backwards counting, random gap positions for minimal scaffolding."",""math"":{""range"":{""min"":0,""max"":120},""sequence"":{""steps"":[2,5,10],""length"":6,""directions"":[""forwards"",""backwards""],""startStrategy"":""any_multiple""}},""presentation"":{""gaps"":{""position"":""random"",""count"":1},""visualType"":""sequence""}}"
q_1764328354350_31,N01_Y1_NPV,4,Number and Place Value,Counting (in multiples),1,text_input,"What is the missing number? 100, __, 110, 115, 120, 125",105,The pattern counts forwards in 5s,,"{""description"":""Exceeding - Extended range to 120, longer sequences (6 numbers), backwards counting, random gap positions for minimal scaffolding."",""math"":{""range"":{""min"":0,""max"":120},""sequence"":{""steps"":[2,5,10],""length"":6,""directions"":[""forwards"",""backwards""],""startStrategy"":""any_multiple""}},""presentation"":{""gaps"":{""position"":""random"",""count"":1},""visualType"":""sequence""}}"
q_1764328354350_32,N01_Y1_NPV,4,Number and Place Value,Counting (in multiples),1,text_input,"What is the missing number? 105, __, 95, 90, 85, 80",100,The pattern counts backwards in 5s,,"{""description"":""Exceeding - Extended range to 120, longer sequences (6 numbers), backwards counting, random gap positions for minimal scaffolding."",""math"":{""range"":{""min"":0,""max"":120},""sequence"":{""steps"":[2,5,10],""length"":6,""directions"":[""forwards"",""backwards""],""startStrategy"":""any_multiple""}},""presentation"":{""gaps"":{""position"":""random"",""count"":1},""visualType"":""sequence""}}"
q_1764328354350_33,N01_Y1_NPV,4,Number and Place Value,Counting (in multiples),1,text_input,"What is the missing number? 75, __, 65, 60, 55, 50",70,The pattern counts backwards in 5s,,"{""description"":""Exceeding - Extended range to 120, longer sequences (6 numbers), backwards counting, random gap positions for minimal scaffolding."",""math"":{""range"":{""min"":0,""max"":120},""sequence"":{""steps"":[2,5,10],""length"":6,""directions"":[""forwards"",""backwards""],""startStrategy"":""any_multiple""}},""presentation"":{""gaps"":{""position"":""random"",""count"":1},""visualType"":""sequence""}}"
q_1764328354350_34,N01_Y1_NPV,4,Number and Place Value,Counting (in multiples),1,text_input,"What is the missing number? 20, 30, 40, __, 60, 70",50,The pattern counts forwards in 10s,,"{""description"":""Exceeding - Extended range to 120, longer sequences (6 numbers), backwards counting, random gap positions for minimal scaffolding."",""math"":{""range"":{""min"":0,""max"":120},""sequence"":{""steps"":[2,5,10],""length"":6,""directions"":[""forwards"",""backwards""],""startStrategy"":""any_multiple""}},""presentation"":{""gaps"":{""position"":""random"",""count"":1},""visualType"":""sequence""}}"
q_1764328354350_35,N01_Y1_NPV,4,Number and Place Value,Counting (in multiples),1,text_input,"What is the missing number? 22, 20, 18, 16, __, 12",14,The pattern counts backwards in 2s,,"{""description"":""Exceeding - Extended range to 120, longer sequences (6 numbers), backwards counting, random gap positions for minimal scaffolding."",""math"":{""range"":{""min"":0,""max"":120},""sequence"":{""steps"":[2,5,10],""length"":6,""directions"":[""forwards"",""backwards""],""startStrategy"":""any_multiple""}},""presentation"":{""gaps"":{""position"":""random"",""count"":1},""visualType"":""sequence""}}"
q_1764328354350_36,N01_Y1_NPV,4,Number and Place Value,Counting (in multiples),1,text_input,"What is the missing number? 28, 30, 32, 34, 36, __",38,The pattern counts forwards in 2s,,"{""description"":""Exceeding - Extended range to 120, longer sequences (6 numbers), backwards counting, random gap positions for minimal scaffolding."",""math"":{""range"":{""min"":0,""max"":120},""sequence"":{""steps"":[2,5,10],""length"":6,""directions"":[""forwards"",""backwards""],""startStrategy"":""any_multiple""}},""presentation"":{""gaps"":{""position"":""random"",""count"":1},""visualType"":""sequence""}}"
q_1764328354350_37,N01_Y1_NPV,4,Number and Place Value,Counting (in multiples),1,text_input,"What is the missing number? 55, 60, __, 70, 75, 80",65,The pattern counts forwards in 5s,,"{""description"":""Exceeding - Extended range to 120, longer sequences (6 numbers), backwards counting, random gap positions for minimal scaffolding."",""math"":{""range"":{""min"":0,""max"":120},""sequence"":{""steps"":[2,5,10],""length"":6,""directions"":[""forwards"",""backwards""],""startStrategy"":""any_multiple""}},""presentation"":{""gaps"":{""position"":""random"",""count"":1},""visualType"":""sequence""}}"
q_1764328354350_38,N01_Y1_NPV,4,Number and Place Value,Counting (in multiples),1,text_input,"What is the missing number? 26, 28, 30, 32, __, 36",34,The pattern counts forwards in 2s,,"{""description"":""Exceeding - Extended range to 120, longer sequences (6 numbers), backwards counting, random gap positions for minimal scaffolding."",""math"":{""range"":{""min"":0,""max"":120},""sequence"":{""steps"":[2,5,10],""length"":6,""directions"":[""forwards"",""backwards""],""startStrategy"":""any_multiple""}},""presentation"":{""gaps"":{""position"":""random"",""count"":1},""visualType"":""sequence""}}"
q_1764328354350_39,N01_Y1_NPV,4,Number and Place Value,Counting (in multiples),1,text_input,"What is the missing number? 80, __, 60, 50, 40, 30",70,The pattern counts backwards in 10s,,"{""description"":""Exceeding - Extended range to 120, longer sequences (6 numbers), backwards counting, random gap positions for minimal scaffolding."",""math"":{""range"":{""min"":0,""max"":120},""sequence"":{""steps"":[2,5,10],""length"":6,""directions"":[""forwards"",""backwards""],""startStrategy"":""any_multiple""}},""presentation"":{""gaps"":{""position"":""random"",""count"":1},""visualType"":""sequence""}}"
q_1764328354350_40,N01_Y2_NPV,1,Number and Place Value,Counting (in multiples),2,text_input,"What is the missing number? 0, 10, __",20,The pattern counts forwards in 10s,,"{""description"":""Beginning - Count forwards only from 0, in steps of 2, 3, 5, or 10, up to 40. Short sequences (3 numbers) with gap at end for predictability."",""math"":{""range"":{""min"":0,""max"":40},""sequence"":{""steps"":[2,3,5,10],""length"":3,""directions"":[""forwards""],""startStrategy"":""zero_only""}},""presentation"":{""gaps"":{""position"":""end"",""count"":1},""visualType"":""sequence""}}"
q_1764328354350_41,N01_Y2_NPV,1,Number and Place Value,Counting (in multiples),2,text_input,"What is the missing number? 0, 3, __",6,The pattern counts forwards in 3s,,"{""description"":""Beginning - Count forwards only from 0, in steps of 2, 3, 5, or 10, up to 40. Short sequences (3 numbers) with gap at end for predictability."",""math"":{""range"":{""min"":0,""max"":40},""sequence"":{""steps"":[2,3,5,10],""length"":3,""directions"":[""forwards""],""startStrategy"":""zero_only""}},""presentation"":{""gaps"":{""position"":""end"",""count"":1},""visualType"":""sequence""}}"
q_1764328354350_42,N01_Y2_NPV,1,Number and Place Value,Counting (in multiples),2,text_input,"What is the missing number? 0, 3, __",6,The pattern counts forwards in 3s,,"{""description"":""Beginning - Count forwards only from 0, in steps of 2, 3, 5, or 10, up to 40. Short sequences (3 numbers) with gap at end for predictability."",""math"":{""range"":{""min"":0,""max"":40},""sequence"":{""steps"":[2,3,5,10],""length"":3,""directions"":[""forwards""],""startStrategy"":""zero_only""}},""presentation"":{""gaps"":{""position"":""end"",""count"":1},""visualType"":""sequence""}}"
q_1764328354350_43,N01_Y2_NPV,1,Number and Place Value,Counting (in multiples),2,text_input,"What is the missing number? 0, 5, __",10,The pattern counts forwards in 5s,,"{""description"":""Beginning - Count forwards only from 0, in steps of 2, 3, 5, or 10, up to 40. Short sequences (3 numbers) with gap at end for predictability."",""math"":{""range"":{""min"":0,""max"":40},""sequence"":{""steps"":[2,3,5,10],""length"":3,""directions"":[""forwards""],""startStrategy"":""zero_only""}},""presentation"":{""gaps"":{""position"":""end"",""count"":1},""visualType"":""sequence""}}"
q_1764328354350_44,N01_Y2_NPV,1,Number and Place Value,Counting (in multiples),2,text_input,"What is the missing number? 0, 2, __",4,The pattern counts forwards in 2s,,"{""description"":""Beginning - Count forwards only from 0, in steps of 2, 3, 5, or 10, up to 40. Short sequences (3 numbers) with gap at end for predictability."",""math"":{""range"":{""min"":0,""max"":40},""sequence"":{""steps"":[2,3,5,10],""length"":3,""directions"":[""forwards""],""startStrategy"":""zero_only""}},""presentation"":{""gaps"":{""position"":""end"",""count"":1},""visualType"":""sequence""}}"
q_1764328354350_45,N01_Y2_NPV,1,Number and Place Value,Counting (in multiples),2,text_input,"What is the missing number? 0, 3, __",6,The pattern counts forwards in 3s,,"{""description"":""Beginning - Count forwards only from 0, in steps of 2, 3, 5, or 10, up to 40. Short sequences (3 numbers) with gap at end for predictability."",""math"":{""range"":{""min"":0,""max"":40},""sequence"":{""steps"":[2,3,5,10],""length"":3,""directions"":[""forwards""],""startStrategy"":""zero_only""}},""presentation"":{""gaps"":{""position"":""end"",""count"":1},""visualType"":""sequence""}}"
q_1764328354350_46,N01_Y2_NPV,1,Number and Place Value,Counting (in multiples),2,text_input,"What is the missing number? 0, 10, __",20,The pattern counts forwards in 10s,,"{""description"":""Beginning - Count forwards only from 0, in steps of 2, 3, 5, or 10, up to 40. Short sequences (3 numbers) with gap at end for predictability."",""math"":{""range"":{""min"":0,""max"":40},""sequence"":{""steps"":[2,3,5,10],""length"":3,""directions"":[""forwards""],""startStrategy"":""zero_only""}},""presentation"":{""gaps"":{""position"":""end"",""count"":1},""visualType"":""sequence""}}"
q_1764328354350_47,N01_Y2_NPV,1,Number and Place Value,Counting (in multiples),2,text_input,"What is the missing number? 0, 5, __",10,The pattern counts forwards in 5s,,"{""description"":""Beginning - Count forwards only from 0, in steps of 2, 3, 5, or 10, up to 40. Short sequences (3 numbers) with gap at end for predictability."",""math"":{""range"":{""min"":0,""max"":40},""sequence"":{""steps"":[2,3,5,10],""length"":3,""directions"":[""forwards""],""startStrategy"":""zero_only""}},""presentation"":{""gaps"":{""position"":""end"",""count"":1},""visualType"":""sequence""}}"
q_1764328354350_48,N01_Y2_NPV,1,Number and Place Value,Counting (in multiples),2,text_input,"What is the missing number? 0, 10, __",20,The pattern counts forwards in 10s,,"{""description"":""Beginning - Count forwards only from 0, in steps of 2, 3, 5, or 10, up to 40. Short sequences (3 numbers) with gap at end for predictability."",""math"":{""range"":{""min"":0,""max"":40},""sequence"":{""steps"":[2,3,5,10],""length"":3,""directions"":[""forwards""],""startStrategy"":""zero_only""}},""presentation"":{""gaps"":{""position"":""end"",""count"":1},""visualType"":""sequence""}}"
q_1764328354350_49,N01_Y2_NPV,1,Number and Place Value,Counting (in multiples),2,text_input,"What is the missing number? 0, 2, __",4,The pattern counts forwards in 2s,,"{""description"":""Beginning - Count forwards only from 0, in steps of 2, 3, 5, or 10, up to 40. Short sequences (3 numbers) with gap at end for predictability."",""math"":{""range"":{""min"":0,""max"":40},""sequence"":{""steps"":[2,3,5,10],""length"":3,""directions"":[""forwards""],""startStrategy"":""zero_only""}},""presentation"":{""gaps"":{""position"":""end"",""count"":1},""visualType"":""sequence""}}"
q_1764328354350_50,N01_Y2_NPV,2,Number and Place Value,Counting (in multiples),2,text_input,"What is the missing number? 0, __, 10, 15",5,The pattern counts forwards in 5s,,"{""description"":""Developing - Count forwards from 0 (for 2,3,5) or any number (for 10s), up to 60. Longer sequences (4 numbers) with gap at middle."",""math"":{""range"":{""min"":0,""max"":60},""sequence"":{""steps"":[2,3,5,10],""length"":4,""directions"":[""forwards""],""startStrategy"":""zero_or_tens""}},""presentation"":{""gaps"":{""position"":""middle"",""count"":1},""visualType"":""sequence""}}"
q_1764328354350_51,N01_Y2_NPV,2,Number and Place Value,Counting (in multiples),2,text_input,"What is the missing number? 0, __, 4, 6",2,The pattern counts forwards in 2s,,"{""description"":""Developing - Count forwards from 0 (for 2,3,5) or any number (for 10s), up to 60. Longer sequences (4 numbers) with gap at middle."",""math"":{""range"":{""min"":0,""max"":60},""sequence"":{""steps"":[2,3,5,10],""length"":4,""directions"":[""forwards""],""startStrategy"":""zero_or_tens""}},""presentation"":{""gaps"":{""position"":""middle"",""count"":1},""visualType"":""sequence""}}"
q_1764328354350_52,N01_Y2_NPV,2,Number and Place Value,Counting (in multiples),2,text_input,"What is the missing number? 0, __, 4, 6",2,The pattern counts forwards in 2s,,"{""description"":""Developing - Count forwards from 0 (for 2,3,5) or any number (for 10s), up to 60. Longer sequences (4 numbers) with gap at middle."",""math"":{""range"":{""min"":0,""max"":60},""sequence"":{""steps"":[2,3,5,10],""length"":4,""directions"":[""forwards""],""startStrategy"":""zero_or_tens""}},""presentation"":{""gaps"":{""position"":""middle"",""count"":1},""visualType"":""sequence""}}"
q_1764328354350_53,N01_Y2_NPV,2,Number and Place Value,Counting (in multiples),2,text_input,"What is the missing number? 0, __, 6, 9",3,The pattern counts forwards in 3s,,"{""description"":""Developing - Count forwards from 0 (for 2,3,5) or any number (for 10s), up to 60. Longer sequences (4 numbers) with gap at middle."",""math"":{""range"":{""min"":0,""max"":60},""sequence"":{""steps"":[2,3,5,10],""length"":4,""directions"":[""forwards""],""startStrategy"":""zero_or_tens""}},""presentation"":{""gaps"":{""position"":""middle"",""count"":1},""visualType"":""sequence""}}"
q_1764328354350_54,N01_Y2_NPV,2,Number and Place Value,Counting (in multiples),2,text_input,"What is the missing number? 20, __, 40, 50",30,The pattern counts forwards in 10s,,"{""description"":""Developing - Count forwards from 0 (for 2,3,5) or any number (for 10s), up to 60. Longer sequences (4 numbers) with gap at middle."",""math"":{""range"":{""min"":0,""max"":60},""sequence"":{""steps"":[2,3,5,10],""length"":4,""directions"":[""forwards""],""startStrategy"":""zero_or_tens""}},""presentation"":{""gaps"":{""position"":""middle"",""count"":1},""visualType"":""sequence""}}"
q_1764328354350_55,N01_Y2_NPV,2,Number and Place Value,Counting (in multiples),2,text_input,"What is the missing number? 40, __, 60, 70",50,The pattern counts forwards in 10s,,"{""description"":""Developing - Count forwards from 0 (for 2,3,5) or any number (for 10s), up to 60. Longer sequences (4 numbers) with gap at middle."",""math"":{""range"":{""min"":0,""max"":60},""sequence"":{""steps"":[2,3,5,10],""length"":4,""directions"":[""forwards""],""startStrategy"":""zero_or_tens""}},""presentation"":{""gaps"":{""position"":""middle"",""count"":1},""visualType"":""sequence""}}"
q_1764328354350_56,N01_Y2_NPV,2,Number and Place Value,Counting (in multiples),2,text_input,"What is the missing number? 0, __, 10, 15",5,The pattern counts forwards in 5s,,"{""description"":""Developing - Count forwards from 0 (for 2,3,5) or any number (for 10s), up to 60. Longer sequences (4 numbers) with gap at middle."",""math"":{""range"":{""min"":0,""max"":60},""sequence"":{""steps"":[2,3,5,10],""length"":4,""directions"":[""forwards""],""startStrategy"":""zero_or_tens""}},""presentation"":{""gaps"":{""position"":""middle"",""count"":1},""visualType"":""sequence""}}"
q_1764328354350_57,N01_Y2_NPV,2,Number and Place Value,Counting (in multiples),2,text_input,"What is the missing number? 0, __, 20, 30",10,The pattern counts forwards in 10s,,"{""description"":""Developing - Count forwards from 0 (for 2,3,5) or any number (for 10s), up to 60. Longer sequences (4 numbers) with gap at middle."",""math"":{""range"":{""min"":0,""max"":60},""sequence"":{""steps"":[2,3,5,10],""length"":4,""directions"":[""forwards""],""startStrategy"":""zero_or_tens""}},""presentation"":{""gaps"":{""position"":""middle"",""count"":1},""visualType"":""sequence""}}"
q_1764328354350_58,N01_Y2_NPV,2,Number and Place Value,Counting (in multiples),2,text_input,"What is the missing number? 0, __, 4, 6",2,The pattern counts forwards in 2s,,"{""description"":""Developing - Count forwards from 0 (for 2,3,5) or any number (for 10s), up to 60. Longer sequences (4 numbers) with gap at middle."",""math"":{""range"":{""min"":0,""max"":60},""sequence"":{""steps"":[2,3,5,10],""length"":4,""directions"":[""forwards""],""startStrategy"":""zero_or_tens""}},""presentation"":{""gaps"":{""position"":""middle"",""count"":1},""visualType"":""sequence""}}"
q_1764328354350_59,N01_Y2_NPV,2,Number and Place Value,Counting (in multiples),2,text_input,"What is the missing number? 10, __, 30, 40",20,The pattern counts forwards in 10s,,"{""description"":""Developing - Count forwards from 0 (for 2,3,5) or any number (for 10s), up to 60. Longer sequences (4 numbers) with gap at middle."",""math"":{""range"":{""min"":0,""max"":60},""sequence"":{""steps"":[2,3,5,10],""length"":4,""directions"":[""forwards""],""startStrategy"":""zero_or_tens""}},""presentation"":{""gaps"":{""position"":""middle"",""count"":1},""visualType"":""sequence""}}"
q_1764328354350_60,N01_Y2_NPV,3,Number and Place Value,Counting (in multiples),2,text_input,"What is the missing number? 38, 36, __, 32, 30",34,The pattern counts backwards in 2s,,"{""description"":""Meeting - Full curriculum: count forwards and backwards in steps of 2, 3, 5 from 0, and in tens from any number, up to 100. Standard sequences (5 numbers)."",""math"":{""range"":{""min"":0,""max"":100},""sequence"":{""steps"":[2,3,5,10],""length"":5,""directions"":[""forwards"",""backwards""],""startStrategy"":""zero_or_any_tens""}},""presentation"":{""gaps"":{""position"":""middle"",""count"":1},""visualType"":""sequence""}}"
q_1764328354350_61,N01_Y2_NPV,3,Number and Place Value,Counting (in multiples),2,text_input,"What is the missing number? 45, 40, __, 30, 25",35,The pattern counts backwards in 5s,,"{""description"":""Meeting - Full curriculum: count forwards and backwards in steps of 2, 3, 5 from 0, and in tens from any number, up to 100. Standard sequences (5 numbers)."",""math"":{""range"":{""min"":0,""max"":100},""sequence"":{""steps"":[2,3,5,10],""length"":5,""directions"":[""forwards"",""backwards""],""startStrategy"":""zero_or_any_tens""}},""presentation"":{""gaps"":{""position"":""middle"",""count"":1},""visualType"":""sequence""}}"
q_1764328354350_62,N01_Y2_NPV,3,Number and Place Value,Counting (in multiples),2,text_input,"What is the missing number? 0, 3, __, 9, 12",6,The pattern counts forwards in 3s,,"{""description"":""Meeting - Full curriculum: count forwards and backwards in steps of 2, 3, 5 from 0, and in tens from any number, up to 100. Standard sequences (5 numbers)."",""math"":{""range"":{""min"":0,""max"":100},""sequence"":{""steps"":[2,3,5,10],""length"":5,""directions"":[""forwards"",""backwards""],""startStrategy"":""zero_or_any_tens""}},""presentation"":{""gaps"":{""position"":""middle"",""count"":1},""visualType"":""sequence""}}"
q_1764328354350_63,N01_Y2_NPV,3,Number and Place Value,Counting (in multiples),2,text_input,"What is the missing number? 0, 5, __, 15, 20",10,The pattern counts forwards in 5s,,"{""description"":""Meeting - Full curriculum: count forwards and backwards in steps of 2, 3, 5 from 0, and in tens from any number, up to 100. Standard sequences (5 numbers)."",""math"":{""range"":{""min"":0,""max"":100},""sequence"":{""steps"":[2,3,5,10],""length"":5,""directions"":[""forwards"",""backwards""],""startStrategy"":""zero_or_any_tens""}},""presentation"":{""gaps"":{""position"":""middle"",""count"":1},""visualType"":""sequence""}}"
q_1764328354350_64,N01_Y2_NPV,3,Number and Place Value,Counting (in multiples),2,text_input,"What is the missing number? 53, 63, __, 83, 93",73,The pattern counts forwards in 10s,,"{""description"":""Meeting - Full curriculum: count forwards and backwards in steps of 2, 3, 5 from 0, and in tens from any number, up to 100. Standard sequences (5 numbers)."",""math"":{""range"":{""min"":0,""max"":100},""sequence"":{""steps"":[2,3,5,10],""length"":5,""directions"":[""forwards"",""backwards""],""startStrategy"":""zero_or_any_tens""}},""presentation"":{""gaps"":{""position"":""middle"",""count"":1},""visualType"":""sequence""}}"
q_1764328354350_65,N01_Y2_NPV,3,Number and Place Value,Counting (in multiples),2,text_input,"What is the missing number? 0, 5, __, 15, 20",10,The pattern counts forwards in 5s,,"{""description"":""Meeting - Full curriculum: count forwards and backwards in steps of 2, 3, 5 from 0, and in tens from any number, up to 100. Standard sequences (5 numbers)."",""math"":{""range"":{""min"":0,""max"":100},""sequence"":{""steps"":[2,3,5,10],""length"":5,""directions"":[""forwards"",""backwards""],""startStrategy"":""zero_or_any_tens""}},""presentation"":{""gaps"":{""position"":""middle"",""count"":1},""visualType"":""sequence""}}"
q_1764328354350_66,N01_Y2_NPV,3,Number and Place Value,Counting (in multiples),2,text_input,"What is the missing number? 44, 42, __, 38, 36",40,The pattern counts backwards in 2s,,"{""description"":""Meeting - Full curriculum: count forwards and backwards in steps of 2, 3, 5 from 0, and in tens from any number, up to 100. Standard sequences (5 numbers)."",""math"":{""range"":{""min"":0,""max"":100},""sequence"":{""steps"":[2,3,5,10],""length"":5,""directions"":[""forwards"",""backwards""],""startStrategy"":""zero_or_any_tens""}},""presentation"":{""gaps"":{""position"":""middle"",""count"":1},""visualType"":""sequence""}}"
q_1764328354350_67,N01_Y2_NPV,3,Number and Place Value,Counting (in multiples),2,text_input,"What is the missing number? 67, 77, __, 97, 107",87,The pattern counts forwards in 10s,,"{""description"":""Meeting - Full curriculum: count forwards and backwards in steps of 2, 3, 5 from 0, and in tens from any number, up to 100. Standard sequences (5 numbers)."",""math"":{""range"":{""min"":0,""max"":100},""sequence"":{""steps"":[2,3,5,10],""length"":5,""directions"":[""forwards"",""backwards""],""startStrategy"":""zero_or_any_tens""}},""presentation"":{""gaps"":{""position"":""middle"",""count"":1},""visualType"":""sequence""}}"
q_1764328354350_68,N01_Y2_NPV,3,Number and Place Value,Counting (in multiples),2,text_input,"What is the missing number? 96, 93, __, 87, 84",90,The pattern counts backwards in 3s,,"{""description"":""Meeting - Full curriculum: count forwards and backwards in steps of 2, 3, 5 from 0, and in tens from any number, up to 100. Standard sequences (5 numbers)."",""math"":{""range"":{""min"":0,""max"":100},""sequence"":{""steps"":[2,3,5,10],""length"":5,""directions"":[""forwards"",""backwards""],""startStrategy"":""zero_or_any_tens""}},""presentation"":{""gaps"":{""position"":""middle"",""count"":1},""visualType"":""sequence""}}"
q_1764328354350_69,N01_Y2_NPV,3,Number and Place Value,Counting (in multiples),2,text_input,"What is the missing number? 40, 35, __, 25, 20",30,The pattern counts backwards in 5s,,"{""description"":""Meeting - Full curriculum: count forwards and backwards in steps of 2, 3, 5 from 0, and in tens from any number, up to 100. Standard sequences (5 numbers)."",""math"":{""range"":{""min"":0,""max"":100},""sequence"":{""steps"":[2,3,5,10],""length"":5,""directions"":[""forwards"",""backwards""],""startStrategy"":""zero_or_any_tens""}},""presentation"":{""gaps"":{""position"":""middle"",""count"":1},""visualType"":""sequence""}}"
q_1764328354350_70,N01_Y2_NPV,4,Number and Place Value,Counting (in multiples),2,text_input,"What is the missing number? 0, 5, 10, 15, __, 25",20,The pattern counts forwards in 5s,,"{""description"":""Exceeding - Extended range to 120, longer sequences (6 numbers), backwards counting, random gap positions, tens from any number."",""math"":{""range"":{""min"":0,""max"":120},""sequence"":{""steps"":[2,3,5,10],""length"":6,""directions"":[""forwards"",""backwards""],""startStrategy"":""zero_or_any_tens""}},""presentation"":{""gaps"":{""position"":""random"",""count"":1},""visualType"":""sequence""}}"
q_1764328354350_71,N01_Y2_NPV,4,Number and Place Value,Counting (in multiples),2,text_input,"What is the missing number? 0, 5, 10, __, 20, 25",15,The pattern counts forwards in 5s,,"{""description"":""Exceeding - Extended range to 120, longer sequences (6 numbers), backwards counting, random gap positions, tens from any number."",""math"":{""range"":{""min"":0,""max"":120},""sequence"":{""steps"":[2,3,5,10],""length"":6,""directions"":[""forwards"",""backwards""],""startStrategy"":""zero_or_any_tens""}},""presentation"":{""gaps"":{""position"":""random"",""count"":1},""visualType"":""sequence""}}"
q_1764328354350_72,N01_Y2_NPV,4,Number and Place Value,Counting (in multiples),2,text_input,"What is the missing number? 0, 2, __, 6, 8, 10",4,The pattern counts forwards in 2s,,"{""description"":""Exceeding - Extended range to 120, longer sequences (6 numbers), backwards counting, random gap positions, tens from any number."",""math"":{""range"":{""min"":0,""max"":120},""sequence"":{""steps"":[2,3,5,10],""length"":6,""directions"":[""forwards"",""backwards""],""startStrategy"":""zero_or_any_tens""}},""presentation"":{""gaps"":{""position"":""random"",""count"":1},""visualType"":""sequence""}}"
q_1764328354350_73,N01_Y2_NPV,4,Number and Place Value,Counting (in multiples),2,text_input,"What is the missing number? 39, 36, 33, 30, __, 24",27,The pattern counts backwards in 3s,,"{""description"":""Exceeding - Extended range to 120, longer sequences (6 numbers), backwards counting, random gap positions, tens from any number."",""math"":{""range"":{""min"":0,""max"":120},""sequence"":{""steps"":[2,3,5,10],""length"":6,""directions"":[""forwards"",""backwards""],""startStrategy"":""zero_or_any_tens""}},""presentation"":{""gaps"":{""position"":""random"",""count"":1},""visualType"":""sequence""}}"
q_1764328354350_74,N01_Y2_NPV,4,Number and Place Value,Counting (in multiples),2,text_input,"What is the missing number? 63, __, 57, 54, 51, 48",60,The pattern counts backwards in 3s,,"{""description"":""Exceeding - Extended range to 120, longer sequences (6 numbers), backwards counting, random gap positions, tens from any number."",""math"":{""range"":{""min"":0,""max"":120},""sequence"":{""steps"":[2,3,5,10],""length"":6,""directions"":[""forwards"",""backwards""],""startStrategy"":""zero_or_any_tens""}},""presentation"":{""gaps"":{""position"":""random"",""count"":1},""visualType"":""sequence""}}"
q_1764328354350_75,N01_Y2_NPV,4,Number and Place Value,Counting (in multiples),2,text_input,"What is the missing number? 42, 39, 36, 33, 30, __",27,The pattern counts backwards in 3s,,"{""description"":""Exceeding - Extended range to 120, longer sequences (6 numbers), backwards counting, random gap positions, tens from any number."",""math"":{""range"":{""min"":0,""max"":120},""sequence"":{""steps"":[2,3,5,10],""length"":6,""directions"":[""forwards"",""backwards""],""startStrategy"":""zero_or_any_tens""}},""presentation"":{""gaps"":{""position"":""random"",""count"":1},""visualType"":""sequence""}}"
q_1764328354350_76,N01_Y2_NPV,4,Number and Place Value,Counting (in multiples),2,text_input,"What is the missing number? 64, __, 44, 34, 24, 14",54,The pattern counts backwards in 10s,,"{""description"":""Exceeding - Extended range to 120, longer sequences (6 numbers), backwards counting, random gap positions, tens from any number."",""math"":{""range"":{""min"":0,""max"":120},""sequence"":{""steps"":[2,3,5,10],""length"":6,""directions"":[""forwards"",""backwards""],""startStrategy"":""zero_or_any_tens""}},""presentation"":{""gaps"":{""position"":""random"",""count"":1},""visualType"":""sequence""}}"
q_1764328354350_77,N01_Y2_NPV,4,Number and Place Value,Counting (in multiples),2,text_input,"What is the missing number? 0, 3, __, 9, 12, 15",6,The pattern counts forwards in 3s,,"{""description"":""Exceeding - Extended range to 120, longer sequences (6 numbers), backwards counting, random gap positions, tens from any number."",""math"":{""range"":{""min"":0,""max"":120},""sequence"":{""steps"":[2,3,5,10],""length"":6,""directions"":[""forwards"",""backwards""],""startStrategy"":""zero_or_any_tens""}},""presentation"":{""gaps"":{""position"":""random"",""count"":1},""visualType"":""sequence""}}"
q_1764328354350_78,N01_Y2_NPV,4,Number and Place Value,Counting (in multiples),2,text_input,"What is the missing number? 0, 2, __, 6, 8, 10",4,The pattern counts forwards in 2s,,"{""description"":""Exceeding - Extended range to 120, longer sequences (6 numbers), backwards counting, random gap positions, tens from any number."",""math"":{""range"":{""min"":0,""max"":120},""sequence"":{""steps"":[2,3,5,10],""length"":6,""directions"":[""forwards"",""backwards""],""startStrategy"":""zero_or_any_tens""}},""presentation"":{""gaps"":{""position"":""random"",""count"":1},""visualType"":""sequence""}}"
q_1764328354350_79,N01_Y2_NPV,4,Number and Place Value,Counting (in multiples),2,text_input,"What is the missing number? 55, 50, __, 40, 35, 30",45,The pattern counts backwards in 5s,,"{""description"":""Exceeding - Extended range to 120, longer sequences (6 numbers), backwards counting, random gap positions, tens from any number."",""math"":{""range"":{""min"":0,""max"":120},""sequence"":{""steps"":[2,3,5,10],""length"":6,""directions"":[""forwards"",""backwards""],""startStrategy"":""zero_or_any_tens""}},""presentation"":{""gaps"":{""position"":""random"",""count"":1},""visualType"":""sequence""}}"
q_1764328354350_80,N01_Y3_NPV,1,Number and Place Value,Counting (in multiples),3,text_input,"What is the missing number? 0, 100, 200, __",300,The pattern counts forwards in 100s,,"{""description"":""Beginning - Count forwards only from 0, in steps of 4, 8, 50, or 100, up to 400. Short sequences (4 numbers) with gap at end for predictability."",""math"":{""range"":{""min"":0,""max"":400},""sequence"":{""steps"":[4,8,50,100],""length"":4,""directions"":[""forwards""],""startStrategy"":""zero_only""}},""presentation"":{""gaps"":{""position"":""end"",""count"":1},""visualType"":""sequence""}}"
q_1764328354350_81,N01_Y3_NPV,1,Number and Place Value,Counting (in multiples),3,text_input,"What is the missing number? 0, 50, 100, __",150,The pattern counts forwards in 50s,,"{""description"":""Beginning - Count forwards only from 0, in steps of 4, 8, 50, or 100, up to 400. Short sequences (4 numbers) with gap at end for predictability."",""math"":{""range"":{""min"":0,""max"":400},""sequence"":{""steps"":[4,8,50,100],""length"":4,""directions"":[""forwards""],""startStrategy"":""zero_only""}},""presentation"":{""gaps"":{""position"":""end"",""count"":1},""visualType"":""sequence""}}"
q_1764328354350_82,N01_Y3_NPV,1,Number and Place Value,Counting (in multiples),3,text_input,"What is the missing number? 0, 4, 8, __",12,The pattern counts forwards in 4s,,"{""description"":""Beginning - Count forwards only from 0, in steps of 4, 8, 50, or 100, up to 400. Short sequences (4 numbers) with gap at end for predictability."",""math"":{""range"":{""min"":0,""max"":400},""sequence"":{""steps"":[4,8,50,100],""length"":4,""directions"":[""forwards""],""startStrategy"":""zero_only""}},""presentation"":{""gaps"":{""position"":""end"",""count"":1},""visualType"":""sequence""}}"
q_1764328354350_83,N01_Y3_NPV,1,Number and Place Value,Counting (in multiples),3,text_input,"What is the missing number? 0, 4, 8, __",12,The pattern counts forwards in 4s,,"{""description"":""Beginning - Count forwards only from 0, in steps of 4, 8, 50, or 100, up to 400. Short sequences (4 numbers) with gap at end for predictability."",""math"":{""range"":{""min"":0,""max"":400},""sequence"":{""steps"":[4,8,50,100],""length"":4,""directions"":[""forwards""],""startStrategy"":""zero_only""}},""presentation"":{""gaps"":{""position"":""end"",""count"":1},""visualType"":""sequence""}}"
q_1764328354350_84,N01_Y3_NPV,1,Number and Place Value,Counting (in multiples),3,text_input,"What is the missing number? 0, 100, 200, __",300,The pattern counts forwards in 100s,,"{""description"":""Beginning - Count forwards only from 0, in steps of 4, 8, 50, or 100, up to 400. Short sequences (4 numbers) with gap at end for predictability."",""math"":{""range"":{""min"":0,""max"":400},""sequence"":{""steps"":[4,8,50,100],""length"":4,""directions"":[""forwards""],""startStrategy"":""zero_only""}},""presentation"":{""gaps"":{""position"":""end"",""count"":1},""visualType"":""sequence""}}"
q_1764328354350_85,N01_Y3_NPV,1,Number and Place Value,Counting (in multiples),3,text_input,"What is the missing number? 0, 50, 100, __",150,The pattern counts forwards in 50s,,"{""description"":""Beginning - Count forwards only from 0, in steps of 4, 8, 50, or 100, up to 400. Short sequences (4 numbers) with gap at end for predictability."",""math"":{""range"":{""min"":0,""max"":400},""sequence"":{""steps"":[4,8,50,100],""length"":4,""directions"":[""forwards""],""startStrategy"":""zero_only""}},""presentation"":{""gaps"":{""position"":""end"",""count"":1},""visualType"":""sequence""}}"
q_1764328354350_86,N01_Y3_NPV,1,Number and Place Value,Counting (in multiples),3,text_input,"What is the missing number? 0, 50, 100, __",150,The pattern counts forwards in 50s,,"{""description"":""Beginning - Count forwards only from 0, in steps of 4, 8, 50, or 100, up to 400. Short sequences (4 numbers) with gap at end for predictability."",""math"":{""range"":{""min"":0,""max"":400},""sequence"":{""steps"":[4,8,50,100],""length"":4,""directions"":[""forwards""],""startStrategy"":""zero_only""}},""presentation"":{""gaps"":{""position"":""end"",""count"":1},""visualType"":""sequence""}}"
q_1764328354350_87,N01_Y3_NPV,1,Number and Place Value,Counting (in multiples),3,text_input,"What is the missing number? 0, 50, 100, __",150,The pattern counts forwards in 50s,,"{""description"":""Beginning - Count forwards only from 0, in steps of 4, 8, 50, or 100, up to 400. Short sequences (4 numbers) with gap at end for predictability."",""math"":{""range"":{""min"":0,""max"":400},""sequence"":{""steps"":[4,8,50,100],""length"":4,""directions"":[""forwards""],""startStrategy"":""zero_only""}},""presentation"":{""gaps"":{""position"":""end"",""count"":1},""visualType"":""sequence""}}"
q_1764328354350_88,N01_Y3_NPV,1,Number and Place Value,Counting (in multiples),3,text_input,"What is the missing number? 0, 8, 16, __",24,The pattern counts forwards in 8s,,"{""description"":""Beginning - Count forwards only from 0, in steps of 4, 8, 50, or 100, up to 400. Short sequences (4 numbers) with gap at end for predictability."",""math"":{""range"":{""min"":0,""max"":400},""sequence"":{""steps"":[4,8,50,100],""length"":4,""directions"":[""forwards""],""startStrategy"":""zero_only""}},""presentation"":{""gaps"":{""position"":""end"",""count"":1},""visualType"":""sequence""}}"
q_1764328354350_89,N01_Y3_NPV,1,Number and Place Value,Counting (in multiples),3,text_input,"What is the missing number? 0, 8, 16, __",24,The pattern counts forwards in 8s,,"{""description"":""Beginning - Count forwards only from 0, in steps of 4, 8, 50, or 100, up to 400. Short sequences (4 numbers) with gap at end for predictability."",""math"":{""range"":{""min"":0,""max"":400},""sequence"":{""steps"":[4,8,50,100],""length"":4,""directions"":[""forwards""],""startStrategy"":""zero_only""}},""presentation"":{""gaps"":{""position"":""end"",""count"":1},""visualType"":""sequence""}}"
q_1764328354350_90,N01_Y3_NPV,2,Number and Place Value,Counting (in multiples),3,text_input,"What is the missing number? 400, 450, __, 550, 600",500,The pattern counts forwards in 50s,,"{""description"":""Developing - Count forwards from 0 or a multiple, in steps of 4, 8, 50, or 100, up to 600. Medium sequences (5 numbers) with gap at end or middle."",""math"":{""range"":{""min"":0,""max"":600},""sequence"":{""steps"":[4,8,50,100],""length"":5,""directions"":[""forwards""],""startStrategy"":""any_multiple""}},""presentation"":{""gaps"":{""position"":""middle"",""count"":1},""visualType"":""sequence""}}"
q_1764328354350_91,N01_Y3_NPV,2,Number and Place Value,Counting (in multiples),3,text_input,"What is the missing number? 200, 300, __, 500, 600",400,The pattern counts forwards in 100s,,"{""description"":""Developing - Count forwards from 0 or a multiple, in steps of 4, 8, 50, or 100, up to 600. Medium sequences (5 numbers) with gap at end or middle."",""math"":{""range"":{""min"":0,""max"":600},""sequence"":{""steps"":[4,8,50,100],""length"":5,""directions"":[""forwards""],""startStrategy"":""any_multiple""}},""presentation"":{""gaps"":{""position"":""middle"",""count"":1},""visualType"":""sequence""}}"
q_1764328354350_92,N01_Y3_NPV,2,Number and Place Value,Counting (in multiples),3,text_input,"What is the missing number? 216, 220, __, 228, 232",224,The pattern counts forwards in 4s,,"{""description"":""Developing - Count forwards from 0 or a multiple, in steps of 4, 8, 50, or 100, up to 600. Medium sequences (5 numbers) with gap at end or middle."",""math"":{""range"":{""min"":0,""max"":600},""sequence"":{""steps"":[4,8,50,100],""length"":5,""directions"":[""forwards""],""startStrategy"":""any_multiple""}},""presentation"":{""gaps"":{""position"":""middle"",""count"":1},""visualType"":""sequence""}}"
q_1764328354350_93,N01_Y3_NPV,2,Number and Place Value,Counting (in multiples),3,text_input,"What is the missing number? 600, 700, __, 900, 1000",800,The pattern counts forwards in 100s,,"{""description"":""Developing - Count forwards from 0 or a multiple, in steps of 4, 8, 50, or 100, up to 600. Medium sequences (5 numbers) with gap at end or middle."",""math"":{""range"":{""min"":0,""max"":600},""sequence"":{""steps"":[4,8,50,100],""length"":5,""directions"":[""forwards""],""startStrategy"":""any_multiple""}},""presentation"":{""gaps"":{""position"":""middle"",""count"":1},""visualType"":""sequence""}}"
q_1764328354350_94,N01_Y3_NPV,2,Number and Place Value,Counting (in multiples),3,text_input,"What is the missing number? 100, 200, __, 400, 500",300,The pattern counts forwards in 100s,,"{""description"":""Developing - Count forwards from 0 or a multiple, in steps of 4, 8, 50, or 100, up to 600. Medium sequences (5 numbers) with gap at end or middle."",""math"":{""range"":{""min"":0,""max"":600},""sequence"":{""steps"":[4,8,50,100],""length"":5,""directions"":[""forwards""],""startStrategy"":""any_multiple""}},""presentation"":{""gaps"":{""position"":""middle"",""count"":1},""visualType"":""sequence""}}"
q_1764328354350_95,N01_Y3_NPV,2,Number and Place Value,Counting (in multiples),3,text_input,"What is the missing number? 600, 700, __, 900, 1000",800,The pattern counts forwards in 100s,,"{""description"":""Developing - Count forwards from 0 or a multiple, in steps of 4, 8, 50, or 100, up to 600. Medium sequences (5 numbers) with gap at end or middle."",""math"":{""range"":{""min"":0,""max"":600},""sequence"":{""steps"":[4,8,50,100],""length"":5,""directions"":[""forwards""],""startStrategy"":""any_multiple""}},""presentation"":{""gaps"":{""position"":""middle"",""count"":1},""visualType"":""sequence""}}"
q_1764328354350_96,N01_Y3_NPV,2,Number and Place Value,Counting (in multiples),3,text_input,"What is the missing number? 550, 600, __, 700, 750",650,The pattern counts forwards in 50s,,"{""description"":""Developing - Count forwards from 0 or a multiple, in steps of 4, 8, 50, or 100, up to 600. Medium sequences (5 numbers) with gap at end or middle."",""math"":{""range"":{""min"":0,""max"":600},""sequence"":{""steps"":[4,8,50,100],""length"":5,""directions"":[""forwards""],""startStrategy"":""any_multiple""}},""presentation"":{""gaps"":{""position"":""middle"",""count"":1},""visualType"":""sequence""}}"
q_1764328354350_97,N01_Y3_NPV,2,Number and Place Value,Counting (in multiples),3,text_input,"What is the missing number? 600, 650, __, 750, 800",700,The pattern counts forwards in 50s,,"{""description"":""Developing - Count forwards from 0 or a multiple, in steps of 4, 8, 50, or 100, up to 600. Medium sequences (5 numbers) with gap at end or middle."",""math"":{""range"":{""min"":0,""max"":600},""sequence"":{""steps"":[4,8,50,100],""length"":5,""directions"":[""forwards""],""startStrategy"":""any_multiple""}},""presentation"":{""gaps"":{""position"":""middle"",""count"":1},""visualType"":""sequence""}}"
q_1764328354350_98,N01_Y3_NPV,2,Number and Place Value,Counting (in multiples),3,text_input,"What is the missing number? 208, 212, __, 220, 224",216,The pattern counts forwards in 4s,,"{""description"":""Developing - Count forwards from 0 or a multiple, in steps of 4, 8, 50, or 100, up to 600. Medium sequences (5 numbers) with gap at end or middle."",""math"":{""range"":{""min"":0,""max"":600},""sequence"":{""steps"":[4,8,50,100],""length"":5,""directions"":[""forwards""],""startStrategy"":""any_multiple""}},""presentation"":{""gaps"":{""position"":""middle"",""count"":1},""visualType"":""sequence""}}"
q_1764328354350_99,N01_Y3_NPV,2,Number and Place Value,Counting (in multiples),3,text_input,"What is the missing number? 100, 200, __, 400, 500",300,The pattern counts forwards in 100s,,"{""description"":""Developing - Count forwards from 0 or a multiple, in steps of 4, 8, 50, or 100, up to 600. Medium sequences (5 numbers) with gap at end or middle."",""math"":{""range"":{""min"":0,""max"":600},""sequence"":{""steps"":[4,8,50,100],""length"":5,""directions"":[""forwards""],""startStrategy"":""any_multiple""}},""presentation"":{""gaps"":{""position"":""middle"",""count"":1},""visualType"":""sequence""}}"
q_1764328354350_100,N01_Y3_NPV,3,Number and Place Value,Counting (in multiples),3,text_input,"What is the missing number? 376, 368, __, 352, 344",360,The pattern counts backwards in 8s,,"{""description"":""Meeting - Full curriculum: count forwards and backwards from 0 or any multiple of 4, 8, 50, or 100, up to 1000. Standard sequences (5 numbers)."",""math"":{""range"":{""min"":0,""max"":1000},""sequence"":{""steps"":[4,8,50,100],""length"":5,""directions"":[""forwards"",""backwards""],""startStrategy"":""any_multiple""}},""presentation"":{""gaps"":{""position"":""middle"",""count"":1},""visualType"":""sequence""}}"
q_1764328354350_101,N01_Y3_NPV,3,Number and Place Value,Counting (in multiples),3,text_input,"What is the missing number? 536, 532, __, 524, 520",528,The pattern counts backwards in 4s,,"{""description"":""Meeting - Full curriculum: count forwards and backwards from 0 or any multiple of 4, 8, 50, or 100, up to 1000. Standard sequences (5 numbers)."",""math"":{""range"":{""min"":0,""max"":1000},""sequence"":{""steps"":[4,8,50,100],""length"":5,""directions"":[""forwards"",""backwards""],""startStrategy"":""any_multiple""}},""presentation"":{""gaps"":{""position"":""middle"",""count"":1},""visualType"":""sequence""}}"
q_1764328354350_102,N01_Y3_NPV,3,Number and Place Value,Counting (in multiples),3,text_input,"What is the missing number? 652, 656, __, 664, 668",660,The pattern counts forwards in 4s,,"{""description"":""Meeting - Full curriculum: count forwards and backwards from 0 or any multiple of 4, 8, 50, or 100, up to 1000. Standard sequences (5 numbers)."",""math"":{""range"":{""min"":0,""max"":1000},""sequence"":{""steps"":[4,8,50,100],""length"":5,""directions"":[""forwards"",""backwards""],""startStrategy"":""any_multiple""}},""presentation"":{""gaps"":{""position"":""middle"",""count"":1},""visualType"":""sequence""}}"
q_1764328354350_103,N01_Y3_NPV,3,Number and Place Value,Counting (in multiples),3,text_input,"What is the missing number? 908, 904, __, 896, 892",900,The pattern counts backwards in 4s,,"{""description"":""Meeting - Full curriculum: count forwards and backwards from 0 or any multiple of 4, 8, 50, or 100, up to 1000. Standard sequences (5 numbers)."",""math"":{""range"":{""min"":0,""max"":1000},""sequence"":{""steps"":[4,8,50,100],""length"":5,""directions"":[""forwards"",""backwards""],""startStrategy"":""any_multiple""}},""presentation"":{""gaps"":{""position"":""middle"",""count"":1},""visualType"":""sequence""}}"
q_1764328354350_104,N01_Y3_NPV,3,Number and Place Value,Counting (in multiples),3,text_input,"What is the missing number? 396, 392, __, 384, 380",388,The pattern counts backwards in 4s,,"{""description"":""Meeting - Full curriculum: count forwards and backwards from 0 or any multiple of 4, 8, 50, or 100, up to 1000. Standard sequences (5 numbers)."",""math"":{""range"":{""min"":0,""max"":1000},""sequence"":{""steps"":[4,8,50,100],""length"":5,""directions"":[""forwards"",""backwards""],""startStrategy"":""any_multiple""}},""presentation"":{""gaps"":{""position"":""middle"",""count"":1},""visualType"":""sequence""}}"
q_1764328354350_105,N01_Y3_NPV,3,Number and Place Value,Counting (in multiples),3,text_input,"What is the missing number? 56, 52, __, 44, 40",48,The pattern counts backwards in 4s,,"{""description"":""Meeting - Full curriculum: count forwards and backwards from 0 or any multiple of 4, 8, 50, or 100, up to 1000. Standard sequences (5 numbers)."",""math"":{""range"":{""min"":0,""max"":1000},""sequence"":{""steps"":[4,8,50,100],""length"":5,""directions"":[""forwards"",""backwards""],""startStrategy"":""any_multiple""}},""presentation"":{""gaps"":{""position"":""middle"",""count"":1},""visualType"":""sequence""}}"
q_1764328354350_106,N01_Y3_NPV,3,Number and Place Value,Counting (in multiples),3,text_input,"What is the missing number? 108, 112, __, 120, 124",116,The pattern counts forwards in 4s,,"{""description"":""Meeting - Full curriculum: count forwards and backwards from 0 or any multiple of 4, 8, 50, or 100, up to 1000. Standard sequences (5 numbers)."",""math"":{""range"":{""min"":0,""max"":1000},""sequence"":{""steps"":[4,8,50,100],""length"":5,""directions"":[""forwards"",""backwards""],""startStrategy"":""any_multiple""}},""presentation"":{""gaps"":{""position"":""middle"",""count"":1},""visualType"":""sequence""}}"
q_1764328354350_107,N01_Y3_NPV,3,Number and Place Value,Counting (in multiples),3,text_input,"What is the missing number? 248, 240, __, 224, 216",232,The pattern counts backwards in 8s,,"{""description"":""Meeting - Full curriculum: count forwards and backwards from 0 or any multiple of 4, 8, 50, or 100, up to 1000. Standard sequences (5 numbers)."",""math"":{""range"":{""min"":0,""max"":1000},""sequence"":{""steps"":[4,8,50,100],""length"":5,""directions"":[""forwards"",""backwards""],""startStrategy"":""any_multiple""}},""presentation"":{""gaps"":{""position"":""middle"",""count"":1},""visualType"":""sequence""}}"
q_1764328354350_108,N01_Y3_NPV,3,Number and Place Value,Counting (in multiples),3,text_input,"What is the missing number? 312, 304, __, 288, 280",296,The pattern counts backwards in 8s,,"{""description"":""Meeting - Full curriculum: count forwards and backwards from 0 or any multiple of 4, 8, 50, or 100, up to 1000. Standard sequences (5 numbers)."",""math"":{""range"":{""min"":0,""max"":1000},""sequence"":{""steps"":[4,8,50,100],""length"":5,""directions"":[""forwards"",""backwards""],""startStrategy"":""any_multiple""}},""presentation"":{""gaps"":{""position"":""middle"",""count"":1},""visualType"":""sequence""}}"
q_1764328354351_109,N01_Y3_NPV,3,Number and Place Value,Counting (in multiples),3,text_input,"What is the missing number? 700, 600, __, 400, 300",500,The pattern counts backwards in 100s,,"{""description"":""Meeting - Full curriculum: count forwards and backwards from 0 or any multiple of 4, 8, 50, or 100, up to 1000. Standard sequences (5 numbers)."",""math"":{""range"":{""min"":0,""max"":1000},""sequence"":{""steps"":[4,8,50,100],""length"":5,""directions"":[""forwards"",""backwards""],""startStrategy"":""any_multiple""}},""presentation"":{""gaps"":{""position"":""middle"",""count"":1},""visualType"":""sequence""}}"
q_1764328354351_110,N01_Y3_NPV,4,Number and Place Value,Counting (in multiples),3,text_input,"What is the missing number? 950, __, 850, 800, 750, 700",900,The pattern counts backwards in 50s,,"{""description"":""Exceeding - Extended range to 1200, longer sequences (6 numbers), backwards counting, random gap positions for minimal scaffolding."",""math"":{""range"":{""min"":0,""max"":1200},""sequence"":{""steps"":[4,8,50,100],""length"":6,""directions"":[""forwards"",""backwards""],""startStrategy"":""any_multiple""}},""presentation"":{""gaps"":{""position"":""random"",""count"":1},""visualType"":""sequence""}}"
q_1764328354351_111,N01_Y3_NPV,4,Number and Place Value,Counting (in multiples),3,text_input,"What is the missing number? 1000, 1100, 1200, 1300, __, 1500",1400,The pattern counts forwards in 100s,,"{""description"":""Exceeding - Extended range to 1200, longer sequences (6 numbers), backwards counting, random gap positions for minimal scaffolding."",""math"":{""range"":{""min"":0,""max"":1200},""sequence"":{""steps"":[4,8,50,100],""length"":6,""directions"":[""forwards"",""backwards""],""startStrategy"":""any_multiple""}},""presentation"":{""gaps"":{""position"":""random"",""count"":1},""visualType"":""sequence""}}"
q_1764328354351_112,N01_Y3_NPV,4,Number and Place Value,Counting (in multiples),3,text_input,"What is the missing number? 1100, 1200, 1300, 1400, 1500, __",1600,The pattern counts forwards in 100s,,"{""description"":""Exceeding - Extended range to 1200, longer sequences (6 numbers), backwards counting, random gap positions for minimal scaffolding."",""math"":{""range"":{""min"":0,""max"":1200},""sequence"":{""steps"":[4,8,50,100],""length"":6,""directions"":[""forwards"",""backwards""],""startStrategy"":""any_multiple""}},""presentation"":{""gaps"":{""position"":""random"",""count"":1},""visualType"":""sequence""}}"
q_1764328354351_113,N01_Y3_NPV,4,Number and Place Value,Counting (in multiples),3,text_input,"What is the missing number? 1000, 900, __, 700, 600, 500",800,The pattern counts backwards in 100s,,"{""description"":""Exceeding - Extended range to 1200, longer sequences (6 numbers), backwards counting, random gap positions for minimal scaffolding."",""math"":{""range"":{""min"":0,""max"":1200},""sequence"":{""steps"":[4,8,50,100],""length"":6,""directions"":[""forwards"",""backwards""],""startStrategy"":""any_multiple""}},""presentation"":{""gaps"":{""position"":""random"",""count"":1},""visualType"":""sequence""}}"
q_1764328354351_114,N01_Y3_NPV,4,Number and Place Value,Counting (in multiples),3,text_input,"What is the missing number? 1000, 950, 900, 850, 800, __",750,The pattern counts backwards in 50s,,"{""description"":""Exceeding - Extended range to 1200, longer sequences (6 numbers), backwards counting, random gap positions for minimal scaffolding."",""math"":{""range"":{""min"":0,""max"":1200},""sequence"":{""steps"":[4,8,50,100],""length"":6,""directions"":[""forwards"",""backwards""],""startStrategy"":""any_multiple""}},""presentation"":{""gaps"":{""position"":""random"",""count"":1},""visualType"":""sequence""}}"
q_1764328354351_115,N01_Y3_NPV,4,Number and Place Value,Counting (in multiples),3,text_input,"What is the missing number? 596, 600, 604, 608, __, 616",612,The pattern counts forwards in 4s,,"{""description"":""Exceeding - Extended range to 1200, longer sequences (6 numbers), backwards counting, random gap positions for minimal scaffolding."",""math"":{""range"":{""min"":0,""max"":1200},""sequence"":{""steps"":[4,8,50,100],""length"":6,""directions"":[""forwards"",""backwards""],""startStrategy"":""any_multiple""}},""presentation"":{""gaps"":{""position"":""random"",""count"":1},""visualType"":""sequence""}}"
q_1764328354351_116,N01_Y3_NPV,4,Number and Place Value,Counting (in multiples),3,text_input,"What is the missing number? 1096, 1092, 1088, 1084, __, 1076",1080,The pattern counts backwards in 4s,,"{""description"":""Exceeding - Extended range to 1200, longer sequences (6 numbers), backwards counting, random gap positions for minimal scaffolding."",""math"":{""range"":{""min"":0,""max"":1200},""sequence"":{""steps"":[4,8,50,100],""length"":6,""directions"":[""forwards"",""backwards""],""startStrategy"":""any_multiple""}},""presentation"":{""gaps"":{""position"":""random"",""count"":1},""visualType"":""sequence""}}"
q_1764328354351_117,N01_Y3_NPV,4,Number and Place Value,Counting (in multiples),3,text_input,"What is the missing number? 750, 800, 850, 900, __, 1000",950,The pattern counts forwards in 50s,,"{""description"":""Exceeding - Extended range to 1200, longer sequences (6 numbers), backwards counting, random gap positions for minimal scaffolding."",""math"":{""range"":{""min"":0,""max"":1200},""sequence"":{""steps"":[4,8,50,100],""length"":6,""directions"":[""forwards"",""backwards""],""startStrategy"":""any_multiple""}},""presentation"":{""gaps"":{""position"":""random"",""count"":1},""visualType"":""sequence""}}"
q_1764328354351_118,N01_Y3_NPV,4,Number and Place Value,Counting (in multiples),3,text_input,"What is the missing number? 500, 600, 700, 800, __, 1000",900,The pattern counts forwards in 100s,,"{""description"":""Exceeding - Extended range to 1200, longer sequences (6 numbers), backwards counting, random gap positions for minimal scaffolding."",""math"":{""range"":{""min"":0,""max"":1200},""sequence"":{""steps"":[4,8,50,100],""length"":6,""directions"":[""forwards"",""backwards""],""startStrategy"":""any_multiple""}},""presentation"":{""gaps"":{""position"":""random"",""count"":1},""visualType"":""sequence""}}"
q_1764328354351_119,N01_Y3_NPV,4,Number and Place Value,Counting (in multiples),3,text_input,"What is the missing number? 1000, 900, 800, 700, 600, __",500,The pattern counts backwards in 100s,,"{""description"":""Exceeding - Extended range to 1200, longer sequences (6 numbers), backwards counting, random gap positions for minimal scaffolding."",""math"":{""range"":{""min"":0,""max"":1200},""sequence"":{""steps"":[4,8,50,100],""length"":6,""directions"":[""forwards"",""backwards""],""startStrategy"":""any_multiple""}},""presentation"":{""gaps"":{""position"":""random"",""count"":1},""visualType"":""sequence""}}"
q_1764328354351_120,N01_Y4_NPV,1,Number and Place Value,Counting (in multiples),4,text_input,"What is the missing number? 0, 25, 50, __",75,The pattern counts forwards in 25s,,"{""description"":""Beginning - Count forwards only from 0, in steps of 6, 7, 9, 25, or 1000. Use appropriate ranges for each step size. Shorter sequences (4 numbers) with gap at end for predictability."",""math"":{""range"":{""min"":0,""max"":100},""sequence"":{""steps"":[6,7,9,25,1000],""length"":4,""directions"":[""forwards""],""startStrategy"":""zero_only""}},""presentation"":{""gaps"":{""position"":""end"",""count"":1},""visualType"":""sequence""}}"
q_1764328354351_121,N01_Y4_NPV,1,Number and Place Value,Counting (in multiples),4,text_input,"What is the missing number? 0, 6, 12, __",18,The pattern counts forwards in 6s,,"{""description"":""Beginning - Count forwards only from 0, in steps of 6, 7, 9, 25, or 1000. Use appropriate ranges for each step size. Shorter sequences (4 numbers) with gap at end for predictability."",""math"":{""range"":{""min"":0,""max"":100},""sequence"":{""steps"":[6,7,9,25,1000],""length"":4,""directions"":[""forwards""],""startStrategy"":""zero_only""}},""presentation"":{""gaps"":{""position"":""end"",""count"":1},""visualType"":""sequence""}}"
q_1764328354351_122,N01_Y4_NPV,1,Number and Place Value,Counting (in multiples),4,text_input,"What is the missing number? 0, 1000, 2000, __",3000,The pattern counts forwards in 1000s,,"{""description"":""Beginning - Count forwards only from 0, in steps of 6, 7, 9, 25, or 1000. Use appropriate ranges for each step size. Shorter sequences (4 numbers) with gap at end for predictability."",""math"":{""range"":{""min"":0,""max"":100},""sequence"":{""steps"":[6,7,9,25,1000],""length"":4,""directions"":[""forwards""],""startStrategy"":""zero_only""}},""presentation"":{""gaps"":{""position"":""end"",""count"":1},""visualType"":""sequence""}}"
q_1764328354351_123,N01_Y4_NPV,1,Number and Place Value,Counting (in multiples),4,text_input,"What is the missing number? 0, 25, 50, __",75,The pattern counts forwards in 25s,,"{""description"":""Beginning - Count forwards only from 0, in steps of 6, 7, 9, 25, or 1000. Use appropriate ranges for each step size. Shorter sequences (4 numbers) with gap at end for predictability."",""math"":{""range"":{""min"":0,""max"":100},""sequence"":{""steps"":[6,7,9,25,1000],""length"":4,""directions"":[""forwards""],""startStrategy"":""zero_only""}},""presentation"":{""gaps"":{""position"":""end"",""count"":1},""visualType"":""sequence""}}"
q_1764328354351_124,N01_Y4_NPV,1,Number and Place Value,Counting (in multiples),4,text_input,"What is the missing number? 0, 6, 12, __",18,The pattern counts forwards in 6s,,"{""description"":""Beginning - Count forwards only from 0, in steps of 6, 7, 9, 25, or 1000. Use appropriate ranges for each step size. Shorter sequences (4 numbers) with gap at end for predictability."",""math"":{""range"":{""min"":0,""max"":100},""sequence"":{""steps"":[6,7,9,25,1000],""length"":4,""directions"":[""forwards""],""startStrategy"":""zero_only""}},""presentation"":{""gaps"":{""position"":""end"",""count"":1},""visualType"":""sequence""}}"
q_1764328354351_125,N01_Y4_NPV,1,Number and Place Value,Counting (in multiples),4,text_input,"What is the missing number? 0, 1000, 2000, __",3000,The pattern counts forwards in 1000s,,"{""description"":""Beginning - Count forwards only from 0, in steps of 6, 7, 9, 25, or 1000. Use appropriate ranges for each step size. Shorter sequences (4 numbers) with gap at end for predictability."",""math"":{""range"":{""min"":0,""max"":100},""sequence"":{""steps"":[6,7,9,25,1000],""length"":4,""directions"":[""forwards""],""startStrategy"":""zero_only""}},""presentation"":{""gaps"":{""position"":""end"",""count"":1},""visualType"":""sequence""}}"
q_1764328354351_126,N01_Y4_NPV,1,Number and Place Value,Counting (in multiples),4,text_input,"What is the missing number? 0, 25, 50, __",75,The pattern counts forwards in 25s,,"{""description"":""Beginning - Count forwards only from 0, in steps of 6, 7, 9, 25, or 1000. Use appropriate ranges for each step size. Shorter sequences (4 numbers) with gap at end for predictability."",""math"":{""range"":{""min"":0,""max"":100},""sequence"":{""steps"":[6,7,9,25,1000],""length"":4,""directions"":[""forwards""],""startStrategy"":""zero_only""}},""presentation"":{""gaps"":{""position"":""end"",""count"":1},""visualType"":""sequence""}}"
q_1764328354351_127,N01_Y4_NPV,1,Number and Place Value,Counting (in multiples),4,text_input,"What is the missing number? 0, 7, 14, __",21,The pattern counts forwards in 7s,,"{""description"":""Beginning - Count forwards only from 0, in steps of 6, 7, 9, 25, or 1000. Use appropriate ranges for each step size. Shorter sequences (4 numbers) with gap at end for predictability."",""math"":{""range"":{""min"":0,""max"":100},""sequence"":{""steps"":[6,7,9,25,1000],""length"":4,""directions"":[""forwards""],""startStrategy"":""zero_only""}},""presentation"":{""gaps"":{""position"":""end"",""count"":1},""visualType"":""sequence""}}"
q_1764328354351_128,N01_Y4_NPV,1,Number and Place Value,Counting (in multiples),4,text_input,"What is the missing number? 0, 6, 12, __",18,The pattern counts forwards in 6s,,"{""description"":""Beginning - Count forwards only from 0, in steps of 6, 7, 9, 25, or 1000. Use appropriate ranges for each step size. Shorter sequences (4 numbers) with gap at end for predictability."",""math"":{""range"":{""min"":0,""max"":100},""sequence"":{""steps"":[6,7,9,25,1000],""length"":4,""directions"":[""forwards""],""startStrategy"":""zero_only""}},""presentation"":{""gaps"":{""position"":""end"",""count"":1},""visualType"":""sequence""}}"
q_1764328354351_129,N01_Y4_NPV,1,Number and Place Value,Counting (in multiples),4,text_input,"What is the missing number? 0, 25, 50, __",75,The pattern counts forwards in 25s,,"{""description"":""Beginning - Count forwards only from 0, in steps of 6, 7, 9, 25, or 1000. Use appropriate ranges for each step size. Shorter sequences (4 numbers) with gap at end for predictability."",""math"":{""range"":{""min"":0,""max"":100},""sequence"":{""steps"":[6,7,9,25,1000],""length"":4,""directions"":[""forwards""],""startStrategy"":""zero_only""}},""presentation"":{""gaps"":{""position"":""end"",""count"":1},""visualType"":""sequence""}}"
q_1764328354351_130,N01_Y4_NPV,2,Number and Place Value,Counting (in multiples),4,text_input,"What is the missing number? 114, 120, __, 132, 138",126,The pattern counts forwards in 6s,,"{""description"":""Developing - Count forwards from any multiple, in steps of 6, 7, 9, 25, or 1000, up to 200 for small steps. Standard sequences (5 numbers) with gap in middle."",""math"":{""range"":{""min"":0,""max"":200},""sequence"":{""steps"":[6,7,9,25,1000],""length"":5,""directions"":[""forwards""],""startStrategy"":""any_multiple""}},""presentation"":{""gaps"":{""position"":""middle"",""count"":1},""visualType"":""sequence""}}"
q_1764328354351_131,N01_Y4_NPV,2,Number and Place Value,Counting (in multiples),4,text_input,"What is the missing number? 162, 171, __, 189, 198",180,The pattern counts forwards in 9s,,"{""description"":""Developing - Count forwards from any multiple, in steps of 6, 7, 9, 25, or 1000, up to 200 for small steps. Standard sequences (5 numbers) with gap in middle."",""math"":{""range"":{""min"":0,""max"":200},""sequence"":{""steps"":[6,7,9,25,1000],""length"":5,""directions"":[""forwards""],""startStrategy"":""any_multiple""}},""presentation"":{""gaps"":{""position"":""middle"",""count"":1},""visualType"":""sequence""}}"
q_1764328354351_132,N01_Y4_NPV,2,Number and Place Value,Counting (in multiples),4,text_input,"What is the missing number? 189, 198, __, 216, 225",207,The pattern counts forwards in 9s,,"{""description"":""Developing - Count forwards from any multiple, in steps of 6, 7, 9, 25, or 1000, up to 200 for small steps. Standard sequences (5 numbers) with gap in middle."",""math"":{""range"":{""min"":0,""max"":200},""sequence"":{""steps"":[6,7,9,25,1000],""length"":5,""directions"":[""forwards""],""startStrategy"":""any_multiple""}},""presentation"":{""gaps"":{""position"":""middle"",""count"":1},""visualType"":""sequence""}}"
q_1764328354351_133,N01_Y4_NPV,2,Number and Place Value,Counting (in multiples),4,text_input,"What is the missing number? 81, 90, __, 108, 117",99,The pattern counts forwards in 9s,,"{""description"":""Developing - Count forwards from any multiple, in steps of 6, 7, 9, 25, or 1000, up to 200 for small steps. Standard sequences (5 numbers) with gap in middle."",""math"":{""range"":{""min"":0,""max"":200},""sequence"":{""steps"":[6,7,9,25,1000],""length"":5,""directions"":[""forwards""],""startStrategy"":""any_multiple""}},""presentation"":{""gaps"":{""position"":""middle"",""count"":1},""visualType"":""sequence""}}"
q_1764328354351_134,N01_Y4_NPV,2,Number and Place Value,Counting (in multiples),4,text_input,"What is the missing number? 60, 66, __, 78, 84",72,The pattern counts forwards in 6s,,"{""description"":""Developing - Count forwards from any multiple, in steps of 6, 7, 9, 25, or 1000, up to 200 for small steps. Standard sequences (5 numbers) with gap in middle."",""math"":{""range"":{""min"":0,""max"":200},""sequence"":{""steps"":[6,7,9,25,1000],""length"":5,""directions"":[""forwards""],""startStrategy"":""any_multiple""}},""presentation"":{""gaps"":{""position"":""middle"",""count"":1},""visualType"":""sequence""}}"
q_1764328354351_135,N01_Y4_NPV,2,Number and Place Value,Counting (in multiples),4,text_input,"What is the missing number? 99, 108, __, 126, 135",117,The pattern counts forwards in 9s,,"{""description"":""Developing - Count forwards from any multiple, in steps of 6, 7, 9, 25, or 1000, up to 200 for small steps. Standard sequences (5 numbers) with gap in middle."",""math"":{""range"":{""min"":0,""max"":200},""sequence"":{""steps"":[6,7,9,25,1000],""length"":5,""directions"":[""forwards""],""startStrategy"":""any_multiple""}},""presentation"":{""gaps"":{""position"":""middle"",""count"":1},""visualType"":""sequence""}}"
q_1764328354351_136,N01_Y4_NPV,2,Number and Place Value,Counting (in multiples),4,text_input,"What is the missing number? 0, 25, __, 75, 100",50,The pattern counts forwards in 25s,,"{""description"":""Developing - Count forwards from any multiple, in steps of 6, 7, 9, 25, or 1000, up to 200 for small steps. Standard sequences (5 numbers) with gap in middle."",""math"":{""range"":{""min"":0,""max"":200},""sequence"":{""steps"":[6,7,9,25,1000],""length"":5,""directions"":[""forwards""],""startStrategy"":""any_multiple""}},""presentation"":{""gaps"":{""position"":""middle"",""count"":1},""visualType"":""sequence""}}"
q_1764328354351_137,N01_Y4_NPV,2,Number and Place Value,Counting (in multiples),4,text_input,"What is the missing number? 198, 204, __, 216, 222",210,The pattern counts forwards in 6s,,"{""description"":""Developing - Count forwards from any multiple, in steps of 6, 7, 9, 25, or 1000, up to 200 for small steps. Standard sequences (5 numbers) with gap in middle."",""math"":{""range"":{""min"":0,""max"":200},""sequence"":{""steps"":[6,7,9,25,1000],""length"":5,""directions"":[""forwards""],""startStrategy"":""any_multiple""}},""presentation"":{""gaps"":{""position"":""middle"",""count"":1},""visualType"":""sequence""}}"
q_1764328354351_138,N01_Y4_NPV,2,Number and Place Value,Counting (in multiples),4,text_input,"What is the missing number? 0, 9, __, 27, 36",18,The pattern counts forwards in 9s,,"{""description"":""Developing - Count forwards from any multiple, in steps of 6, 7, 9, 25, or 1000, up to 200 for small steps. Standard sequences (5 numbers) with gap in middle."",""math"":{""range"":{""min"":0,""max"":200},""sequence"":{""steps"":[6,7,9,25,1000],""length"":5,""directions"":[""forwards""],""startStrategy"":""any_multiple""}},""presentation"":{""gaps"":{""position"":""middle"",""count"":1},""visualType"":""sequence""}}"
q_1764328354351_139,N01_Y4_NPV,2,Number and Place Value,Counting (in multiples),4,text_input,"What is the missing number? 37000, 38000, __, 40000, 41000",39000,The pattern counts forwards in 1000s,,"{""description"":""Developing - Count forwards from any multiple, in steps of 6, 7, 9, 25, or 1000, up to 200 for small steps. Standard sequences (5 numbers) with gap in middle."",""math"":{""range"":{""min"":0,""max"":200},""sequence"":{""steps"":[6,7,9,25,1000],""length"":5,""directions"":[""forwards""],""startStrategy"":""any_multiple""}},""presentation"":{""gaps"":{""position"":""middle"",""count"":1},""visualType"":""sequence""}}"
q_1764328354351_140,N01_Y4_NPV,3,Number and Place Value,Counting (in multiples),4,text_input,"What is the missing number? 202000, 201000, __, 199000, 198000",200000,The pattern counts backwards in 1000s,,"{""description"":""Meeting - Full curriculum: count forwards and backwards from any given number in multiples of 6, 7, 9, 25, and 1000. Use appropriate ranges for step size."",""math"":{""range"":{""min"":0,""max"":300},""sequence"":{""steps"":[6,7,9,25,1000],""length"":5,""directions"":[""forwards"",""backwards""],""startStrategy"":""any_multiple""}},""presentation"":{""gaps"":{""position"":""middle"",""count"":1},""visualType"":""sequence""}}"
q_1764328354351_141,N01_Y4_NPV,3,Number and Place Value,Counting (in multiples),4,text_input,"What is the missing number? 103000, 104000, __, 106000, 107000",105000,The pattern counts forwards in 1000s,,"{""description"":""Meeting - Full curriculum: count forwards and backwards from any given number in multiples of 6, 7, 9, 25, and 1000. Use appropriate ranges for step size."",""math"":{""range"":{""min"":0,""max"":300},""sequence"":{""steps"":[6,7,9,25,1000],""length"":5,""directions"":[""forwards"",""backwards""],""startStrategy"":""any_multiple""}},""presentation"":{""gaps"":{""position"":""middle"",""count"":1},""visualType"":""sequence""}}"
q_1764328354351_142,N01_Y4_NPV,3,Number and Place Value,Counting (in multiples),4,text_input,"What is the missing number? 107000, 108000, __, 110000, 111000",109000,The pattern counts forwards in 1000s,,"{""description"":""Meeting - Full curriculum: count forwards and backwards from any given number in multiples of 6, 7, 9, 25, and 1000. Use appropriate ranges for step size."",""math"":{""range"":{""min"":0,""max"":300},""sequence"":{""steps"":[6,7,9,25,1000],""length"":5,""directions"":[""forwards"",""backwards""],""startStrategy"":""any_multiple""}},""presentation"":{""gaps"":{""position"":""middle"",""count"":1},""visualType"":""sequence""}}"
q_1764328354351_143,N01_Y4_NPV,3,Number and Place Value,Counting (in multiples),4,text_input,"What is the missing number? 261, 270, __, 288, 297",279,The pattern counts forwards in 9s,,"{""description"":""Meeting - Full curriculum: count forwards and backwards from any given number in multiples of 6, 7, 9, 25, and 1000. Use appropriate ranges for step size."",""math"":{""range"":{""min"":0,""max"":300},""sequence"":{""steps"":[6,7,9,25,1000],""length"":5,""directions"":[""forwards"",""backwards""],""startStrategy"":""any_multiple""}},""presentation"":{""gaps"":{""position"":""middle"",""count"":1},""visualType"":""sequence""}}"
q_1764328354351_144,N01_Y4_NPV,3,Number and Place Value,Counting (in multiples),4,text_input,"What is the missing number? 259, 266, __, 280, 287",273,The pattern counts forwards in 7s,,"{""description"":""Meeting - Full curriculum: count forwards and backwards from any given number in multiples of 6, 7, 9, 25, and 1000. Use appropriate ranges for step size."",""math"":{""range"":{""min"":0,""max"":300},""sequence"":{""steps"":[6,7,9,25,1000],""length"":5,""directions"":[""forwards"",""backwards""],""startStrategy"":""any_multiple""}},""presentation"":{""gaps"":{""position"":""middle"",""count"":1},""visualType"":""sequence""}}"
q_1764328354351_145,N01_Y4_NPV,3,Number and Place Value,Counting (in multiples),4,text_input,"What is the missing number? 14, 21, __, 35, 42",28,The pattern counts forwards in 7s,,"{""description"":""Meeting - Full curriculum: count forwards and backwards from any given number in multiples of 6, 7, 9, 25, and 1000. Use appropriate ranges for step size."",""math"":{""range"":{""min"":0,""max"":300},""sequence"":{""steps"":[6,7,9,25,1000],""length"":5,""directions"":[""forwards"",""backwards""],""startStrategy"":""any_multiple""}},""presentation"":{""gaps"":{""position"":""middle"",""count"":1},""visualType"":""sequence""}}"
q_1764328354351_146,N01_Y4_NPV,3,Number and Place Value,Counting (in multiples),4,text_input,"What is the missing number? 225, 250, __, 300, 325",275,The pattern counts forwards in 25s,,"{""description"":""Meeting - Full curriculum: count forwards and backwards from any given number in multiples of 6, 7, 9, 25, and 1000. Use appropriate ranges for step size."",""math"":{""range"":{""min"":0,""max"":300},""sequence"":{""steps"":[6,7,9,25,1000],""length"":5,""directions"":[""forwards"",""backwards""],""startStrategy"":""any_multiple""}},""presentation"":{""gaps"":{""position"":""middle"",""count"":1},""visualType"":""sequence""}}"
q_1764328354351_147,N01_Y4_NPV,3,Number and Place Value,Counting (in multiples),4,text_input,"What is the missing number? 287, 294, __, 308, 315",301,The pattern counts forwards in 7s,,"{""description"":""Meeting - Full curriculum: count forwards and backwards from any given number in multiples of 6, 7, 9, 25, and 1000. Use appropriate ranges for step size."",""math"":{""range"":{""min"":0,""max"":300},""sequence"":{""steps"":[6,7,9,25,1000],""length"":5,""directions"":[""forwards"",""backwards""],""startStrategy"":""any_multiple""}},""presentation"":{""gaps"":{""position"":""middle"",""count"":1},""visualType"":""sequence""}}"
q_1764328354351_148,N01_Y4_NPV,3,Number and Place Value,Counting (in multiples),4,text_input,"What is the missing number? 65000, 66000, __, 68000, 69000",67000,The pattern counts forwards in 1000s,,"{""description"":""Meeting - Full curriculum: count forwards and backwards from any given number in multiples of 6, 7, 9, 25, and 1000. Use appropriate ranges for step size."",""math"":{""range"":{""min"":0,""max"":300},""sequence"":{""steps"":[6,7,9,25,1000],""length"":5,""directions"":[""forwards"",""backwards""],""startStrategy"":""any_multiple""}},""presentation"":{""gaps"":{""position"":""middle"",""count"":1},""visualType"":""sequence""}}"
q_1764328354351_149,N01_Y4_NPV,3,Number and Place Value,Counting (in multiples),4,text_input,"What is the missing number? 100, 125, __, 175, 200",150,The pattern counts forwards in 25s,,"{""description"":""Meeting - Full curriculum: count forwards and backwards from any given number in multiples of 6, 7, 9, 25, and 1000. Use appropriate ranges for step size."",""math"":{""range"":{""min"":0,""max"":300},""sequence"":{""steps"":[6,7,9,25,1000],""length"":5,""directions"":[""forwards"",""backwards""],""startStrategy"":""any_multiple""}},""presentation"":{""gaps"":{""position"":""middle"",""count"":1},""visualType"":""sequence""}}"
q_1764328354351_150,N01_Y4_NPV,4,Number and Place Value,Counting (in multiples),4,text_input,"What is the missing number? 217, 224, 231, __, 245, 252",238,The pattern counts forwards in 7s,,"{""description"":""Exceeding - Extended range to 500 for small steps, longer sequences (6 numbers), backwards counting, random gap positions for minimal scaffolding."",""math"":{""range"":{""min"":0,""max"":500},""sequence"":{""steps"":[6,7,9,25,1000],""length"":6,""directions"":[""forwards"",""backwards""],""startStrategy"":""any_multiple""}},""presentation"":{""gaps"":{""position"":""random"",""count"":1},""visualType"":""sequence""}}"
q_1764328354351_151,N01_Y4_NPV,4,Number and Place Value,Counting (in multiples),4,text_input,"What is the missing number? 477000, 476000, 475000, 474000, 473000, __",472000,The pattern counts backwards in 1000s,,"{""description"":""Exceeding - Extended range to 500 for small steps, longer sequences (6 numbers), backwards counting, random gap positions for minimal scaffolding."",""math"":{""range"":{""min"":0,""max"":500},""sequence"":{""steps"":[6,7,9,25,1000],""length"":6,""directions"":[""forwards"",""backwards""],""startStrategy"":""any_multiple""}},""presentation"":{""gaps"":{""position"":""random"",""count"":1},""visualType"":""sequence""}}"
q_1764328354351_152,N01_Y4_NPV,4,Number and Place Value,Counting (in multiples),4,text_input,"What is the missing number? 336, 343, 350, __, 364, 371",357,The pattern counts forwards in 7s,,"{""description"":""Exceeding - Extended range to 500 for small steps, longer sequences (6 numbers), backwards counting, random gap positions for minimal scaffolding."",""math"":{""range"":{""min"":0,""max"":500},""sequence"":{""steps"":[6,7,9,25,1000],""length"":6,""directions"":[""forwards"",""backwards""],""startStrategy"":""any_multiple""}},""presentation"":{""gaps"":{""position"":""random"",""count"":1},""visualType"":""sequence""}}"
q_1764328354351_153,N01_Y4_NPV,4,Number and Place Value,Counting (in multiples),4,text_input,"What is the missing number? 207, 216, 225, 234, __, 252",243,The pattern counts forwards in 9s,,"{""description"":""Exceeding - Extended range to 500 for small steps, longer sequences (6 numbers), backwards counting, random gap positions for minimal scaffolding."",""math"":{""range"":{""min"":0,""max"":500},""sequence"":{""steps"":[6,7,9,25,1000],""length"":6,""directions"":[""forwards"",""backwards""],""startStrategy"":""any_multiple""}},""presentation"":{""gaps"":{""position"":""random"",""count"":1},""visualType"":""sequence""}}"
q_1764328354351_154,N01_Y4_NPV,4,Number and Place Value,Counting (in multiples),4,text_input,"What is the missing number? 275, __, 325, 350, 375, 400",300,The pattern counts forwards in 25s,,"{""description"":""Exceeding - Extended range to 500 for small steps, longer sequences (6 numbers), backwards counting, random gap positions for minimal scaffolding."",""math"":{""range"":{""min"":0,""max"":500},""sequence"":{""steps"":[6,7,9,25,1000],""length"":6,""directions"":[""forwards"",""backwards""],""startStrategy"":""any_multiple""}},""presentation"":{""gaps"":{""position"":""random"",""count"":1},""visualType"":""sequence""}}"
q_1764328354351_155,N01_Y4_NPV,4,Number and Place Value,Counting (in multiples),4,text_input,"What is the missing number? 450, 425, 400, 375, __, 325",350,The pattern counts backwards in 25s,,"{""description"":""Exceeding - Extended range to 500 for small steps, longer sequences (6 numbers), backwards counting, random gap positions for minimal scaffolding."",""math"":{""range"":{""min"":0,""max"":500},""sequence"":{""steps"":[6,7,9,25,1000],""length"":6,""directions"":[""forwards"",""backwards""],""startStrategy"":""any_multiple""}},""presentation"":{""gaps"":{""position"":""random"",""count"":1},""visualType"":""sequence""}}"
q_1764328354351_156,N01_Y4_NPV,4,Number and Place Value,Counting (in multiples),4,text_input,"What is the missing number? 375, 400, __, 450, 475, 500",425,The pattern counts forwards in 25s,,"{""description"":""Exceeding - Extended range to 500 for small steps, longer sequences (6 numbers), backwards counting, random gap positions for minimal scaffolding."",""math"":{""range"":{""min"":0,""max"":500},""sequence"":{""steps"":[6,7,9,25,1000],""length"":6,""directions"":[""forwards"",""backwards""],""startStrategy"":""any_multiple""}},""presentation"":{""gaps"":{""position"":""random"",""count"":1},""visualType"":""sequence""}}"
q_1764328354351_157,N01_Y4_NPV,4,Number and Place Value,Counting (in multiples),4,text_input,"What is the missing number? 250, 225, 200, __, 150, 125",175,The pattern counts backwards in 25s,,"{""description"":""Exceeding - Extended range to 500 for small steps, longer sequences (6 numbers), backwards counting, random gap positions for minimal scaffolding."",""math"":{""range"":{""min"":0,""max"":500},""sequence"":{""steps"":[6,7,9,25,1000],""length"":6,""directions"":[""forwards"",""backwards""],""startStrategy"":""any_multiple""}},""presentation"":{""gaps"":{""position"":""random"",""count"":1},""visualType"":""sequence""}}"
q_1764328354351_158,N01_Y4_NPV,4,Number and Place Value,Counting (in multiples),4,text_input,"What is the missing number? 306, 315, 324, 333, __, 351",342,The pattern counts forwards in 9s,,"{""description"":""Exceeding - Extended range to 500 for small steps, longer sequences (6 numbers), backwards counting, random gap positions for minimal scaffolding."",""math"":{""range"":{""min"":0,""max"":500},""sequence"":{""steps"":[6,7,9,25,1000],""length"":6,""directions"":[""forwards"",""backwards""],""startStrategy"":""any_multiple""}},""presentation"":{""gaps"":{""position"":""random"",""count"":1},""visualType"":""sequence""}}"
q_1764328354351_159,N01_Y4_NPV,4,Number and Place Value,Counting (in multiples),4,text_input,"What is the missing number? 42000, 41000, __, 39000, 38000, 37000",40000,The pattern counts backwards in 1000s,,"{""description"":""Exceeding - Extended range to 500 for small steps, longer sequences (6 numbers), backwards counting, random gap positions for minimal scaffolding."",""math"":{""range"":{""min"":0,""max"":500},""sequence"":{""steps"":[6,7,9,25,1000],""length"":6,""directions"":[""forwards"",""backwards""],""startStrategy"":""any_multiple""}},""presentation"":{""gaps"":{""position"":""random"",""count"":1},""visualType"":""sequence""}}"
q_1764328354352_160,N01_Y5_NPV,1,Number and Place Value,Counting (in multiples),5,text_input,"What is the missing number? 6697, 6797, 6897, __",6997,The pattern counts forwards in hundreds,,"{""description"":""Beginning - Count forwards in steps of 10, 100, 1000 up to 10,000. Shorter sequences (4 numbers) with gap at end for predictability."",""math"":{""range"":{""min"":0,""max"":10000},""sequence"":{""steps"":[10,100,1000],""length"":4,""directions"":[""forwards""],""startStrategy"":""any""}},""presentation"":{""gaps"":{""position"":""end"",""count"":1},""visualType"":""sequence""}}"
q_1764328354352_161,N01_Y5_NPV,1,Number and Place Value,Counting (in multiples),5,text_input,"What is the missing number? 6489, 6499, 6509, __",6519,The pattern counts forwards in 10s,,"{""description"":""Beginning - Count forwards in steps of 10, 100, 1000 up to 10,000. Shorter sequences (4 numbers) with gap at end for predictability."",""math"":{""range"":{""min"":0,""max"":10000},""sequence"":{""steps"":[10,100,1000],""length"":4,""directions"":[""forwards""],""startStrategy"":""any""}},""presentation"":{""gaps"":{""position"":""end"",""count"":1},""visualType"":""sequence""}}"
q_1764328354352_162,N01_Y5_NPV,1,Number and Place Value,Counting (in multiples),5,text_input,"What is the missing number? 4207, 4307, 4407, __",4507,The pattern counts forwards in hundreds,,"{""description"":""Beginning - Count forwards in steps of 10, 100, 1000 up to 10,000. Shorter sequences (4 numbers) with gap at end for predictability."",""math"":{""range"":{""min"":0,""max"":10000},""sequence"":{""steps"":[10,100,1000],""length"":4,""directions"":[""forwards""],""startStrategy"":""any""}},""presentation"":{""gaps"":{""position"":""end"",""count"":1},""visualType"":""sequence""}}"
q_1764328354352_163,N01_Y5_NPV,1,Number and Place Value,Counting (in multiples),5,text_input,"What is the missing number? 965, 1065, 1165, __",1265,The pattern counts forwards in hundreds,,"{""description"":""Beginning - Count forwards in steps of 10, 100, 1000 up to 10,000. Shorter sequences (4 numbers) with gap at end for predictability."",""math"":{""range"":{""min"":0,""max"":10000},""sequence"":{""steps"":[10,100,1000],""length"":4,""directions"":[""forwards""],""startStrategy"":""any""}},""presentation"":{""gaps"":{""position"":""end"",""count"":1},""visualType"":""sequence""}}"
q_1764328354352_164,N01_Y5_NPV,1,Number and Place Value,Counting (in multiples),5,text_input,"What is the missing number? 2805, 3805, 4805, __",5805,The pattern counts forwards in thousands,,"{""description"":""Beginning - Count forwards in steps of 10, 100, 1000 up to 10,000. Shorter sequences (4 numbers) with gap at end for predictability."",""math"":{""range"":{""min"":0,""max"":10000},""sequence"":{""steps"":[10,100,1000],""length"":4,""directions"":[""forwards""],""startStrategy"":""any""}},""presentation"":{""gaps"":{""position"":""end"",""count"":1},""visualType"":""sequence""}}"
q_1764328354352_165,N01_Y5_NPV,1,Number and Place Value,Counting (in multiples),5,text_input,"What is the missing number? 2064, 3064, 4064, __",5064,The pattern counts forwards in thousands,,"{""description"":""Beginning - Count forwards in steps of 10, 100, 1000 up to 10,000. Shorter sequences (4 numbers) with gap at end for predictability."",""math"":{""range"":{""min"":0,""max"":10000},""sequence"":{""steps"":[10,100,1000],""length"":4,""directions"":[""forwards""],""startStrategy"":""any""}},""presentation"":{""gaps"":{""position"":""end"",""count"":1},""visualType"":""sequence""}}"
q_1764328354352_166,N01_Y5_NPV,1,Number and Place Value,Counting (in multiples),5,text_input,"What is the missing number? 2569, 3569, 4569, __",5569,The pattern counts forwards in thousands,,"{""description"":""Beginning - Count forwards in steps of 10, 100, 1000 up to 10,000. Shorter sequences (4 numbers) with gap at end for predictability."",""math"":{""range"":{""min"":0,""max"":10000},""sequence"":{""steps"":[10,100,1000],""length"":4,""directions"":[""forwards""],""startStrategy"":""any""}},""presentation"":{""gaps"":{""position"":""end"",""count"":1},""visualType"":""sequence""}}"
q_1764328354352_167,N01_Y5_NPV,1,Number and Place Value,Counting (in multiples),5,text_input,"What is the missing number? 126, 1126, 2126, __",3126,The pattern counts forwards in thousands,,"{""description"":""Beginning - Count forwards in steps of 10, 100, 1000 up to 10,000. Shorter sequences (4 numbers) with gap at end for predictability."",""math"":{""range"":{""min"":0,""max"":10000},""sequence"":{""steps"":[10,100,1000],""length"":4,""directions"":[""forwards""],""startStrategy"":""any""}},""presentation"":{""gaps"":{""position"":""end"",""count"":1},""visualType"":""sequence""}}"
q_1764328354352_168,N01_Y5_NPV,1,Number and Place Value,Counting (in multiples),5,text_input,"What is the missing number? 5758, 5858, 5958, __",6058,The pattern counts forwards in hundreds,,"{""description"":""Beginning - Count forwards in steps of 10, 100, 1000 up to 10,000. Shorter sequences (4 numbers) with gap at end for predictability."",""math"":{""range"":{""min"":0,""max"":10000},""sequence"":{""steps"":[10,100,1000],""length"":4,""directions"":[""forwards""],""startStrategy"":""any""}},""presentation"":{""gaps"":{""position"":""end"",""count"":1},""visualType"":""sequence""}}"
q_1764328354352_169,N01_Y5_NPV,1,Number and Place Value,Counting (in multiples),5,text_input,"What is the missing number? 937, 1037, 1137, __",1237,The pattern counts forwards in hundreds,,"{""description"":""Beginning - Count forwards in steps of 10, 100, 1000 up to 10,000. Shorter sequences (4 numbers) with gap at end for predictability."",""math"":{""range"":{""min"":0,""max"":10000},""sequence"":{""steps"":[10,100,1000],""length"":4,""directions"":[""forwards""],""startStrategy"":""any""}},""presentation"":{""gaps"":{""position"":""end"",""count"":1},""visualType"":""sequence""}}"
q_1764328354352_170,N01_Y5_NPV,2,Number and Place Value,Counting (in multiples),5,text_input,"What is the missing number? 86798, 86698, 86598, __, 86398",86498,The pattern counts backwards in hundreds,,"{""description"":""Developing - Count forwards and backwards in steps of 10, 100, 1000, 10000 up to 100,000. Standard sequences (5 numbers) with random gap position."",""math"":{""range"":{""min"":0,""max"":100000},""sequence"":{""steps"":[10,100,1000,10000],""length"":5,""directions"":[""forwards"",""backwards""],""startStrategy"":""any""}},""presentation"":{""gaps"":{""position"":""random"",""count"":1},""visualType"":""sequence""}}"
q_1764328354352_171,N01_Y5_NPV,2,Number and Place Value,Counting (in multiples),5,text_input,"What is the missing number? 46706, 36706, __, 16706, 6706",26706,The pattern counts backwards in 10 thousands,,"{""description"":""Developing - Count forwards and backwards in steps of 10, 100, 1000, 10000 up to 100,000. Standard sequences (5 numbers) with random gap position."",""math"":{""range"":{""min"":0,""max"":100000},""sequence"":{""steps"":[10,100,1000,10000],""length"":5,""directions"":[""forwards"",""backwards""],""startStrategy"":""any""}},""presentation"":{""gaps"":{""position"":""random"",""count"":1},""visualType"":""sequence""}}"
q_1764328354352_172,N01_Y5_NPV,2,Number and Place Value,Counting (in multiples),5,text_input,"What is the missing number? 72360, 72350, __, 72330, 72320",72340,The pattern counts backwards in 10s,,"{""description"":""Developing - Count forwards and backwards in steps of 10, 100, 1000, 10000 up to 100,000. Standard sequences (5 numbers) with random gap position."",""math"":{""range"":{""min"":0,""max"":100000},""sequence"":{""steps"":[10,100,1000,10000],""length"":5,""directions"":[""forwards"",""backwards""],""startStrategy"":""any""}},""presentation"":{""gaps"":{""position"":""random"",""count"":1},""visualType"":""sequence""}}"
q_1764328354352_173,N01_Y5_NPV,2,Number and Place Value,Counting (in multiples),5,text_input,"What is the missing number? 49713, 59713, __, 79713, 89713",69713,The pattern counts forwards in 10 thousands,,"{""description"":""Developing - Count forwards and backwards in steps of 10, 100, 1000, 10000 up to 100,000. Standard sequences (5 numbers) with random gap position."",""math"":{""range"":{""min"":0,""max"":100000},""sequence"":{""steps"":[10,100,1000,10000],""length"":5,""directions"":[""forwards"",""backwards""],""startStrategy"":""any""}},""presentation"":{""gaps"":{""position"":""random"",""count"":1},""visualType"":""sequence""}}"
q_1764328354352_174,N01_Y5_NPV,2,Number and Place Value,Counting (in multiples),5,text_input,"What is the missing number? 33663, 33563, __, 33363, 33263",33463,The pattern counts backwards in hundreds,,"{""description"":""Developing - Count forwards and backwards in steps of 10, 100, 1000, 10000 up to 100,000. Standard sequences (5 numbers) with random gap position."",""math"":{""range"":{""min"":0,""max"":100000},""sequence"":{""steps"":[10,100,1000,10000],""length"":5,""directions"":[""forwards"",""backwards""],""startStrategy"":""any""}},""presentation"":{""gaps"":{""position"":""random"",""count"":1},""visualType"":""sequence""}}"
q_1764328354352_175,N01_Y5_NPV,2,Number and Place Value,Counting (in multiples),5,text_input,"What is the missing number? 86293, 87293, 88293, __, 90293",89293,The pattern counts forwards in thousands,,"{""description"":""Developing - Count forwards and backwards in steps of 10, 100, 1000, 10000 up to 100,000. Standard sequences (5 numbers) with random gap position."",""math"":{""range"":{""min"":0,""max"":100000},""sequence"":{""steps"":[10,100,1000,10000],""length"":5,""directions"":[""forwards"",""backwards""],""startStrategy"":""any""}},""presentation"":{""gaps"":{""position"":""random"",""count"":1},""visualType"":""sequence""}}"
q_1764328354352_176,N01_Y5_NPV,2,Number and Place Value,Counting (in multiples),5,text_input,"What is the missing number? 56631, 56641, __, 56661, 56671",56651,The pattern counts forwards in 10s,,"{""description"":""Developing - Count forwards and backwards in steps of 10, 100, 1000, 10000 up to 100,000. Standard sequences (5 numbers) with random gap position."",""math"":{""range"":{""min"":0,""max"":100000},""sequence"":{""steps"":[10,100,1000,10000],""length"":5,""directions"":[""forwards"",""backwards""],""startStrategy"":""any""}},""presentation"":{""gaps"":{""position"":""random"",""count"":1},""visualType"":""sequence""}}"
q_1764328354352_177,N01_Y5_NPV,2,Number and Place Value,Counting (in multiples),5,text_input,"What is the missing number? 43849, 43859, 43869, __, 43889",43879,The pattern counts forwards in 10s,,"{""description"":""Developing - Count forwards and backwards in steps of 10, 100, 1000, 10000 up to 100,000. Standard sequences (5 numbers) with random gap position."",""math"":{""range"":{""min"":0,""max"":100000},""sequence"":{""steps"":[10,100,1000,10000],""length"":5,""directions"":[""forwards"",""backwards""],""startStrategy"":""any""}},""presentation"":{""gaps"":{""position"":""random"",""count"":1},""visualType"":""sequence""}}"
q_1764328354352_178,N01_Y5_NPV,2,Number and Place Value,Counting (in multiples),5,text_input,"What is the missing number? 85775, __, 85795, 85805, 85815",85785,The pattern counts forwards in 10s,,"{""description"":""Developing - Count forwards and backwards in steps of 10, 100, 1000, 10000 up to 100,000. Standard sequences (5 numbers) with random gap position."",""math"":{""range"":{""min"":0,""max"":100000},""sequence"":{""steps"":[10,100,1000,10000],""length"":5,""directions"":[""forwards"",""backwards""],""startStrategy"":""any""}},""presentation"":{""gaps"":{""position"":""random"",""count"":1},""visualType"":""sequence""}}"
q_1764328354352_179,N01_Y5_NPV,2,Number and Place Value,Counting (in multiples),5,text_input,"What is the missing number? 22482, 22582, 22682, 22782, __",22882,The pattern counts forwards in hundreds,,"{""description"":""Developing - Count forwards and backwards in steps of 10, 100, 1000, 10000 up to 100,000. Standard sequences (5 numbers) with random gap position."",""math"":{""range"":{""min"":0,""max"":100000},""sequence"":{""steps"":[10,100,1000,10000],""length"":5,""directions"":[""forwards"",""backwards""],""startStrategy"":""any""}},""presentation"":{""gaps"":{""position"":""random"",""count"":1},""visualType"":""sequence""}}"
q_1764328354352_180,N01_Y5_NPV,3,Number and Place Value,Counting (in multiples),5,text_input,"What is the missing number? 379879, 379869, 379859, __, 379839",379849,The pattern counts backwards in 10s,,"{""description"":""Meeting - Full curriculum: count forwards and backwards in steps of powers of 10 (1, 10, 100, 1000, 10000, 100000) up to 1,000,000. Standard sequences (5 numbers)."",""math"":{""range"":{""min"":0,""max"":1000000},""sequence"":{""steps"":[1,10,100,1000,10000,100000],""length"":5,""directions"":[""forwards"",""backwards""],""startStrategy"":""any""}},""presentation"":{""gaps"":{""position"":""random"",""count"":1},""visualType"":""sequence""}}"
q_1764328354352_181,N01_Y5_NPV,3,Number and Place Value,Counting (in multiples),5,text_input,"What is the missing number? 15016, __, 13016, 12016, 11016",14016,The pattern counts backwards in thousands,,"{""description"":""Meeting - Full curriculum: count forwards and backwards in steps of powers of 10 (1, 10, 100, 1000, 10000, 100000) up to 1,000,000. Standard sequences (5 numbers)."",""math"":{""range"":{""min"":0,""max"":1000000},""sequence"":{""steps"":[1,10,100,1000,10000,100000],""length"":5,""directions"":[""forwards"",""backwards""],""startStrategy"":""any""}},""presentation"":{""gaps"":{""position"":""random"",""count"":1},""visualType"":""sequence""}}"
q_1764328354352_182,N01_Y5_NPV,3,Number and Place Value,Counting (in multiples),5,text_input,"What is the missing number? 270925, 370925, __, 570925, 670925",470925,The pattern counts forwards in 100 thousands,,"{""description"":""Meeting - Full curriculum: count forwards and backwards in steps of powers of 10 (1, 10, 100, 1000, 10000, 100000) up to 1,000,000. Standard sequences (5 numbers)."",""math"":{""range"":{""min"":0,""max"":1000000},""sequence"":{""steps"":[1,10,100,1000,10000,100000],""length"":5,""directions"":[""forwards"",""backwards""],""startStrategy"":""any""}},""presentation"":{""gaps"":{""position"":""random"",""count"":1},""visualType"":""sequence""}}"
q_1764328354352_183,N01_Y5_NPV,3,Number and Place Value,Counting (in multiples),5,text_input,"What is the missing number? 703044, __, 503044, 403044, 303044",603044,The pattern counts backwards in 100 thousands,,"{""description"":""Meeting - Full curriculum: count forwards and backwards in steps of powers of 10 (1, 10, 100, 1000, 10000, 100000) up to 1,000,000. Standard sequences (5 numbers)."",""math"":{""range"":{""min"":0,""max"":1000000},""sequence"":{""steps"":[1,10,100,1000,10000,100000],""length"":5,""directions"":[""forwards"",""backwards""],""startStrategy"":""any""}},""presentation"":{""gaps"":{""position"":""random"",""count"":1},""visualType"":""sequence""}}"
q_1764328354352_184,N01_Y5_NPV,3,Number and Place Value,Counting (in multiples),5,text_input,"What is the missing number? 827711, __, 827731, 827741, 827751",827721,The pattern counts forwards in 10s,,"{""description"":""Meeting - Full curriculum: count forwards and backwards in steps of powers of 10 (1, 10, 100, 1000, 10000, 100000) up to 1,000,000. Standard sequences (5 numbers)."",""math"":{""range"":{""min"":0,""max"":1000000},""sequence"":{""steps"":[1,10,100,1000,10000,100000],""length"":5,""directions"":[""forwards"",""backwards""],""startStrategy"":""any""}},""presentation"":{""gaps"":{""position"":""random"",""count"":1},""visualType"":""sequence""}}"
q_1764328354352_185,N01_Y5_NPV,3,Number and Place Value,Counting (in multiples),5,text_input,"What is the missing number? 941029, 941039, 941049, 941059, __",941069,The pattern counts forwards in 10s,,"{""description"":""Meeting - Full curriculum: count forwards and backwards in steps of powers of 10 (1, 10, 100, 1000, 10000, 100000) up to 1,000,000. Standard sequences (5 numbers)."",""math"":{""range"":{""min"":0,""max"":1000000},""sequence"":{""steps"":[1,10,100,1000,10000,100000],""length"":5,""directions"":[""forwards"",""backwards""],""startStrategy"":""any""}},""presentation"":{""gaps"":{""position"":""random"",""count"":1},""visualType"":""sequence""}}"
q_1764328354352_186,N01_Y5_NPV,3,Number and Place Value,Counting (in multiples),5,text_input,"What is the missing number? 134718, __, 334718, 434718, 534718",234718,The pattern counts forwards in 100 thousands,,"{""description"":""Meeting - Full curriculum: count forwards and backwards in steps of powers of 10 (1, 10, 100, 1000, 10000, 100000) up to 1,000,000. Standard sequences (5 numbers)."",""math"":{""range"":{""min"":0,""max"":1000000},""sequence"":{""steps"":[1,10,100,1000,10000,100000],""length"":5,""directions"":[""forwards"",""backwards""],""startStrategy"":""any""}},""presentation"":{""gaps"":{""position"":""random"",""count"":1},""visualType"":""sequence""}}"
q_1764328354352_187,N01_Y5_NPV,3,Number and Place Value,Counting (in multiples),5,text_input,"What is the missing number? 876565, 876575, __, 876595, 876605",876585,The pattern counts forwards in 10s,,"{""description"":""Meeting - Full curriculum: count forwards and backwards in steps of powers of 10 (1, 10, 100, 1000, 10000, 100000) up to 1,000,000. Standard sequences (5 numbers)."",""math"":{""range"":{""min"":0,""max"":1000000},""sequence"":{""steps"":[1,10,100,1000,10000,100000],""length"":5,""directions"":[""forwards"",""backwards""],""startStrategy"":""any""}},""presentation"":{""gaps"":{""position"":""random"",""count"":1},""visualType"":""sequence""}}"
q_1764328354352_188,N01_Y5_NPV,3,Number and Place Value,Counting (in multiples),5,text_input,"What is the missing number? 579786, 579785, 579784, __, 579782",579783,The pattern counts backwards in 1s,,"{""description"":""Meeting - Full curriculum: count forwards and backwards in steps of powers of 10 (1, 10, 100, 1000, 10000, 100000) up to 1,000,000. Standard sequences (5 numbers)."",""math"":{""range"":{""min"":0,""max"":1000000},""sequence"":{""steps"":[1,10,100,1000,10000,100000],""length"":5,""directions"":[""forwards"",""backwards""],""startStrategy"":""any""}},""presentation"":{""gaps"":{""position"":""random"",""count"":1},""visualType"":""sequence""}}"
q_1764328354352_189,N01_Y5_NPV,3,Number and Place Value,Counting (in multiples),5,text_input,"What is the missing number? 528130, 528030, 527930, 527830, __",527730,The pattern counts backwards in hundreds,,"{""description"":""Meeting - Full curriculum: count forwards and backwards in steps of powers of 10 (1, 10, 100, 1000, 10000, 100000) up to 1,000,000. Standard sequences (5 numbers)."",""math"":{""range"":{""min"":0,""max"":1000000},""sequence"":{""steps"":[1,10,100,1000,10000,100000],""length"":5,""directions"":[""forwards"",""backwards""],""startStrategy"":""any""}},""presentation"":{""gaps"":{""position"":""random"",""count"":1},""visualType"":""sequence""}}"
q_1764328354352_190,N01_Y5_NPV,4,Number and Place Value,Counting (in multiples),5,fill_blanks,"What are the missing numbers? 727208, __, __, 427208, 327208, 227208","627208, 527208",The pattern counts backwards in 100 thousands,,"{""description"":""Exceeding - Extended sequences (6 numbers) with multiple gaps (2 missing) in all powers of 10 up to 1,000,000."",""math"":{""range"":{""min"":0,""max"":1000000},""sequence"":{""steps"":[1,10,100,1000,10000,100000],""length"":6,""directions"":[""forwards"",""backwards""],""startStrategy"":""any""}},""presentation"":{""gaps"":{""position"":""random"",""count"":2},""visualType"":""sequence""}}"
q_1764328354352_191,N01_Y5_NPV,4,Number and Place Value,Counting (in multiples),5,fill_blanks,"What are the missing numbers? 985451, 985452, 985453, __, 985455, __","985454, 985456",The pattern counts forwards in 1s,,"{""description"":""Exceeding - Extended sequences (6 numbers) with multiple gaps (2 missing) in all powers of 10 up to 1,000,000."",""math"":{""range"":{""min"":0,""max"":1000000},""sequence"":{""steps"":[1,10,100,1000,10000,100000],""length"":6,""directions"":[""forwards"",""backwards""],""startStrategy"":""any""}},""presentation"":{""gaps"":{""position"":""random"",""count"":2},""visualType"":""sequence""}}"
q_1764328354352_192,N01_Y5_NPV,4,Number and Place Value,Counting (in multiples),5,fill_blanks,"What are the missing numbers? 418976, __, 420976, __, 422976, 423976","419976, 421976",The pattern counts forwards in thousands,,"{""description"":""Exceeding - Extended sequences (6 numbers) with multiple gaps (2 missing) in all powers of 10 up to 1,000,000."",""math"":{""range"":{""min"":0,""max"":1000000},""sequence"":{""steps"":[1,10,100,1000,10000,100000],""length"":6,""directions"":[""forwards"",""backwards""],""startStrategy"":""any""}},""presentation"":{""gaps"":{""position"":""random"",""count"":2},""visualType"":""sequence""}}"
q_1764328354352_193,N01_Y5_NPV,4,Number and Place Value,Counting (in multiples),5,fill_blanks,"What are the missing numbers? 339533, __, 339513, __, 339493, 339483","339523, 339503",The pattern counts backwards in 10s,,"{""description"":""Exceeding - Extended sequences (6 numbers) with multiple gaps (2 missing) in all powers of 10 up to 1,000,000."",""math"":{""range"":{""min"":0,""max"":1000000},""sequence"":{""steps"":[1,10,100,1000,10000,100000],""length"":6,""directions"":[""forwards"",""backwards""],""startStrategy"":""any""}},""presentation"":{""gaps"":{""position"":""random"",""count"":2},""visualType"":""sequence""}}"
q_1764328354352_194,N01_Y5_NPV,4,Number and Place Value,Counting (in multiples),5,fill_blanks,"What are the missing numbers? 891909, 901909, __, 921909, __, 941909","911909, 931909",The pattern counts forwards in 10 thousands,,"{""description"":""Exceeding - Extended sequences (6 numbers) with multiple gaps (2 missing) in all powers of 10 up to 1,000,000."",""math"":{""range"":{""min"":0,""max"":1000000},""sequence"":{""steps"":[1,10,100,1000,10000,100000],""length"":6,""directions"":[""forwards"",""backwards""],""startStrategy"":""any""}},""presentation"":{""gaps"":{""position"":""random"",""count"":2},""visualType"":""sequence""}}"
q_1764328354352_195,N01_Y5_NPV,4,Number and Place Value,Counting (in multiples),5,fill_blanks,"What are the missing numbers? 350073, 350072, __, 350070, 350069, __","350071, 350068",The pattern counts backwards in 1s,,"{""description"":""Exceeding - Extended sequences (6 numbers) with multiple gaps (2 missing) in all powers of 10 up to 1,000,000."",""math"":{""range"":{""min"":0,""max"":1000000},""sequence"":{""steps"":[1,10,100,1000,10000,100000],""length"":6,""directions"":[""forwards"",""backwards""],""startStrategy"":""any""}},""presentation"":{""gaps"":{""position"":""random"",""count"":2},""visualType"":""sequence""}}"
q_1764328354352_196,N01_Y5_NPV,4,Number and Place Value,Counting (in multiples),5,fill_blanks,"What are the missing numbers? 954413, __, 954433, __, 954453, 954463","954423, 954443",The pattern counts forwards in 10s,,"{""description"":""Exceeding - Extended sequences (6 numbers) with multiple gaps (2 missing) in all powers of 10 up to 1,000,000."",""math"":{""range"":{""min"":0,""max"":1000000},""sequence"":{""steps"":[1,10,100,1000,10000,100000],""length"":6,""directions"":[""forwards"",""backwards""],""startStrategy"":""any""}},""presentation"":{""gaps"":{""position"":""random"",""count"":2},""visualType"":""sequence""}}"
q_1764328354352_197,N01_Y5_NPV,4,Number and Place Value,Counting (in multiples),5,fill_blanks,"What are the missing numbers? 345161, 445161, __, 645161, __, 845161","545161, 745161",The pattern counts forwards in 100 thousands,,"{""description"":""Exceeding - Extended sequences (6 numbers) with multiple gaps (2 missing) in all powers of 10 up to 1,000,000."",""math"":{""range"":{""min"":0,""max"":1000000},""sequence"":{""steps"":[1,10,100,1000,10000,100000],""length"":6,""directions"":[""forwards"",""backwards""],""startStrategy"":""any""}},""presentation"":{""gaps"":{""position"":""random"",""count"":2},""visualType"":""sequence""}}"
q_1764328354352_198,N01_Y5_NPV,4,Number and Place Value,Counting (in multiples),5,fill_blanks,"What are the missing numbers? 659401, 658401, __, 656401, 655401, __","657401, 654401",The pattern counts backwards in thousands,,"{""description"":""Exceeding - Extended sequences (6 numbers) with multiple gaps (2 missing) in all powers of 10 up to 1,000,000."",""math"":{""range"":{""min"":0,""max"":1000000},""sequence"":{""steps"":[1,10,100,1000,10000,100000],""length"":6,""directions"":[""forwards"",""backwards""],""startStrategy"":""any""}},""presentation"":{""gaps"":{""position"":""random"",""count"":2},""visualType"":""sequence""}}"
q_1764328354352_199,N01_Y5_NPV,4,Number and Place Value,Counting (in multiples),5,fill_blanks,"What are the missing numbers? 639519, 639509, 639499, __, 639479, __","639489, 639469",The pattern counts backwards in 10s,,"{""description"":""Exceeding - Extended sequences (6 numbers) with multiple gaps (2 missing) in all powers of 10 up to 1,000,000."",""math"":{""range"":{""min"":0,""max"":1000000},""sequence"":{""steps"":[1,10,100,1000,10000,100000],""length"":6,""directions"":[""forwards"",""backwards""],""startStrategy"":""any""}},""presentation"":{""gaps"":{""position"":""random"",""count"":2},""visualType"":""sequence""}}"
q_1764328354352_200,F01_Y1_FRAC,1,"Fractions, decimals and percentages","recognise, find, write, name and count fractions",1,text_input,What is one half of 2 cubes?,1,Split the 2 cubes into 2 equal groups. How many are in one group?,,"{""description"":""Beginning - 1/2 only, small quantities (2, 4, 6, 8), heavy visual support with simple shapes"",""math"":{""fractions"":{""options"":{""values"":[{""numerator"":1,""denominator"":2}],""select"":""one""}},""quantity"":{""range"":{""min"":2,""max"":8}},""divisibilityRequired"":true},""presentation"":{""questionTypes"":{""options"":{""values"":[""name_fraction"",""find_fraction""],""select"":""one""}},""visualType"":""shapes"",""contexts"":[""shapes"",""simple_objects""],""showVisual"":true}}"
q_1764328354352_201,F01_Y1_FRAC,1,"Fractions, decimals and percentages","recognise, find, write, name and count fractions",1,text_input,What fraction of the shape is shaded?,1/2,1 out of 2 equal parts are shaded. This is one half.,,"{""description"":""Beginning - 1/2 only, small quantities (2, 4, 6, 8), heavy visual support with simple shapes"",""math"":{""fractions"":{""options"":{""values"":[{""numerator"":1,""denominator"":2}],""select"":""one""}},""quantity"":{""range"":{""min"":2,""max"":8}},""divisibilityRequired"":true},""presentation"":{""questionTypes"":{""options"":{""values"":[""name_fraction"",""find_fraction""],""select"":""one""}},""visualType"":""shapes"",""contexts"":[""shapes"",""simple_objects""],""showVisual"":true}}"
q_1764328354352_202,F01_Y1_FRAC,1,"Fractions, decimals and percentages","recognise, find, write, name and count fractions",1,text_input,What is one half of 2 apples?,1,Split the 2 apples into 2 equal groups. How many are in one group?,,"{""description"":""Beginning - 1/2 only, small quantities (2, 4, 6, 8), heavy visual support with simple shapes"",""math"":{""fractions"":{""options"":{""values"":[{""numerator"":1,""denominator"":2}],""select"":""one""}},""quantity"":{""range"":{""min"":2,""max"":8}},""divisibilityRequired"":true},""presentation"":{""questionTypes"":{""options"":{""values"":[""name_fraction"",""find_fraction""],""select"":""one""}},""visualType"":""shapes"",""contexts"":[""shapes"",""simple_objects""],""showVisual"":true}}"
q_1764328354352_203,F01_Y1_FRAC,1,"Fractions, decimals and percentages","recognise, find, write, name and count fractions",1,text_input,What fraction of the shape is shaded?,1/2,1 out of 2 equal parts are shaded. This is one half.,,"{""description"":""Beginning - 1/2 only, small quantities (2, 4, 6, 8), heavy visual support with simple shapes"",""math"":{""fractions"":{""options"":{""values"":[{""numerator"":1,""denominator"":2}],""select"":""one""}},""quantity"":{""range"":{""min"":2,""max"":8}},""divisibilityRequired"":true},""presentation"":{""questionTypes"":{""options"":{""values"":[""name_fraction"",""find_fraction""],""select"":""one""}},""visualType"":""shapes"",""contexts"":[""shapes"",""simple_objects""],""showVisual"":true}}"
q_1764328354352_204,F01_Y1_FRAC,1,"Fractions, decimals and percentages","recognise, find, write, name and count fractions",1,text_input,What fraction of the shape is shaded?,1/2,1 out of 2 equal parts are shaded. This is one half.,,"{""description"":""Beginning - 1/2 only, small quantities (2, 4, 6, 8), heavy visual support with simple shapes"",""math"":{""fractions"":{""options"":{""values"":[{""numerator"":1,""denominator"":2}],""select"":""one""}},""quantity"":{""range"":{""min"":2,""max"":8}},""divisibilityRequired"":true},""presentation"":{""questionTypes"":{""options"":{""values"":[""name_fraction"",""find_fraction""],""select"":""one""}},""visualType"":""shapes"",""contexts"":[""shapes"",""simple_objects""],""showVisual"":true}}"
q_1764328354352_205,F01_Y1_FRAC,1,"Fractions, decimals and percentages","recognise, find, write, name and count fractions",1,text_input,What is one half of 8 apples?,4,Split the 8 apples into 2 equal groups. How many are in one group?,,"{""description"":""Beginning - 1/2 only, small quantities (2, 4, 6, 8), heavy visual support with simple shapes"",""math"":{""fractions"":{""options"":{""values"":[{""numerator"":1,""denominator"":2}],""select"":""one""}},""quantity"":{""range"":{""min"":2,""max"":8}},""divisibilityRequired"":true},""presentation"":{""questionTypes"":{""options"":{""values"":[""name_fraction"",""find_fraction""],""select"":""one""}},""visualType"":""shapes"",""contexts"":[""shapes"",""simple_objects""],""showVisual"":true}}"
q_1764328354352_206,F01_Y1_FRAC,1,"Fractions, decimals and percentages","recognise, find, write, name and count fractions",1,text_input,What fraction of the shape is shaded?,1/2,1 out of 2 equal parts are shaded. This is one half.,,"{""description"":""Beginning - 1/2 only, small quantities (2, 4, 6, 8), heavy visual support with simple shapes"",""math"":{""fractions"":{""options"":{""values"":[{""numerator"":1,""denominator"":2}],""select"":""one""}},""quantity"":{""range"":{""min"":2,""max"":8}},""divisibilityRequired"":true},""presentation"":{""questionTypes"":{""options"":{""values"":[""name_fraction"",""find_fraction""],""select"":""one""}},""visualType"":""shapes"",""contexts"":[""shapes"",""simple_objects""],""showVisual"":true}}"
q_1764328354352_207,F01_Y1_FRAC,1,"Fractions, decimals and percentages","recognise, find, write, name and count fractions",1,text_input,What fraction of the shape is shaded?,1/2,1 out of 2 equal parts are shaded. This is one half.,,"{""description"":""Beginning - 1/2 only, small quantities (2, 4, 6, 8), heavy visual support with simple shapes"",""math"":{""fractions"":{""options"":{""values"":[{""numerator"":1,""denominator"":2}],""select"":""one""}},""quantity"":{""range"":{""min"":2,""max"":8}},""divisibilityRequired"":true},""presentation"":{""questionTypes"":{""options"":{""values"":[""name_fraction"",""find_fraction""],""select"":""one""}},""visualType"":""shapes"",""contexts"":[""shapes"",""simple_objects""],""showVisual"":true}}"
q_1764328354352_208,F01_Y1_FRAC,1,"Fractions, decimals and percentages","recognise, find, write, name and count fractions",1,text_input,What is one half of 8 cubes?,4,Split the 8 cubes into 2 equal groups. How many are in one group?,,"{""description"":""Beginning - 1/2 only, small quantities (2, 4, 6, 8), heavy visual support with simple shapes"",""math"":{""fractions"":{""options"":{""values"":[{""numerator"":1,""denominator"":2}],""select"":""one""}},""quantity"":{""range"":{""min"":2,""max"":8}},""divisibilityRequired"":true},""presentation"":{""questionTypes"":{""options"":{""values"":[""name_fraction"",""find_fraction""],""select"":""one""}},""visualType"":""shapes"",""contexts"":[""shapes"",""simple_objects""],""showVisual"":true}}"
q_1764328354352_209,F01_Y1_FRAC,1,"Fractions, decimals and percentages","recognise, find, write, name and count fractions",1,text_input,What is one half of 8 apples?,4,Split the 8 apples into 2 equal groups. How many are in one group?,,"{""description"":""Beginning - 1/2 only, small quantities (2, 4, 6, 8), heavy visual support with simple shapes"",""math"":{""fractions"":{""options"":{""values"":[{""numerator"":1,""denominator"":2}],""select"":""one""}},""quantity"":{""range"":{""min"":2,""max"":8}},""divisibilityRequired"":true},""presentation"":{""questionTypes"":{""options"":{""values"":[""name_fraction"",""find_fraction""],""select"":""one""}},""visualType"":""shapes"",""contexts"":[""shapes"",""simple_objects""],""showVisual"":true}}"
q_1764328354352_210,F01_Y1_FRAC,2,"Fractions, decimals and percentages","recognise, find, write, name and count fractions",1,text_input,What is one half of 2 cubes?,1,Split the 2 cubes into 2 equal groups. How many are in one group?,,"{""description"":""Developing - Introduce 1/4, quantities up to 8, maintain visual support"",""math"":{""fractions"":{""options"":{""values"":[{""numerator"":1,""denominator"":2},{""numerator"":1,""denominator"":4}],""select"":""one""}},""quantity"":{""range"":{""min"":2,""max"":8}},""divisibilityRequired"":true},""presentation"":{""questionTypes"":{""options"":{""values"":[""name_fraction"",""find_fraction""],""select"":""one""}},""visualType"":""shapes"",""contexts"":[""shapes"",""simple_objects""],""showVisual"":true}}"
q_1764328354352_211,F01_Y1_FRAC,2,"Fractions, decimals and percentages","recognise, find, write, name and count fractions",1,text_input,What is one half of 2 stars?,1,Split the 2 stars into 2 equal groups. How many are in one group?,,"{""description"":""Developing - Introduce 1/4, quantities up to 8, maintain visual support"",""math"":{""fractions"":{""options"":{""values"":[{""numerator"":1,""denominator"":2},{""numerator"":1,""denominator"":4}],""select"":""one""}},""quantity"":{""range"":{""min"":2,""max"":8}},""divisibilityRequired"":true},""presentation"":{""questionTypes"":{""options"":{""values"":[""name_fraction"",""find_fraction""],""select"":""one""}},""visualType"":""shapes"",""contexts"":[""shapes"",""simple_objects""],""showVisual"":true}}"
q_1764328354352_212,F01_Y1_FRAC,2,"Fractions, decimals and percentages","recognise, find, write, name and count fractions",1,text_input,What is one quarter of 4 balls?,1,Split the 4 balls into 4 equal groups. How many are in one group?,,"{""description"":""Developing - Introduce 1/4, quantities up to 8, maintain visual support"",""math"":{""fractions"":{""options"":{""values"":[{""numerator"":1,""denominator"":2},{""numerator"":1,""denominator"":4}],""select"":""one""}},""quantity"":{""range"":{""min"":2,""max"":8}},""divisibilityRequired"":true},""presentation"":{""questionTypes"":{""options"":{""values"":[""name_fraction"",""find_fraction""],""select"":""one""}},""visualType"":""shapes"",""contexts"":[""shapes"",""simple_objects""],""showVisual"":true}}"
q_1764328354352_213,F01_Y1_FRAC,2,"Fractions, decimals and percentages","recognise, find, write, name and count fractions",1,text_input,What is one quarter of 8 balls?,2,Split the 8 balls into 4 equal groups. How many are in one group?,,"{""description"":""Developing - Introduce 1/4, quantities up to 8, maintain visual support"",""math"":{""fractions"":{""options"":{""values"":[{""numerator"":1,""denominator"":2},{""numerator"":1,""denominator"":4}],""select"":""one""}},""quantity"":{""range"":{""min"":2,""max"":8}},""divisibilityRequired"":true},""presentation"":{""questionTypes"":{""options"":{""values"":[""name_fraction"",""find_fraction""],""select"":""one""}},""visualType"":""shapes"",""contexts"":[""shapes"",""simple_objects""],""showVisual"":true}}"
q_1764328354352_214,F01_Y1_FRAC,2,"Fractions, decimals and percentages","recognise, find, write, name and count fractions",1,text_input,What is one half of 6 balls?,3,Split the 6 balls into 2 equal groups. How many are in one group?,,"{""description"":""Developing - Introduce 1/4, quantities up to 8, maintain visual support"",""math"":{""fractions"":{""options"":{""values"":[{""numerator"":1,""denominator"":2},{""numerator"":1,""denominator"":4}],""select"":""one""}},""quantity"":{""range"":{""min"":2,""max"":8}},""divisibilityRequired"":true},""presentation"":{""questionTypes"":{""options"":{""values"":[""name_fraction"",""find_fraction""],""select"":""one""}},""visualType"":""shapes"",""contexts"":[""shapes"",""simple_objects""],""showVisual"":true}}"
q_1764328354352_215,F01_Y1_FRAC,2,"Fractions, decimals and percentages","recognise, find, write, name and count fractions",1,text_input,What fraction of the shape is shaded?,1/2,1 out of 2 equal parts are shaded. This is one half.,,"{""description"":""Developing - Introduce 1/4, quantities up to 8, maintain visual support"",""math"":{""fractions"":{""options"":{""values"":[{""numerator"":1,""denominator"":2},{""numerator"":1,""denominator"":4}],""select"":""one""}},""quantity"":{""range"":{""min"":2,""max"":8}},""divisibilityRequired"":true},""presentation"":{""questionTypes"":{""options"":{""values"":[""name_fraction"",""find_fraction""],""select"":""one""}},""visualType"":""shapes"",""contexts"":[""shapes"",""simple_objects""],""showVisual"":true}}"
q_1764328354352_216,F01_Y1_FRAC,2,"Fractions, decimals and percentages","recognise, find, write, name and count fractions",1,text_input,What fraction of the shape is shaded?,1/4,1 out of 4 equal parts are shaded. This is one quarter.,,"{""description"":""Developing - Introduce 1/4, quantities up to 8, maintain visual support"",""math"":{""fractions"":{""options"":{""values"":[{""numerator"":1,""denominator"":2},{""numerator"":1,""denominator"":4}],""select"":""one""}},""quantity"":{""range"":{""min"":2,""max"":8}},""divisibilityRequired"":true},""presentation"":{""questionTypes"":{""options"":{""values"":[""name_fraction"",""find_fraction""],""select"":""one""}},""visualType"":""shapes"",""contexts"":[""shapes"",""simple_objects""],""showVisual"":true}}"
q_1764328354352_217,F01_Y1_FRAC,2,"Fractions, decimals and percentages","recognise, find, write, name and count fractions",1,text_input,What is one half of 6 cubes?,3,Split the 6 cubes into 2 equal groups. How many are in one group?,,"{""description"":""Developing - Introduce 1/4, quantities up to 8, maintain visual support"",""math"":{""fractions"":{""options"":{""values"":[{""numerator"":1,""denominator"":2},{""numerator"":1,""denominator"":4}],""select"":""one""}},""quantity"":{""range"":{""min"":2,""max"":8}},""divisibilityRequired"":true},""presentation"":{""questionTypes"":{""options"":{""values"":[""name_fraction"",""find_fraction""],""select"":""one""}},""visualType"":""shapes"",""contexts"":[""shapes"",""simple_objects""],""showVisual"":true}}"
q_1764328354352_218,F01_Y1_FRAC,2,"Fractions, decimals and percentages","recognise, find, write, name and count fractions",1,text_input,What fraction of the shape is shaded?,1/4,1 out of 4 equal parts are shaded. This is one quarter.,,"{""description"":""Developing - Introduce 1/4, quantities up to 8, maintain visual support"",""math"":{""fractions"":{""options"":{""values"":[{""numerator"":1,""denominator"":2},{""numerator"":1,""denominator"":4}],""select"":""one""}},""quantity"":{""range"":{""min"":2,""max"":8}},""divisibilityRequired"":true},""presentation"":{""questionTypes"":{""options"":{""values"":[""name_fraction"",""find_fraction""],""select"":""one""}},""visualType"":""shapes"",""contexts"":[""shapes"",""simple_objects""],""showVisual"":true}}"
q_1764328354352_219,F01_Y1_FRAC,2,"Fractions, decimals and percentages","recognise, find, write, name and count fractions",1,text_input,What is one half of 2 stars?,1,Split the 2 stars into 2 equal groups. How many are in one group?,,"{""description"":""Developing - Introduce 1/4, quantities up to 8, maintain visual support"",""math"":{""fractions"":{""options"":{""values"":[{""numerator"":1,""denominator"":2},{""numerator"":1,""denominator"":4}],""select"":""one""}},""quantity"":{""range"":{""min"":2,""max"":8}},""divisibilityRequired"":true},""presentation"":{""questionTypes"":{""options"":{""values"":[""name_fraction"",""find_fraction""],""select"":""one""}},""visualType"":""shapes"",""contexts"":[""shapes"",""simple_objects""],""showVisual"":true}}"
q_1764328354352_220,F01_Y1_FRAC,3,"Fractions, decimals and percentages","recognise, find, write, name and count fractions",1,text_input,What is one quarter of 12 balls?,3,Split the 12 balls into 4 equal groups. How many are in one group?,,"{""description"":""Meeting Curriculum - 1/2 and 1/4, quantities up to 12, mix of shapes and objects, recognise and name"",""math"":{""fractions"":{""options"":{""values"":[{""numerator"":1,""denominator"":2},{""numerator"":1,""denominator"":4}],""select"":""one""}},""quantity"":{""range"":{""min"":2,""max"":12}},""divisibilityRequired"":true},""presentation"":{""questionTypes"":{""options"":{""values"":[""name_fraction"",""find_fraction"",""recognise_fraction""],""select"":""one""}},""visualType"":""mixed"",""contexts"":[""shapes"",""objects"",""quantities""],""showVisual"":true}}"
q_1764328354352_221,F01_Y1_FRAC,3,"Fractions, decimals and percentages","recognise, find, write, name and count fractions",1,text_input,What fraction of the shape is shaded?,1/4,1 out of 4 equal parts are shaded. This is one quarter.,,"{""description"":""Meeting Curriculum - 1/2 and 1/4, quantities up to 12, mix of shapes and objects, recognise and name"",""math"":{""fractions"":{""options"":{""values"":[{""numerator"":1,""denominator"":2},{""numerator"":1,""denominator"":4}],""select"":""one""}},""quantity"":{""range"":{""min"":2,""max"":12}},""divisibilityRequired"":true},""presentation"":{""questionTypes"":{""options"":{""values"":[""name_fraction"",""find_fraction"",""recognise_fraction""],""select"":""one""}},""visualType"":""mixed"",""contexts"":[""shapes"",""objects"",""quantities""],""showVisual"":true}}"
q_1764328354352_222,F01_Y1_FRAC,3,"Fractions, decimals and percentages","recognise, find, write, name and count fractions",1,text_input,What fraction of the shape is shaded?,1/2,1 out of 2 equal parts are shaded. This is one half.,,"{""description"":""Meeting Curriculum - 1/2 and 1/4, quantities up to 12, mix of shapes and objects, recognise and name"",""math"":{""fractions"":{""options"":{""values"":[{""numerator"":1,""denominator"":2},{""numerator"":1,""denominator"":4}],""select"":""one""}},""quantity"":{""range"":{""min"":2,""max"":12}},""divisibilityRequired"":true},""presentation"":{""questionTypes"":{""options"":{""values"":[""name_fraction"",""find_fraction"",""recognise_fraction""],""select"":""one""}},""visualType"":""mixed"",""contexts"":[""shapes"",""objects"",""quantities""],""showVisual"":true}}"
q_1764328354352_223,F01_Y1_FRAC,3,"Fractions, decimals and percentages","recognise, find, write, name and count fractions",1,text_input,What is one quarter of 12 stars?,3,Split the 12 stars into 4 equal groups. How many are in one group?,,"{""description"":""Meeting Curriculum - 1/2 and 1/4, quantities up to 12, mix of shapes and objects, recognise and name"",""math"":{""fractions"":{""options"":{""values"":[{""numerator"":1,""denominator"":2},{""numerator"":1,""denominator"":4}],""select"":""one""}},""quantity"":{""range"":{""min"":2,""max"":12}},""divisibilityRequired"":true},""presentation"":{""questionTypes"":{""options"":{""values"":[""name_fraction"",""find_fraction"",""recognise_fraction""],""select"":""one""}},""visualType"":""mixed"",""contexts"":[""shapes"",""objects"",""quantities""],""showVisual"":true}}"
q_1764328354353_224,F01_Y1_FRAC,3,"Fractions, decimals and percentages","recognise, find, write, name and count fractions",1,text_input,What is one quarter of 12 apples?,3,Split the 12 apples into 4 equal groups. How many are in one group?,,"{""description"":""Meeting Curriculum - 1/2 and 1/4, quantities up to 12, mix of shapes and objects, recognise and name"",""math"":{""fractions"":{""options"":{""values"":[{""numerator"":1,""denominator"":2},{""numerator"":1,""denominator"":4}],""select"":""one""}},""quantity"":{""range"":{""min"":2,""max"":12}},""divisibilityRequired"":true},""presentation"":{""questionTypes"":{""options"":{""values"":[""name_fraction"",""find_fraction"",""recognise_fraction""],""select"":""one""}},""visualType"":""mixed"",""contexts"":[""shapes"",""objects"",""quantities""],""showVisual"":true}}"
q_1764328354353_225,F01_Y1_FRAC,3,"Fractions, decimals and percentages","recognise, find, write, name and count fractions",1,multiple_choice,Which shape shows one half?,1,Look for 1 out of 2 equal parts shaded.,"[""1"",""2"",""3""]","{""description"":""Meeting Curriculum - 1/2 and 1/4, quantities up to 12, mix of shapes and objects, recognise and name"",""math"":{""fractions"":{""options"":{""values"":[{""numerator"":1,""denominator"":2},{""numerator"":1,""denominator"":4}],""select"":""one""}},""quantity"":{""range"":{""min"":2,""max"":12}},""divisibilityRequired"":true},""presentation"":{""questionTypes"":{""options"":{""values"":[""name_fraction"",""find_fraction"",""recognise_fraction""],""select"":""one""}},""visualType"":""mixed"",""contexts"":[""shapes"",""objects"",""quantities""],""showVisual"":true}}"
q_1764328354353_226,F01_Y1_FRAC,3,"Fractions, decimals and percentages","recognise, find, write, name and count fractions",1,text_input,What fraction of the shape is shaded?,1/2,1 out of 2 equal parts are shaded. This is one half.,,"{""description"":""Meeting Curriculum - 1/2 and 1/4, quantities up to 12, mix of shapes and objects, recognise and name"",""math"":{""fractions"":{""options"":{""values"":[{""numerator"":1,""denominator"":2},{""numerator"":1,""denominator"":4}],""select"":""one""}},""quantity"":{""range"":{""min"":2,""max"":12}},""divisibilityRequired"":true},""presentation"":{""questionTypes"":{""options"":{""values"":[""name_fraction"",""find_fraction"",""recognise_fraction""],""select"":""one""}},""visualType"":""mixed"",""contexts"":[""shapes"",""objects"",""quantities""],""showVisual"":true}}"
q_1764328354353_227,F01_Y1_FRAC,3,"Fractions, decimals and percentages","recognise, find, write, name and count fractions",1,multiple_choice,Which shape shows one half?,3,Look for 1 out of 2 equal parts shaded.,"[""1"",""2"",""3""]","{""description"":""Meeting Curriculum - 1/2 and 1/4, quantities up to 12, mix of shapes and objects, recognise and name"",""math"":{""fractions"":{""options"":{""values"":[{""numerator"":1,""denominator"":2},{""numerator"":1,""denominator"":4}],""select"":""one""}},""quantity"":{""range"":{""min"":2,""max"":12}},""divisibilityRequired"":true},""presentation"":{""questionTypes"":{""options"":{""values"":[""name_fraction"",""find_fraction"",""recognise_fraction""],""select"":""one""}},""visualType"":""mixed"",""contexts"":[""shapes"",""objects"",""quantities""],""showVisual"":true}}"
q_1764328354353_228,F01_Y1_FRAC,3,"Fractions, decimals and percentages","recognise, find, write, name and count fractions",1,text_input,What is one quarter of 4 balls?,1,Split the 4 balls into 4 equal groups. How many are in one group?,,"{""description"":""Meeting Curriculum - 1/2 and 1/4, quantities up to 12, mix of shapes and objects, recognise and name"",""math"":{""fractions"":{""options"":{""values"":[{""numerator"":1,""denominator"":2},{""numerator"":1,""denominator"":4}],""select"":""one""}},""quantity"":{""range"":{""min"":2,""max"":12}},""divisibilityRequired"":true},""presentation"":{""questionTypes"":{""options"":{""values"":[""name_fraction"",""find_fraction"",""recognise_fraction""],""select"":""one""}},""visualType"":""mixed"",""contexts"":[""shapes"",""objects"",""quantities""],""showVisual"":true}}"
q_1764328354353_229,F01_Y1_FRAC,3,"Fractions, decimals and percentages","recognise, find, write, name and count fractions",1,multiple_choice,Which shape shows one quarter?,3,Look for 1 out of 4 equal parts shaded.,"[""1"",""2"",""3""]","{""description"":""Meeting Curriculum - 1/2 and 1/4, quantities up to 12, mix of shapes and objects, recognise and name"",""math"":{""fractions"":{""options"":{""values"":[{""numerator"":1,""denominator"":2},{""numerator"":1,""denominator"":4}],""select"":""one""}},""quantity"":{""range"":{""min"":2,""max"":12}},""divisibilityRequired"":true},""presentation"":{""questionTypes"":{""options"":{""values"":[""name_fraction"",""find_fraction"",""recognise_fraction""],""select"":""one""}},""visualType"":""mixed"",""contexts"":[""shapes"",""objects"",""quantities""],""showVisual"":true}}"
q_1764328354353_230,F01_Y1_FRAC,4,"Fractions, decimals and percentages","recognise, find, write, name and count fractions",1,text_input,What is one quarter of 4 cubes?,1,Split the 4 cubes into 4 equal groups. How many are in one group?,,"{""description"":""Exceeding - 1/2 and 1/4 with larger quantities (up to 12), less visual scaffolding, more abstract reasoning"",""math"":{""fractions"":{""options"":{""values"":[{""numerator"":1,""denominator"":2},{""numerator"":1,""denominator"":4}],""select"":""one""}},""quantity"":{""range"":{""min"":4,""max"":12}},""divisibilityRequired"":true},""presentation"":{""questionTypes"":{""options"":{""values"":[""name_fraction"",""find_fraction"",""recognise_fraction""],""select"":""one""}},""visualType"":""minimal"",""contexts"":[""shapes"",""objects"",""quantities"",""sets""],""showVisual"":false}}"
q_1764328354353_231,F01_Y1_FRAC,4,"Fractions, decimals and percentages","recognise, find, write, name and count fractions",1,text_input,What is one quarter of 12 stars?,3,Split the 12 stars into 4 equal groups. How many are in one group?,,"{""description"":""Exceeding - 1/2 and 1/4 with larger quantities (up to 12), less visual scaffolding, more abstract reasoning"",""math"":{""fractions"":{""options"":{""values"":[{""numerator"":1,""denominator"":2},{""numerator"":1,""denominator"":4}],""select"":""one""}},""quantity"":{""range"":{""min"":4,""max"":12}},""divisibilityRequired"":true},""presentation"":{""questionTypes"":{""options"":{""values"":[""name_fraction"",""find_fraction"",""recognise_fraction""],""select"":""one""}},""visualType"":""minimal"",""contexts"":[""shapes"",""objects"",""quantities"",""sets""],""showVisual"":false}}"
q_1764328354353_232,F01_Y1_FRAC,4,"Fractions, decimals and percentages","recognise, find, write, name and count fractions",1,multiple_choice,Which shape shows one quarter?,1,Look for 1 out of 4 equal parts shaded.,"[""1"",""2"",""3""]","{""description"":""Exceeding - 1/2 and 1/4 with larger quantities (up to 12), less visual scaffolding, more abstract reasoning"",""math"":{""fractions"":{""options"":{""values"":[{""numerator"":1,""denominator"":2},{""numerator"":1,""denominator"":4}],""select"":""one""}},""quantity"":{""range"":{""min"":4,""max"":12}},""divisibilityRequired"":true},""presentation"":{""questionTypes"":{""options"":{""values"":[""name_fraction"",""find_fraction"",""recognise_fraction""],""select"":""one""}},""visualType"":""minimal"",""contexts"":[""shapes"",""objects"",""quantities"",""sets""],""showVisual"":false}}"
q_1764328354353_233,F01_Y1_FRAC,4,"Fractions, decimals and percentages","recognise, find, write, name and count fractions",1,multiple_choice,Which shape shows one half?,1,Look for 1 out of 2 equal parts shaded.,"[""1"",""2"",""3""]","{""description"":""Exceeding - 1/2 and 1/4 with larger quantities (up to 12), less visual scaffolding, more abstract reasoning"",""math"":{""fractions"":{""options"":{""values"":[{""numerator"":1,""denominator"":2},{""numerator"":1,""denominator"":4}],""select"":""one""}},""quantity"":{""range"":{""min"":4,""max"":12}},""divisibilityRequired"":true},""presentation"":{""questionTypes"":{""options"":{""values"":[""name_fraction"",""find_fraction"",""recognise_fraction""],""select"":""one""}},""visualType"":""minimal"",""contexts"":[""shapes"",""objects"",""quantities"",""sets""],""showVisual"":false}}"
q_1764328354353_234,F01_Y1_FRAC,4,"Fractions, decimals and percentages","recognise, find, write, name and count fractions",1,text_input,What fraction of the shape is shaded?,1/4,1 out of 4 equal parts are shaded. This is one quarter.,,"{""description"":""Exceeding - 1/2 and 1/4 with larger quantities (up to 12), less visual scaffolding, more abstract reasoning"",""math"":{""fractions"":{""options"":{""values"":[{""numerator"":1,""denominator"":2},{""numerator"":1,""denominator"":4}],""select"":""one""}},""quantity"":{""range"":{""min"":4,""max"":12}},""divisibilityRequired"":true},""presentation"":{""questionTypes"":{""options"":{""values"":[""name_fraction"",""find_fraction"",""recognise_fraction""],""select"":""one""}},""visualType"":""minimal"",""contexts"":[""shapes"",""objects"",""quantities"",""sets""],""showVisual"":false}}"
q_1764328354353_235,F01_Y1_FRAC,4,"Fractions, decimals and percentages","recognise, find, write, name and count fractions",1,text_input,What fraction of the shape is shaded?,1/4,1 out of 4 equal parts are shaded. This is one quarter.,,"{""description"":""Exceeding - 1/2 and 1/4 with larger quantities (up to 12), less visual scaffolding, more abstract reasoning"",""math"":{""fractions"":{""options"":{""values"":[{""numerator"":1,""denominator"":2},{""numerator"":1,""denominator"":4}],""select"":""one""}},""quantity"":{""range"":{""min"":4,""max"":12}},""divisibilityRequired"":true},""presentation"":{""questionTypes"":{""options"":{""values"":[""name_fraction"",""find_fraction"",""recognise_fraction""],""select"":""one""}},""visualType"":""minimal"",""contexts"":[""shapes"",""objects"",""quantities"",""sets""],""showVisual"":false}}"
q_1764328354353_236,F01_Y1_FRAC,4,"Fractions, decimals and percentages","recognise, find, write, name and count fractions",1,text_input,What is one quarter of 4 apples?,1,Split the 4 apples into 4 equal groups. How many are in one group?,,"{""description"":""Exceeding - 1/2 and 1/4 with larger quantities (up to 12), less visual scaffolding, more abstract reasoning"",""math"":{""fractions"":{""options"":{""values"":[{""numerator"":1,""denominator"":2},{""numerator"":1,""denominator"":4}],""select"":""one""}},""quantity"":{""range"":{""min"":4,""max"":12}},""divisibilityRequired"":true},""presentation"":{""questionTypes"":{""options"":{""values"":[""name_fraction"",""find_fraction"",""recognise_fraction""],""select"":""one""}},""visualType"":""minimal"",""contexts"":[""shapes"",""objects"",""quantities"",""sets""],""showVisual"":false}}"
q_1764328354353_237,F01_Y1_FRAC,4,"Fractions, decimals and percentages","recognise, find, write, name and count fractions",1,multiple_choice,Which shape shows one quarter?,1,Look for 1 out of 4 equal parts shaded.,"[""1"",""2"",""3""]","{""description"":""Exceeding - 1/2 and 1/4 with larger quantities (up to 12), less visual scaffolding, more abstract reasoning"",""math"":{""fractions"":{""options"":{""values"":[{""numerator"":1,""denominator"":2},{""numerator"":1,""denominator"":4}],""select"":""one""}},""quantity"":{""range"":{""min"":4,""max"":12}},""divisibilityRequired"":true},""presentation"":{""questionTypes"":{""options"":{""values"":[""name_fraction"",""find_fraction"",""recognise_fraction""],""select"":""one""}},""visualType"":""minimal"",""contexts"":[""shapes"",""objects"",""quantities"",""sets""],""showVisual"":false}}"
q_1764328354353_238,F01_Y1_FRAC,4,"Fractions, decimals and percentages","recognise, find, write, name and count fractions",1,multiple_choice,Which shape shows one half?,2,Look for 1 out of 2 equal parts shaded.,"[""1"",""2"",""3""]","{""description"":""Exceeding - 1/2 and 1/4 with larger quantities (up to 12), less visual scaffolding, more abstract reasoning"",""math"":{""fractions"":{""options"":{""values"":[{""numerator"":1,""denominator"":2},{""numerator"":1,""denominator"":4}],""select"":""one""}},""quantity"":{""range"":{""min"":4,""max"":12}},""divisibilityRequired"":true},""presentation"":{""questionTypes"":{""options"":{""values"":[""name_fraction"",""find_fraction"",""recognise_fraction""],""select"":""one""}},""visualType"":""minimal"",""contexts"":[""shapes"",""objects"",""quantities"",""sets""],""showVisual"":false}}"
q_1764328354353_239,F01_Y1_FRAC,4,"Fractions, decimals and percentages","recognise, find, write, name and count fractions",1,multiple_choice,Which shape shows one quarter?,1,Look for 1 out of 4 equal parts shaded.,"[""1"",""2"",""3""]","{""description"":""Exceeding - 1/2 and 1/4 with larger quantities (up to 12), less visual scaffolding, more abstract reasoning"",""math"":{""fractions"":{""options"":{""values"":[{""numerator"":1,""denominator"":2},{""numerator"":1,""denominator"":4}],""select"":""one""}},""quantity"":{""range"":{""min"":4,""max"":12}},""divisibilityRequired"":true},""presentation"":{""questionTypes"":{""options"":{""values"":[""name_fraction"",""find_fraction"",""recognise_fraction""],""select"":""one""}},""visualType"":""minimal"",""contexts"":[""shapes"",""objects"",""quantities"",""sets""],""showVisual"":false}}"
q_1764328354353_240,F01_Y2_FRAC,1,"Fractions, decimals and percentages","recognise, find, write, name and count fractions",2,text_input,Write the fraction: one quarter,1/4,one quarter means 1 out of 4 equal parts,,"{""description"":""Beginning - 1/2 and 1/4 only, quantities divisible by 2 and 4 (up to 12), visual support with shapes"",""math"":{""fractions"":{""options"":{""values"":[{""numerator"":1,""denominator"":2},{""numerator"":1,""denominator"":4}],""select"":""one""}},""quantity"":{""range"":{""min"":2,""max"":12}},""divisibilityRequired"":true},""presentation"":{""questionTypes"":{""options"":{""values"":[""find_fraction"",""write_fraction""],""select"":""one""}},""visualType"":""shapes"",""contexts"":[""shapes"",""objects""]}}"
q_1764328354353_241,F01_Y2_FRAC,1,"Fractions, decimals and percentages","recognise, find, write, name and count fractions",2,text_input,Write the fraction: one quarter,1/4,one quarter means 1 out of 4 equal parts,,"{""description"":""Beginning - 1/2 and 1/4 only, quantities divisible by 2 and 4 (up to 12), visual support with shapes"",""math"":{""fractions"":{""options"":{""values"":[{""numerator"":1,""denominator"":2},{""numerator"":1,""denominator"":4}],""select"":""one""}},""quantity"":{""range"":{""min"":2,""max"":12}},""divisibilityRequired"":true},""presentation"":{""questionTypes"":{""options"":{""values"":[""find_fraction"",""write_fraction""],""select"":""one""}},""visualType"":""shapes"",""contexts"":[""shapes"",""objects""]}}"
q_1764328354353_242,F01_Y2_FRAC,1,"Fractions, decimals and percentages","recognise, find, write, name and count fractions",2,text_input,What is 1/4 of 12?,3,Divide 12 by 4,,"{""description"":""Beginning - 1/2 and 1/4 only, quantities divisible by 2 and 4 (up to 12), visual support with shapes"",""math"":{""fractions"":{""options"":{""values"":[{""numerator"":1,""denominator"":2},{""numerator"":1,""denominator"":4}],""select"":""one""}},""quantity"":{""range"":{""min"":2,""max"":12}},""divisibilityRequired"":true},""presentation"":{""questionTypes"":{""options"":{""values"":[""find_fraction"",""write_fraction""],""select"":""one""}},""visualType"":""shapes"",""contexts"":[""shapes"",""objects""]}}"
q_1764328354353_243,F01_Y2_FRAC,1,"Fractions, decimals and percentages","recognise, find, write, name and count fractions",2,text_input,What is 1/4 of 4?,1,Divide 4 by 4,,"{""description"":""Beginning - 1/2 and 1/4 only, quantities divisible by 2 and 4 (up to 12), visual support with shapes"",""math"":{""fractions"":{""options"":{""values"":[{""numerator"":1,""denominator"":2},{""numerator"":1,""denominator"":4}],""select"":""one""}},""quantity"":{""range"":{""min"":2,""max"":12}},""divisibilityRequired"":true},""presentation"":{""questionTypes"":{""options"":{""values"":[""find_fraction"",""write_fraction""],""select"":""one""}},""visualType"":""shapes"",""contexts"":[""shapes"",""objects""]}}"
q_1764328354353_244,F01_Y2_FRAC,1,"Fractions, decimals and percentages","recognise, find, write, name and count fractions",2,text_input,Write the fraction: one quarter,1/4,one quarter means 1 out of 4 equal parts,,"{""description"":""Beginning - 1/2 and 1/4 only, quantities divisible by 2 and 4 (up to 12), visual support with shapes"",""math"":{""fractions"":{""options"":{""values"":[{""numerator"":1,""denominator"":2},{""numerator"":1,""denominator"":4}],""select"":""one""}},""quantity"":{""range"":{""min"":2,""max"":12}},""divisibilityRequired"":true},""presentation"":{""questionTypes"":{""options"":{""values"":[""find_fraction"",""write_fraction""],""select"":""one""}},""visualType"":""shapes"",""contexts"":[""shapes"",""objects""]}}"
q_1764328354353_245,F01_Y2_FRAC,1,"Fractions, decimals and percentages","recognise, find, write, name and count fractions",2,text_input,Write the fraction: one half,1/2,one half means 1 out of 2 equal parts,,"{""description"":""Beginning - 1/2 and 1/4 only, quantities divisible by 2 and 4 (up to 12), visual support with shapes"",""math"":{""fractions"":{""options"":{""values"":[{""numerator"":1,""denominator"":2},{""numerator"":1,""denominator"":4}],""select"":""one""}},""quantity"":{""range"":{""min"":2,""max"":12}},""divisibilityRequired"":true},""presentation"":{""questionTypes"":{""options"":{""values"":[""find_fraction"",""write_fraction""],""select"":""one""}},""visualType"":""shapes"",""contexts"":[""shapes"",""objects""]}}"
q_1764328354353_246,F01_Y2_FRAC,1,"Fractions, decimals and percentages","recognise, find, write, name and count fractions",2,text_input,What is 1/4 of 8?,2,Divide 8 by 4,,"{""description"":""Beginning - 1/2 and 1/4 only, quantities divisible by 2 and 4 (up to 12), visual support with shapes"",""math"":{""fractions"":{""options"":{""values"":[{""numerator"":1,""denominator"":2},{""numerator"":1,""denominator"":4}],""select"":""one""}},""quantity"":{""range"":{""min"":2,""max"":12}},""divisibilityRequired"":true},""presentation"":{""questionTypes"":{""options"":{""values"":[""find_fraction"",""write_fraction""],""select"":""one""}},""visualType"":""shapes"",""contexts"":[""shapes"",""objects""]}}"
q_1764328354353_247,F01_Y2_FRAC,1,"Fractions, decimals and percentages","recognise, find, write, name and count fractions",2,text_input,What is 1/2 of 12?,6,Divide 12 by 2,,"{""description"":""Beginning - 1/2 and 1/4 only, quantities divisible by 2 and 4 (up to 12), visual support with shapes"",""math"":{""fractions"":{""options"":{""values"":[{""numerator"":1,""denominator"":2},{""numerator"":1,""denominator"":4}],""select"":""one""}},""quantity"":{""range"":{""min"":2,""max"":12}},""divisibilityRequired"":true},""presentation"":{""questionTypes"":{""options"":{""values"":[""find_fraction"",""write_fraction""],""select"":""one""}},""visualType"":""shapes"",""contexts"":[""shapes"",""objects""]}}"
q_1764328354353_248,F01_Y2_FRAC,1,"Fractions, decimals and percentages","recognise, find, write, name and count fractions",2,text_input,Write the fraction: one quarter,1/4,one quarter means 1 out of 4 equal parts,,"{""description"":""Beginning - 1/2 and 1/4 only, quantities divisible by 2 and 4 (up to 12), visual support with shapes"",""math"":{""fractions"":{""options"":{""values"":[{""numerator"":1,""denominator"":2},{""numerator"":1,""denominator"":4}],""select"":""one""}},""quantity"":{""range"":{""min"":2,""max"":12}},""divisibilityRequired"":true},""presentation"":{""questionTypes"":{""options"":{""values"":[""find_fraction"",""write_fraction""],""select"":""one""}},""visualType"":""shapes"",""contexts"":[""shapes"",""objects""]}}"
q_1764328354353_249,F01_Y2_FRAC,1,"Fractions, decimals and percentages","recognise, find, write, name and count fractions",2,text_input,What is 1/4 of 4?,1,Divide 4 by 4,,"{""description"":""Beginning - 1/2 and 1/4 only, quantities divisible by 2 and 4 (up to 12), visual support with shapes"",""math"":{""fractions"":{""options"":{""values"":[{""numerator"":1,""denominator"":2},{""numerator"":1,""denominator"":4}],""select"":""one""}},""quantity"":{""range"":{""min"":2,""max"":12}},""divisibilityRequired"":true},""presentation"":{""questionTypes"":{""options"":{""values"":[""find_fraction"",""write_fraction""],""select"":""one""}},""visualType"":""shapes"",""contexts"":[""shapes"",""objects""]}}"
q_1764328354354_250,F01_Y2_FRAC,2,"Fractions, decimals and percentages","recognise, find, write, name and count fractions",2,text_input,What is 2/4 of 12?,6,"Divide 12 by 4, then multiply by 2",,"{""description"":""Developing - Add 1/3 and 2/4, quantities divisible by 2, 3, and 4 (up to 15), introduce naming fractions"",""math"":{""fractions"":{""options"":{""values"":[{""numerator"":1,""denominator"":2},{""numerator"":1,""denominator"":3},{""numerator"":1,""denominator"":4},{""numerator"":2,""denominator"":4}],""select"":""one""}},""quantity"":{""range"":{""min"":2,""max"":15}},""divisibilityRequired"":true},""presentation"":{""questionTypes"":{""options"":{""values"":[""find_fraction"",""write_fraction"",""name_fraction""],""select"":""one""}},""visualType"":""mixed"",""contexts"":[""shapes"",""objects"",""sets""]}}"
q_1764328354354_251,F01_Y2_FRAC,2,"Fractions, decimals and percentages","recognise, find, write, name and count fractions",2,text_input,What fraction of the shape is shaded?,1/4,1 out of 4 parts are shaded,,"{""description"":""Developing - Add 1/3 and 2/4, quantities divisible by 2, 3, and 4 (up to 15), introduce naming fractions"",""math"":{""fractions"":{""options"":{""values"":[{""numerator"":1,""denominator"":2},{""numerator"":1,""denominator"":3},{""numerator"":1,""denominator"":4},{""numerator"":2,""denominator"":4}],""select"":""one""}},""quantity"":{""range"":{""min"":2,""max"":15}},""divisibilityRequired"":true},""presentation"":{""questionTypes"":{""options"":{""values"":[""find_fraction"",""write_fraction"",""name_fraction""],""select"":""one""}},""visualType"":""mixed"",""contexts"":[""shapes"",""objects"",""sets""]}}"
q_1764328354354_252,F01_Y2_FRAC,2,"Fractions, decimals and percentages","recognise, find, write, name and count fractions",2,text_input,What fraction of the shape is shaded?,2/4,2 out of 4 parts are shaded,,"{""description"":""Developing - Add 1/3 and 2/4, quantities divisible by 2, 3, and 4 (up to 15), introduce naming fractions"",""math"":{""fractions"":{""options"":{""values"":[{""numerator"":1,""denominator"":2},{""numerator"":1,""denominator"":3},{""numerator"":1,""denominator"":4},{""numerator"":2,""denominator"":4}],""select"":""one""}},""quantity"":{""range"":{""min"":2,""max"":15}},""divisibilityRequired"":true},""presentation"":{""questionTypes"":{""options"":{""values"":[""find_fraction"",""write_fraction"",""name_fraction""],""select"":""one""}},""visualType"":""mixed"",""contexts"":[""shapes"",""objects"",""sets""]}}"
q_1764328354354_253,F01_Y2_FRAC,2,"Fractions, decimals and percentages","recognise, find, write, name and count fractions",2,text_input,What is 2/4 of 4?,2,"Divide 4 by 4, then multiply by 2",,"{""description"":""Developing - Add 1/3 and 2/4, quantities divisible by 2, 3, and 4 (up to 15), introduce naming fractions"",""math"":{""fractions"":{""options"":{""values"":[{""numerator"":1,""denominator"":2},{""numerator"":1,""denominator"":3},{""numerator"":1,""denominator"":4},{""numerator"":2,""denominator"":4}],""select"":""one""}},""quantity"":{""range"":{""min"":2,""max"":15}},""divisibilityRequired"":true},""presentation"":{""questionTypes"":{""options"":{""values"":[""find_fraction"",""write_fraction"",""name_fraction""],""select"":""one""}},""visualType"":""mixed"",""contexts"":[""shapes"",""objects"",""sets""]}}"
q_1764328354354_254,F01_Y2_FRAC,2,"Fractions, decimals and percentages","recognise, find, write, name and count fractions",2,text_input,What is 1/4 of 4?,1,Divide 4 by 4,,"{""description"":""Developing - Add 1/3 and 2/4, quantities divisible by 2, 3, and 4 (up to 15), introduce naming fractions"",""math"":{""fractions"":{""options"":{""values"":[{""numerator"":1,""denominator"":2},{""numerator"":1,""denominator"":3},{""numerator"":1,""denominator"":4},{""numerator"":2,""denominator"":4}],""select"":""one""}},""quantity"":{""range"":{""min"":2,""max"":15}},""divisibilityRequired"":true},""presentation"":{""questionTypes"":{""options"":{""values"":[""find_fraction"",""write_fraction"",""name_fraction""],""select"":""one""}},""visualType"":""mixed"",""contexts"":[""shapes"",""objects"",""sets""]}}"
q_1764328354354_255,F01_Y2_FRAC,2,"Fractions, decimals and percentages","recognise, find, write, name and count fractions",2,text_input,What fraction of the shape is shaded?,1/4,1 out of 4 parts are shaded,,"{""description"":""Developing - Add 1/3 and 2/4, quantities divisible by 2, 3, and 4 (up to 15), introduce naming fractions"",""math"":{""fractions"":{""options"":{""values"":[{""numerator"":1,""denominator"":2},{""numerator"":1,""denominator"":3},{""numerator"":1,""denominator"":4},{""numerator"":2,""denominator"":4}],""select"":""one""}},""quantity"":{""range"":{""min"":2,""max"":15}},""divisibilityRequired"":true},""presentation"":{""questionTypes"":{""options"":{""values"":[""find_fraction"",""write_fraction"",""name_fraction""],""select"":""one""}},""visualType"":""mixed"",""contexts"":[""shapes"",""objects"",""sets""]}}"
q_1764328354354_256,F01_Y2_FRAC,2,"Fractions, decimals and percentages","recognise, find, write, name and count fractions",2,text_input,Write the fraction: one third,1/3,one third means 1 out of 3 equal parts,,"{""description"":""Developing - Add 1/3 and 2/4, quantities divisible by 2, 3, and 4 (up to 15), introduce naming fractions"",""math"":{""fractions"":{""options"":{""values"":[{""numerator"":1,""denominator"":2},{""numerator"":1,""denominator"":3},{""numerator"":1,""denominator"":4},{""numerator"":2,""denominator"":4}],""select"":""one""}},""quantity"":{""range"":{""min"":2,""max"":15}},""divisibilityRequired"":true},""presentation"":{""questionTypes"":{""options"":{""values"":[""find_fraction"",""write_fraction"",""name_fraction""],""select"":""one""}},""visualType"":""mixed"",""contexts"":[""shapes"",""objects"",""sets""]}}"
q_1764328354354_257,F01_Y2_FRAC,2,"Fractions, decimals and percentages","recognise, find, write, name and count fractions",2,text_input,What fraction of the shape is shaded?,1/3,1 out of 3 parts are shaded,,"{""description"":""Developing - Add 1/3 and 2/4, quantities divisible by 2, 3, and 4 (up to 15), introduce naming fractions"",""math"":{""fractions"":{""options"":{""values"":[{""numerator"":1,""denominator"":2},{""numerator"":1,""denominator"":3},{""numerator"":1,""denominator"":4},{""numerator"":2,""denominator"":4}],""select"":""one""}},""quantity"":{""range"":{""min"":2,""max"":15}},""divisibilityRequired"":true},""presentation"":{""questionTypes"":{""options"":{""values"":[""find_fraction"",""write_fraction"",""name_fraction""],""select"":""one""}},""visualType"":""mixed"",""contexts"":[""shapes"",""objects"",""sets""]}}"
q_1764328354354_258,F01_Y2_FRAC,2,"Fractions, decimals and percentages","recognise, find, write, name and count fractions",2,text_input,What is 2/4 of 4?,2,"Divide 4 by 4, then multiply by 2",,"{""description"":""Developing - Add 1/3 and 2/4, quantities divisible by 2, 3, and 4 (up to 15), introduce naming fractions"",""math"":{""fractions"":{""options"":{""values"":[{""numerator"":1,""denominator"":2},{""numerator"":1,""denominator"":3},{""numerator"":1,""denominator"":4},{""numerator"":2,""denominator"":4}],""select"":""one""}},""quantity"":{""range"":{""min"":2,""max"":15}},""divisibilityRequired"":true},""presentation"":{""questionTypes"":{""options"":{""values"":[""find_fraction"",""write_fraction"",""name_fraction""],""select"":""one""}},""visualType"":""mixed"",""contexts"":[""shapes"",""objects"",""sets""]}}"
q_1764328354354_259,F01_Y2_FRAC,2,"Fractions, decimals and percentages","recognise, find, write, name and count fractions",2,text_input,Write the fraction: one quarter,1/4,one quarter means 1 out of 4 equal parts,,"{""description"":""Developing - Add 1/3 and 2/4, quantities divisible by 2, 3, and 4 (up to 15), introduce naming fractions"",""math"":{""fractions"":{""options"":{""values"":[{""numerator"":1,""denominator"":2},{""numerator"":1,""denominator"":3},{""numerator"":1,""denominator"":4},{""numerator"":2,""denominator"":4}],""select"":""one""}},""quantity"":{""range"":{""min"":2,""max"":15}},""divisibilityRequired"":true},""presentation"":{""questionTypes"":{""options"":{""values"":[""find_fraction"",""write_fraction"",""name_fraction""],""select"":""one""}},""visualType"":""mixed"",""contexts"":[""shapes"",""objects"",""sets""]}}"
q_1764328354354_260,F01_Y2_FRAC,3,"Fractions, decimals and percentages","recognise, find, write, name and count fractions",2,text_input,What fraction of the shape is shaded?,1/4,1 out of 4 parts are shaded,,"{""description"":""Meeting - Include 3/4, full range of fractions, quantities up to 20, all question types"",""math"":{""fractions"":{""options"":{""values"":[{""numerator"":1,""denominator"":2},{""numerator"":1,""denominator"":3},{""numerator"":1,""denominator"":4},{""numerator"":2,""denominator"":4},{""numerator"":3,""denominator"":4}],""select"":""one""}},""quantity"":{""range"":{""min"":2,""max"":20}},""divisibilityRequired"":true},""presentation"":{""questionTypes"":{""options"":{""values"":[""find_fraction"",""write_fraction"",""name_fraction"",""equation""],""select"":""one""}},""visualType"":""mixed"",""contexts"":[""shapes"",""objects"",""sets"",""quantities""]}}"
q_1764328354354_261,F01_Y2_FRAC,3,"Fractions, decimals and percentages","recognise, find, write, name and count fractions",2,text_input,What fraction of the shape is shaded?,2/4,2 out of 4 parts are shaded,,"{""description"":""Meeting - Include 3/4, full range of fractions, quantities up to 20, all question types"",""math"":{""fractions"":{""options"":{""values"":[{""numerator"":1,""denominator"":2},{""numerator"":1,""denominator"":3},{""numerator"":1,""denominator"":4},{""numerator"":2,""denominator"":4},{""numerator"":3,""denominator"":4}],""select"":""one""}},""quantity"":{""range"":{""min"":2,""max"":20}},""divisibilityRequired"":true},""presentation"":{""questionTypes"":{""options"":{""values"":[""find_fraction"",""write_fraction"",""name_fraction"",""equation""],""select"":""one""}},""visualType"":""mixed"",""contexts"":[""shapes"",""objects"",""sets"",""quantities""]}}"
q_1764328354354_262,F01_Y2_FRAC,3,"Fractions, decimals and percentages","recognise, find, write, name and count fractions",2,text_input,What is 2/4 of 4?,2,"Divide 4 by 4, then multiply by 2",,"{""description"":""Meeting - Include 3/4, full range of fractions, quantities up to 20, all question types"",""math"":{""fractions"":{""options"":{""values"":[{""numerator"":1,""denominator"":2},{""numerator"":1,""denominator"":3},{""numerator"":1,""denominator"":4},{""numerator"":2,""denominator"":4},{""numerator"":3,""denominator"":4}],""select"":""one""}},""quantity"":{""range"":{""min"":2,""max"":20}},""divisibilityRequired"":true},""presentation"":{""questionTypes"":{""options"":{""values"":[""find_fraction"",""write_fraction"",""name_fraction"",""equation""],""select"":""one""}},""visualType"":""mixed"",""contexts"":[""shapes"",""objects"",""sets"",""quantities""]}}"
q_1764328354354_263,F01_Y2_FRAC,3,"Fractions, decimals and percentages","recognise, find, write, name and count fractions",2,text_input,What fraction of the shape is shaded?,3/4,3 out of 4 parts are shaded,,"{""description"":""Meeting - Include 3/4, full range of fractions, quantities up to 20, all question types"",""math"":{""fractions"":{""options"":{""values"":[{""numerator"":1,""denominator"":2},{""numerator"":1,""denominator"":3},{""numerator"":1,""denominator"":4},{""numerator"":2,""denominator"":4},{""numerator"":3,""denominator"":4}],""select"":""one""}},""quantity"":{""range"":{""min"":2,""max"":20}},""divisibilityRequired"":true},""presentation"":{""questionTypes"":{""options"":{""values"":[""find_fraction"",""write_fraction"",""name_fraction"",""equation""],""select"":""one""}},""visualType"":""mixed"",""contexts"":[""shapes"",""objects"",""sets"",""quantities""]}}"
q_1764328354354_264,F01_Y2_FRAC,3,"Fractions, decimals and percentages","recognise, find, write, name and count fractions",2,text_input,What is 2/4 of 20?,10,"Divide 20 by 4, then multiply by 2",,"{""description"":""Meeting - Include 3/4, full range of fractions, quantities up to 20, all question types"",""math"":{""fractions"":{""options"":{""values"":[{""numerator"":1,""denominator"":2},{""numerator"":1,""denominator"":3},{""numerator"":1,""denominator"":4},{""numerator"":2,""denominator"":4},{""numerator"":3,""denominator"":4}],""select"":""one""}},""quantity"":{""range"":{""min"":2,""max"":20}},""divisibilityRequired"":true},""presentation"":{""questionTypes"":{""options"":{""values"":[""find_fraction"",""write_fraction"",""name_fraction"",""equation""],""select"":""one""}},""visualType"":""mixed"",""contexts"":[""shapes"",""objects"",""sets"",""quantities""]}}"
q_1764328354354_265,F01_Y2_FRAC,3,"Fractions, decimals and percentages","recognise, find, write, name and count fractions",2,text_input,What fraction of the shape is shaded?,1/3,1 out of 3 parts are shaded,,"{""description"":""Meeting - Include 3/4, full range of fractions, quantities up to 20, all question types"",""math"":{""fractions"":{""options"":{""values"":[{""numerator"":1,""denominator"":2},{""numerator"":1,""denominator"":3},{""numerator"":1,""denominator"":4},{""numerator"":2,""denominator"":4},{""numerator"":3,""denominator"":4}],""select"":""one""}},""quantity"":{""range"":{""min"":2,""max"":20}},""divisibilityRequired"":true},""presentation"":{""questionTypes"":{""options"":{""values"":[""find_fraction"",""write_fraction"",""name_fraction"",""equation""],""select"":""one""}},""visualType"":""mixed"",""contexts"":[""shapes"",""objects"",""sets"",""quantities""]}}"
q_1764328354354_266,F01_Y2_FRAC,3,"Fractions, decimals and percentages","recognise, find, write, name and count fractions",2,text_input,Write the fraction: three quarters,3/4,three quarters means 3 out of 4 equal parts,,"{""description"":""Meeting - Include 3/4, full range of fractions, quantities up to 20, all question types"",""math"":{""fractions"":{""options"":{""values"":[{""numerator"":1,""denominator"":2},{""numerator"":1,""denominator"":3},{""numerator"":1,""denominator"":4},{""numerator"":2,""denominator"":4},{""numerator"":3,""denominator"":4}],""select"":""one""}},""quantity"":{""range"":{""min"":2,""max"":20}},""divisibilityRequired"":true},""presentation"":{""questionTypes"":{""options"":{""values"":[""find_fraction"",""write_fraction"",""name_fraction"",""equation""],""select"":""one""}},""visualType"":""mixed"",""contexts"":[""shapes"",""objects"",""sets"",""quantities""]}}"
q_1764328354354_267,F01_Y2_FRAC,3,"Fractions, decimals and percentages","recognise, find, write, name and count fractions",2,text_input,Write the fraction: one half,1/2,one half means 1 out of 2 equal parts,,"{""description"":""Meeting - Include 3/4, full range of fractions, quantities up to 20, all question types"",""math"":{""fractions"":{""options"":{""values"":[{""numerator"":1,""denominator"":2},{""numerator"":1,""denominator"":3},{""numerator"":1,""denominator"":4},{""numerator"":2,""denominator"":4},{""numerator"":3,""denominator"":4}],""select"":""one""}},""quantity"":{""range"":{""min"":2,""max"":20}},""divisibilityRequired"":true},""presentation"":{""questionTypes"":{""options"":{""values"":[""find_fraction"",""write_fraction"",""name_fraction"",""equation""],""select"":""one""}},""visualType"":""mixed"",""contexts"":[""shapes"",""objects"",""sets"",""quantities""]}}"
q_1764328354354_268,F01_Y2_FRAC,3,"Fractions, decimals and percentages","recognise, find, write, name and count fractions",2,text_input,1/3 of 12 = ?,4,Find 1/3 of 12,,"{""description"":""Meeting - Include 3/4, full range of fractions, quantities up to 20, all question types"",""math"":{""fractions"":{""options"":{""values"":[{""numerator"":1,""denominator"":2},{""numerator"":1,""denominator"":3},{""numerator"":1,""denominator"":4},{""numerator"":2,""denominator"":4},{""numerator"":3,""denominator"":4}],""select"":""one""}},""quantity"":{""range"":{""min"":2,""max"":20}},""divisibilityRequired"":true},""presentation"":{""questionTypes"":{""options"":{""values"":[""find_fraction"",""write_fraction"",""name_fraction"",""equation""],""select"":""one""}},""visualType"":""mixed"",""contexts"":[""shapes"",""objects"",""sets"",""quantities""]}}"
q_1764328354354_269,F01_Y2_FRAC,3,"Fractions, decimals and percentages","recognise, find, write, name and count fractions",2,text_input,Write the fraction: three quarters,3/4,three quarters means 3 out of 4 equal parts,,"{""description"":""Meeting - Include 3/4, full range of fractions, quantities up to 20, all question types"",""math"":{""fractions"":{""options"":{""values"":[{""numerator"":1,""denominator"":2},{""numerator"":1,""denominator"":3},{""numerator"":1,""denominator"":4},{""numerator"":2,""denominator"":4},{""numerator"":3,""denominator"":4}],""select"":""one""}},""quantity"":{""range"":{""min"":2,""max"":20}},""divisibilityRequired"":true},""presentation"":{""questionTypes"":{""options"":{""values"":[""find_fraction"",""write_fraction"",""name_fraction"",""equation""],""select"":""one""}},""visualType"":""mixed"",""contexts"":[""shapes"",""objects"",""sets"",""quantities""]}}"
q_1764328354354_270,F01_Y2_FRAC,4,"Fractions, decimals and percentages","recognise, find, write, name and count fractions",2,text_input,What is 1/4 of 16?,4,Divide 16 by 4,,"{""description"":""Exceeding - Mixed fractions, word problems, challenging quantities up to 24, equivalence (2/4 = 1/2)"",""math"":{""fractions"":{""options"":{""values"":[{""numerator"":1,""denominator"":2},{""numerator"":1,""denominator"":3},{""numerator"":1,""denominator"":4},{""numerator"":2,""denominator"":4},{""numerator"":3,""denominator"":4}],""select"":""one""}},""quantity"":{""range"":{""min"":2,""max"":24}},""divisibilityRequired"":true,""includeEquivalence"":true},""presentation"":{""questionTypes"":{""options"":{""values"":[""find_fraction"",""write_fraction"",""name_fraction"",""equation"",""word_problem"",""equivalence""],""select"":""one""}},""visualType"":""minimal"",""contexts"":[""shapes"",""objects"",""sets"",""quantities"",""word_problems""]}}"
q_1764328354354_271,F01_Y2_FRAC,4,"Fractions, decimals and percentages","recognise, find, write, name and count fractions",2,text_input,There are 24 sweets. One quarter of them are red. How many sweets are red?,12,Find 2/4 of 24,,"{""description"":""Exceeding - Mixed fractions, word problems, challenging quantities up to 24, equivalence (2/4 = 1/2)"",""math"":{""fractions"":{""options"":{""values"":[{""numerator"":1,""denominator"":2},{""numerator"":1,""denominator"":3},{""numerator"":1,""denominator"":4},{""numerator"":2,""denominator"":4},{""numerator"":3,""denominator"":4}],""select"":""one""}},""quantity"":{""range"":{""min"":2,""max"":24}},""divisibilityRequired"":true,""includeEquivalence"":true},""presentation"":{""questionTypes"":{""options"":{""values"":[""find_fraction"",""write_fraction"",""name_fraction"",""equation"",""word_problem"",""equivalence""],""select"":""one""}},""visualType"":""minimal"",""contexts"":[""shapes"",""objects"",""sets"",""quantities"",""word_problems""]}}"
q_1764328354354_272,F01_Y2_FRAC,4,"Fractions, decimals and percentages","recognise, find, write, name and count fractions",2,text_input,What is 3/4 of 24?,18,"Divide 24 by 4, then multiply by 3",,"{""description"":""Exceeding - Mixed fractions, word problems, challenging quantities up to 24, equivalence (2/4 = 1/2)"",""math"":{""fractions"":{""options"":{""values"":[{""numerator"":1,""denominator"":2},{""numerator"":1,""denominator"":3},{""numerator"":1,""denominator"":4},{""numerator"":2,""denominator"":4},{""numerator"":3,""denominator"":4}],""select"":""one""}},""quantity"":{""range"":{""min"":2,""max"":24}},""divisibilityRequired"":true,""includeEquivalence"":true},""presentation"":{""questionTypes"":{""options"":{""values"":[""find_fraction"",""write_fraction"",""name_fraction"",""equation"",""word_problem"",""equivalence""],""select"":""one""}},""visualType"":""minimal"",""contexts"":[""shapes"",""objects"",""sets"",""quantities"",""word_problems""]}}"
q_1764328354354_273,F01_Y2_FRAC,4,"Fractions, decimals and percentages","recognise, find, write, name and count fractions",2,text_input,What is 1/3 of 6?,2,Divide 6 by 3,,"{""description"":""Exceeding - Mixed fractions, word problems, challenging quantities up to 24, equivalence (2/4 = 1/2)"",""math"":{""fractions"":{""options"":{""values"":[{""numerator"":1,""denominator"":2},{""numerator"":1,""denominator"":3},{""numerator"":1,""denominator"":4},{""numerator"":2,""denominator"":4},{""numerator"":3,""denominator"":4}],""select"":""one""}},""quantity"":{""range"":{""min"":2,""max"":24}},""divisibilityRequired"":true,""includeEquivalence"":true},""presentation"":{""questionTypes"":{""options"":{""values"":[""find_fraction"",""write_fraction"",""name_fraction"",""equation"",""word_problem"",""equivalence""],""select"":""one""}},""visualType"":""minimal"",""contexts"":[""shapes"",""objects"",""sets"",""quantities"",""word_problems""]}}"
q_1764328354354_274,F01_Y2_FRAC,4,"Fractions, decimals and percentages","recognise, find, write, name and count fractions",2,text_input,Write the fraction: two quarters,2/4,two quarters means 2 out of 4 equal parts,,"{""description"":""Exceeding - Mixed fractions, word problems, challenging quantities up to 24, equivalence (2/4 = 1/2)"",""math"":{""fractions"":{""options"":{""values"":[{""numerator"":1,""denominator"":2},{""numerator"":1,""denominator"":3},{""numerator"":1,""denominator"":4},{""numerator"":2,""denominator"":4},{""numerator"":3,""denominator"":4}],""select"":""one""}},""quantity"":{""range"":{""min"":2,""max"":24}},""divisibilityRequired"":true,""includeEquivalence"":true},""presentation"":{""questionTypes"":{""options"":{""values"":[""find_fraction"",""write_fraction"",""name_fraction"",""equation"",""word_problem"",""equivalence""],""select"":""one""}},""visualType"":""minimal"",""contexts"":[""shapes"",""objects"",""sets"",""quantities"",""word_problems""]}}"
q_1764328354354_275,F01_Y2_FRAC,4,"Fractions, decimals and percentages","recognise, find, write, name and count fractions",2,text_input,What fraction of the shape is shaded?,3/4,3 out of 4 parts are shaded,,"{""description"":""Exceeding - Mixed fractions, word problems, challenging quantities up to 24, equivalence (2/4 = 1/2)"",""math"":{""fractions"":{""options"":{""values"":[{""numerator"":1,""denominator"":2},{""numerator"":1,""denominator"":3},{""numerator"":1,""denominator"":4},{""numerator"":2,""denominator"":4},{""numerator"":3,""denominator"":4}],""select"":""one""}},""quantity"":{""range"":{""min"":2,""max"":24}},""divisibilityRequired"":true,""includeEquivalence"":true},""presentation"":{""questionTypes"":{""options"":{""values"":[""find_fraction"",""write_fraction"",""name_fraction"",""equation"",""word_problem"",""equivalence""],""select"":""one""}},""visualType"":""minimal"",""contexts"":[""shapes"",""objects"",""sets"",""quantities"",""word_problems""]}}"
q_1764328354354_276,F01_Y2_FRAC,4,"Fractions, decimals and percentages","recognise, find, write, name and count fractions",2,text_input,What is 1/2 of 14?,7,Divide 14 by 2,,"{""description"":""Exceeding - Mixed fractions, word problems, challenging quantities up to 24, equivalence (2/4 = 1/2)"",""math"":{""fractions"":{""options"":{""values"":[{""numerator"":1,""denominator"":2},{""numerator"":1,""denominator"":3},{""numerator"":1,""denominator"":4},{""numerator"":2,""denominator"":4},{""numerator"":3,""denominator"":4}],""select"":""one""}},""quantity"":{""range"":{""min"":2,""max"":24}},""divisibilityRequired"":true,""includeEquivalence"":true},""presentation"":{""questionTypes"":{""options"":{""values"":[""find_fraction"",""write_fraction"",""name_fraction"",""equation"",""word_problem"",""equivalence""],""select"":""one""}},""visualType"":""minimal"",""contexts"":[""shapes"",""objects"",""sets"",""quantities"",""word_problems""]}}"
q_1764328354354_277,F01_Y2_FRAC,4,"Fractions, decimals and percentages","recognise, find, write, name and count fractions",2,text_input,Write the fraction: two quarters,2/4,two quarters means 2 out of 4 equal parts,,"{""description"":""Exceeding - Mixed fractions, word problems, challenging quantities up to 24, equivalence (2/4 = 1/2)"",""math"":{""fractions"":{""options"":{""values"":[{""numerator"":1,""denominator"":2},{""numerator"":1,""denominator"":3},{""numerator"":1,""denominator"":4},{""numerator"":2,""denominator"":4},{""numerator"":3,""denominator"":4}],""select"":""one""}},""quantity"":{""range"":{""min"":2,""max"":24}},""divisibilityRequired"":true,""includeEquivalence"":true},""presentation"":{""questionTypes"":{""options"":{""values"":[""find_fraction"",""write_fraction"",""name_fraction"",""equation"",""word_problem"",""equivalence""],""select"":""one""}},""visualType"":""minimal"",""contexts"":[""shapes"",""objects"",""sets"",""quantities"",""word_problems""]}}"
q_1764328354354_278,F01_Y2_FRAC,4,"Fractions, decimals and percentages","recognise, find, write, name and count fractions",2,text_input,2/4 of 20 = ?,10,Find 2/4 of 20,,"{""description"":""Exceeding - Mixed fractions, word problems, challenging quantities up to 24, equivalence (2/4 = 1/2)"",""math"":{""fractions"":{""options"":{""values"":[{""numerator"":1,""denominator"":2},{""numerator"":1,""denominator"":3},{""numerator"":1,""denominator"":4},{""numerator"":2,""denominator"":4},{""numerator"":3,""denominator"":4}],""select"":""one""}},""quantity"":{""range"":{""min"":2,""max"":24}},""divisibilityRequired"":true,""includeEquivalence"":true},""presentation"":{""questionTypes"":{""options"":{""values"":[""find_fraction"",""write_fraction"",""name_fraction"",""equation"",""word_problem"",""equivalence""],""select"":""one""}},""visualType"":""minimal"",""contexts"":[""shapes"",""objects"",""sets"",""quantities"",""word_problems""]}}"
q_1764328354354_279,F01_Y2_FRAC,4,"Fractions, decimals and percentages","recognise, find, write, name and count fractions",2,text_input,What is 3/4 of 8?,6,"Divide 8 by 4, then multiply by 3",,"{""description"":""Exceeding - Mixed fractions, word problems, challenging quantities up to 24, equivalence (2/4 = 1/2)"",""math"":{""fractions"":{""options"":{""values"":[{""numerator"":1,""denominator"":2},{""numerator"":1,""denominator"":3},{""numerator"":1,""denominator"":4},{""numerator"":2,""denominator"":4},{""numerator"":3,""denominator"":4}],""select"":""one""}},""quantity"":{""range"":{""min"":2,""max"":24}},""divisibilityRequired"":true,""includeEquivalence"":true},""presentation"":{""questionTypes"":{""options"":{""values"":[""find_fraction"",""write_fraction"",""name_fraction"",""equation"",""word_problem"",""equivalence""],""select"":""one""}},""visualType"":""minimal"",""contexts"":[""shapes"",""objects"",""sets"",""quantities"",""word_problems""]}}"
q_1764328354354_280,F01_Y3_FRAC,1,"Fractions, decimals and percentages","recognise, find, write, name and count fractions",3,text_input,"What is the missing number? 0.2, 0.3, 0.4, 0.5, 0.6, __",0.7,The pattern counts forwards in tenths (0.1),,"{""description"":""Beginning - Introduce tenths (1/10, 2/10, 3/10), unit fractions (1/2, 1/3, 1/4, 1/5), quantities up to 20, counting in tenths from 0"",""math"":{""fractions"":{""options"":{""values"":[{""numerator"":1,""denominator"":2},{""numerator"":1,""denominator"":3},{""numerator"":1,""denominator"":4},{""numerator"":1,""denominator"":5},{""numerator"":1,""denominator"":10},{""numerator"":2,""denominator"":10},{""numerator"":3,""denominator"":10}],""select"":""one""}},""quantity"":{""range"":{""min"":2,""max"":20}},""divisibilityRequired"":true,""countingInTenths"":{""range"":{""min"":0,""max"":1},""step"":0.1,""length"":6,""direction"":""forwards""}},""presentation"":{""questionTypes"":{""options"":{""values"":[""find_fraction"",""count_tenths"",""number_line_tenths"",""write_fraction""],""select"":""one""}},""visualType"":""shapes"",""contexts"":[""shapes"",""objects"",""discrete_sets""]}}"
q_1764328354355_281,F01_Y3_FRAC,1,"Fractions, decimals and percentages","recognise, find, write, name and count fractions",3,text_input,Write the fraction: one fifth,1/5,one fifth means 1 out of 5 equal parts,,"{""description"":""Beginning - Introduce tenths (1/10, 2/10, 3/10), unit fractions (1/2, 1/3, 1/4, 1/5), quantities up to 20, counting in tenths from 0"",""math"":{""fractions"":{""options"":{""values"":[{""numerator"":1,""denominator"":2},{""numerator"":1,""denominator"":3},{""numerator"":1,""denominator"":4},{""numerator"":1,""denominator"":5},{""numerator"":1,""denominator"":10},{""numerator"":2,""denominator"":10},{""numerator"":3,""denominator"":10}],""select"":""one""}},""quantity"":{""range"":{""min"":2,""max"":20}},""divisibilityRequired"":true,""countingInTenths"":{""range"":{""min"":0,""max"":1},""step"":0.1,""length"":6,""direction"":""forwards""}},""presentation"":{""questionTypes"":{""options"":{""values"":[""find_fraction"",""count_tenths"",""number_line_tenths"",""write_fraction""],""select"":""one""}},""visualType"":""shapes"",""contexts"":[""shapes"",""objects"",""discrete_sets""]}}"
q_1764328354355_282,F01_Y3_FRAC,1,"Fractions, decimals and percentages","recognise, find, write, name and count fractions",3,text_input,Write the fraction: three tenths,3/10,three tenths means 3 out of 10 equal parts,,"{""description"":""Beginning - Introduce tenths (1/10, 2/10, 3/10), unit fractions (1/2, 1/3, 1/4, 1/5), quantities up to 20, counting in tenths from 0"",""math"":{""fractions"":{""options"":{""values"":[{""numerator"":1,""denominator"":2},{""numerator"":1,""denominator"":3},{""numerator"":1,""denominator"":4},{""numerator"":1,""denominator"":5},{""numerator"":1,""denominator"":10},{""numerator"":2,""denominator"":10},{""numerator"":3,""denominator"":10}],""select"":""one""}},""quantity"":{""range"":{""min"":2,""max"":20}},""divisibilityRequired"":true,""countingInTenths"":{""range"":{""min"":0,""max"":1},""step"":0.1,""length"":6,""direction"":""forwards""}},""presentation"":{""questionTypes"":{""options"":{""values"":[""find_fraction"",""count_tenths"",""number_line_tenths"",""write_fraction""],""select"":""one""}},""visualType"":""shapes"",""contexts"":[""shapes"",""objects"",""discrete_sets""]}}"
q_1764328354355_283,F01_Y3_FRAC,1,"Fractions, decimals and percentages","recognise, find, write, name and count fractions",3,text_input,"What is the missing number? 0.2, 0.3, 0.4, 0.5, 0.6, __",0.7,The pattern counts forwards in tenths (0.1),,"{""description"":""Beginning - Introduce tenths (1/10, 2/10, 3/10), unit fractions (1/2, 1/3, 1/4, 1/5), quantities up to 20, counting in tenths from 0"",""math"":{""fractions"":{""options"":{""values"":[{""numerator"":1,""denominator"":2},{""numerator"":1,""denominator"":3},{""numerator"":1,""denominator"":4},{""numerator"":1,""denominator"":5},{""numerator"":1,""denominator"":10},{""numerator"":2,""denominator"":10},{""numerator"":3,""denominator"":10}],""select"":""one""}},""quantity"":{""range"":{""min"":2,""max"":20}},""divisibilityRequired"":true,""countingInTenths"":{""range"":{""min"":0,""max"":1},""step"":0.1,""length"":6,""direction"":""forwards""}},""presentation"":{""questionTypes"":{""options"":{""values"":[""find_fraction"",""count_tenths"",""number_line_tenths"",""write_fraction""],""select"":""one""}},""visualType"":""shapes"",""contexts"":[""shapes"",""objects"",""discrete_sets""]}}"
q_1764328354355_284,F01_Y3_FRAC,1,"Fractions, decimals and percentages","recognise, find, write, name and count fractions",3,text_input,"What is the missing number? 0.3, 0.4, 0.5, 0.6, 0.7, __",0.8,The pattern counts forwards in tenths (0.1),,"{""description"":""Beginning - Introduce tenths (1/10, 2/10, 3/10), unit fractions (1/2, 1/3, 1/4, 1/5), quantities up to 20, counting in tenths from 0"",""math"":{""fractions"":{""options"":{""values"":[{""numerator"":1,""denominator"":2},{""numerator"":1,""denominator"":3},{""numerator"":1,""denominator"":4},{""numerator"":1,""denominator"":5},{""numerator"":1,""denominator"":10},{""numerator"":2,""denominator"":10},{""numerator"":3,""denominator"":10}],""select"":""one""}},""quantity"":{""range"":{""min"":2,""max"":20}},""divisibilityRequired"":true,""countingInTenths"":{""range"":{""min"":0,""max"":1},""step"":0.1,""length"":6,""direction"":""forwards""}},""presentation"":{""questionTypes"":{""options"":{""values"":[""find_fraction"",""count_tenths"",""number_line_tenths"",""write_fraction""],""select"":""one""}},""visualType"":""shapes"",""contexts"":[""shapes"",""objects"",""discrete_sets""]}}"
q_1764328354355_285,F01_Y3_FRAC,1,"Fractions, decimals and percentages","recognise, find, write, name and count fractions",3,text_input,What is 1/3 of 18?,6,Divide 18 by 3,,"{""description"":""Beginning - Introduce tenths (1/10, 2/10, 3/10), unit fractions (1/2, 1/3, 1/4, 1/5), quantities up to 20, counting in tenths from 0"",""math"":{""fractions"":{""options"":{""values"":[{""numerator"":1,""denominator"":2},{""numerator"":1,""denominator"":3},{""numerator"":1,""denominator"":4},{""numerator"":1,""denominator"":5},{""numerator"":1,""denominator"":10},{""numerator"":2,""denominator"":10},{""numerator"":3,""denominator"":10}],""select"":""one""}},""quantity"":{""range"":{""min"":2,""max"":20}},""divisibilityRequired"":true,""countingInTenths"":{""range"":{""min"":0,""max"":1},""step"":0.1,""length"":6,""direction"":""forwards""}},""presentation"":{""questionTypes"":{""options"":{""values"":[""find_fraction"",""count_tenths"",""number_line_tenths"",""write_fraction""],""select"":""one""}},""visualType"":""shapes"",""contexts"":[""shapes"",""objects"",""discrete_sets""]}}"
q_1764328354355_286,F01_Y3_FRAC,1,"Fractions, decimals and percentages","recognise, find, write, name and count fractions",3,text_input,Write the fraction: one third,1/3,one third means 1 out of 3 equal parts,,"{""description"":""Beginning - Introduce tenths (1/10, 2/10, 3/10), unit fractions (1/2, 1/3, 1/4, 1/5), quantities up to 20, counting in tenths from 0"",""math"":{""fractions"":{""options"":{""values"":[{""numerator"":1,""denominator"":2},{""numerator"":1,""denominator"":3},{""numerator"":1,""denominator"":4},{""numerator"":1,""denominator"":5},{""numerator"":1,""denominator"":10},{""numerator"":2,""denominator"":10},{""numerator"":3,""denominator"":10}],""select"":""one""}},""quantity"":{""range"":{""min"":2,""max"":20}},""divisibilityRequired"":true,""countingInTenths"":{""range"":{""min"":0,""max"":1},""step"":0.1,""length"":6,""direction"":""forwards""}},""presentation"":{""questionTypes"":{""options"":{""values"":[""find_fraction"",""count_tenths"",""number_line_tenths"",""write_fraction""],""select"":""one""}},""visualType"":""shapes"",""contexts"":[""shapes"",""objects"",""discrete_sets""]}}"
q_1764328354355_287,F01_Y3_FRAC,1,"Fractions, decimals and percentages","recognise, find, write, name and count fractions",3,text_input,Write the fraction: one half,1/2,one half means 1 out of 2 equal parts,,"{""description"":""Beginning - Introduce tenths (1/10, 2/10, 3/10), unit fractions (1/2, 1/3, 1/4, 1/5), quantities up to 20, counting in tenths from 0"",""math"":{""fractions"":{""options"":{""values"":[{""numerator"":1,""denominator"":2},{""numerator"":1,""denominator"":3},{""numerator"":1,""denominator"":4},{""numerator"":1,""denominator"":5},{""numerator"":1,""denominator"":10},{""numerator"":2,""denominator"":10},{""numerator"":3,""denominator"":10}],""select"":""one""}},""quantity"":{""range"":{""min"":2,""max"":20}},""divisibilityRequired"":true,""countingInTenths"":{""range"":{""min"":0,""max"":1},""step"":0.1,""length"":6,""direction"":""forwards""}},""presentation"":{""questionTypes"":{""options"":{""values"":[""find_fraction"",""count_tenths"",""number_line_tenths"",""write_fraction""],""select"":""one""}},""visualType"":""shapes"",""contexts"":[""shapes"",""objects"",""discrete_sets""]}}"
q_1764328354355_288,F01_Y3_FRAC,1,"Fractions, decimals and percentages","recognise, find, write, name and count fractions",3,text_input,"What is the missing number? 0, 0.1, 0.2, 0.3, 0.4, __",0.5,The pattern counts forwards in tenths (0.1),,"{""description"":""Beginning - Introduce tenths (1/10, 2/10, 3/10), unit fractions (1/2, 1/3, 1/4, 1/5), quantities up to 20, counting in tenths from 0"",""math"":{""fractions"":{""options"":{""values"":[{""numerator"":1,""denominator"":2},{""numerator"":1,""denominator"":3},{""numerator"":1,""denominator"":4},{""numerator"":1,""denominator"":5},{""numerator"":1,""denominator"":10},{""numerator"":2,""denominator"":10},{""numerator"":3,""denominator"":10}],""select"":""one""}},""quantity"":{""range"":{""min"":2,""max"":20}},""divisibilityRequired"":true,""countingInTenths"":{""range"":{""min"":0,""max"":1},""step"":0.1,""length"":6,""direction"":""forwards""}},""presentation"":{""questionTypes"":{""options"":{""values"":[""find_fraction"",""count_tenths"",""number_line_tenths"",""write_fraction""],""select"":""one""}},""visualType"":""shapes"",""contexts"":[""shapes"",""objects"",""discrete_sets""]}}"
q_1764328354355_289,F01_Y3_FRAC,1,"Fractions, decimals and percentages","recognise, find, write, name and count fractions",3,text_input,What is 1/4 of 12?,3,Divide 12 by 4,,"{""description"":""Beginning - Introduce tenths (1/10, 2/10, 3/10), unit fractions (1/2, 1/3, 1/4, 1/5), quantities up to 20, counting in tenths from 0"",""math"":{""fractions"":{""options"":{""values"":[{""numerator"":1,""denominator"":2},{""numerator"":1,""denominator"":3},{""numerator"":1,""denominator"":4},{""numerator"":1,""denominator"":5},{""numerator"":1,""denominator"":10},{""numerator"":2,""denominator"":10},{""numerator"":3,""denominator"":10}],""select"":""one""}},""quantity"":{""range"":{""min"":2,""max"":20}},""divisibilityRequired"":true,""countingInTenths"":{""range"":{""min"":0,""max"":1},""step"":0.1,""length"":6,""direction"":""forwards""}},""presentation"":{""questionTypes"":{""options"":{""values"":[""find_fraction"",""count_tenths"",""number_line_tenths"",""write_fraction""],""select"":""one""}},""visualType"":""shapes"",""contexts"":[""shapes"",""objects"",""discrete_sets""]}}"
q_1764328354355_290,F01_Y3_FRAC,2,"Fractions, decimals and percentages","recognise, find, write, name and count fractions",3,text_input,"What is the missing number? 0, -0.1, -0.2, -0.3, -0.4, -0.5, -0.6, __",-0.7,The pattern counts backwards in tenths (0.1),,"{""description"":""Developing - Add more unit fractions (1/6, 1/8), non-unit fractions (2/3, 2/5, 3/10), quantities up to 30, counting forwards and backwards in tenths"",""math"":{""fractions"":{""options"":{""values"":[{""numerator"":1,""denominator"":2},{""numerator"":1,""denominator"":3},{""numerator"":1,""denominator"":4},{""numerator"":1,""denominator"":5},{""numerator"":1,""denominator"":6},{""numerator"":1,""denominator"":8},{""numerator"":1,""denominator"":10},{""numerator"":2,""denominator"":3},{""numerator"":2,""denominator"":5},{""numerator"":3,""denominator"":10},{""numerator"":4,""denominator"":10}],""select"":""one""}},""quantity"":{""range"":{""min"":2,""max"":30}},""divisibilityRequired"":true,""countingInTenths"":{""range"":{""min"":0,""max"":2},""step"":0.1,""length"":8,""directions"":[""forwards"",""backwards""]}},""presentation"":{""questionTypes"":{""options"":{""values"":[""find_fraction"",""count_tenths"",""number_line_tenths"",""write_fraction"",""name_fraction"",""discrete_set""],""select"":""one""}},""visualType"":""mixed"",""contexts"":[""shapes"",""objects"",""discrete_sets"",""number_lines""]}}"
q_1764328354355_291,F01_Y3_FRAC,2,"Fractions, decimals and percentages","recognise, find, write, name and count fractions",3,text_input,What is 1/5 of 25?,5,Divide 25 by 5,,"{""description"":""Developing - Add more unit fractions (1/6, 1/8), non-unit fractions (2/3, 2/5, 3/10), quantities up to 30, counting forwards and backwards in tenths"",""math"":{""fractions"":{""options"":{""values"":[{""numerator"":1,""denominator"":2},{""numerator"":1,""denominator"":3},{""numerator"":1,""denominator"":4},{""numerator"":1,""denominator"":5},{""numerator"":1,""denominator"":6},{""numerator"":1,""denominator"":8},{""numerator"":1,""denominator"":10},{""numerator"":2,""denominator"":3},{""numerator"":2,""denominator"":5},{""numerator"":3,""denominator"":10},{""numerator"":4,""denominator"":10}],""select"":""one""}},""quantity"":{""range"":{""min"":2,""max"":30}},""divisibilityRequired"":true,""countingInTenths"":{""range"":{""min"":0,""max"":2},""step"":0.1,""length"":8,""directions"":[""forwards"",""backwards""]}},""presentation"":{""questionTypes"":{""options"":{""values"":[""find_fraction"",""count_tenths"",""number_line_tenths"",""write_fraction"",""name_fraction"",""discrete_set""],""select"":""one""}},""visualType"":""mixed"",""contexts"":[""shapes"",""objects"",""discrete_sets"",""number_lines""]}}"
q_1764328354355_292,F01_Y3_FRAC,2,"Fractions, decimals and percentages","recognise, find, write, name and count fractions",3,text_input,Write the fraction: one eighth,1/8,one eighth means 1 out of 8 equal parts,,"{""description"":""Developing - Add more unit fractions (1/6, 1/8), non-unit fractions (2/3, 2/5, 3/10), quantities up to 30, counting forwards and backwards in tenths"",""math"":{""fractions"":{""options"":{""values"":[{""numerator"":1,""denominator"":2},{""numerator"":1,""denominator"":3},{""numerator"":1,""denominator"":4},{""numerator"":1,""denominator"":5},{""numerator"":1,""denominator"":6},{""numerator"":1,""denominator"":8},{""numerator"":1,""denominator"":10},{""numerator"":2,""denominator"":3},{""numerator"":2,""denominator"":5},{""numerator"":3,""denominator"":10},{""numerator"":4,""denominator"":10}],""select"":""one""}},""quantity"":{""range"":{""min"":2,""max"":30}},""divisibilityRequired"":true,""countingInTenths"":{""range"":{""min"":0,""max"":2},""step"":0.1,""length"":8,""directions"":[""forwards"",""backwards""]}},""presentation"":{""questionTypes"":{""options"":{""values"":[""find_fraction"",""count_tenths"",""number_line_tenths"",""write_fraction"",""name_fraction"",""discrete_set""],""select"":""one""}},""visualType"":""mixed"",""contexts"":[""shapes"",""objects"",""discrete_sets"",""number_lines""]}}"
q_1764328354355_293,F01_Y3_FRAC,2,"Fractions, decimals and percentages","recognise, find, write, name and count fractions",3,text_input,"What is the missing number? 0.9, 1, 1.1, 1.2, 1.3, 1.4, __, 1.6",1.5,The pattern counts forwards in tenths (0.1),,"{""description"":""Developing - Add more unit fractions (1/6, 1/8), non-unit fractions (2/3, 2/5, 3/10), quantities up to 30, counting forwards and backwards in tenths"",""math"":{""fractions"":{""options"":{""values"":[{""numerator"":1,""denominator"":2},{""numerator"":1,""denominator"":3},{""numerator"":1,""denominator"":4},{""numerator"":1,""denominator"":5},{""numerator"":1,""denominator"":6},{""numerator"":1,""denominator"":8},{""numerator"":1,""denominator"":10},{""numerator"":2,""denominator"":3},{""numerator"":2,""denominator"":5},{""numerator"":3,""denominator"":10},{""numerator"":4,""denominator"":10}],""select"":""one""}},""quantity"":{""range"":{""min"":2,""max"":30}},""divisibilityRequired"":true,""countingInTenths"":{""range"":{""min"":0,""max"":2},""step"":0.1,""length"":8,""directions"":[""forwards"",""backwards""]}},""presentation"":{""questionTypes"":{""options"":{""values"":[""find_fraction"",""count_tenths"",""number_line_tenths"",""write_fraction"",""name_fraction"",""discrete_set""],""select"":""one""}},""visualType"":""mixed"",""contexts"":[""shapes"",""objects"",""discrete_sets"",""number_lines""]}}"
q_1764328354355_294,F01_Y3_FRAC,2,"Fractions, decimals and percentages","recognise, find, write, name and count fractions",3,text_input,20 cars are in a car park. 1/10 of them are red. How many cars are red?,2,Find 1/10 of 20,,"{""description"":""Developing - Add more unit fractions (1/6, 1/8), non-unit fractions (2/3, 2/5, 3/10), quantities up to 30, counting forwards and backwards in tenths"",""math"":{""fractions"":{""options"":{""values"":[{""numerator"":1,""denominator"":2},{""numerator"":1,""denominator"":3},{""numerator"":1,""denominator"":4},{""numerator"":1,""denominator"":5},{""numerator"":1,""denominator"":6},{""numerator"":1,""denominator"":8},{""numerator"":1,""denominator"":10},{""numerator"":2,""denominator"":3},{""numerator"":2,""denominator"":5},{""numerator"":3,""denominator"":10},{""numerator"":4,""denominator"":10}],""select"":""one""}},""quantity"":{""range"":{""min"":2,""max"":30}},""divisibilityRequired"":true,""countingInTenths"":{""range"":{""min"":0,""max"":2},""step"":0.1,""length"":8,""directions"":[""forwards"",""backwards""]}},""presentation"":{""questionTypes"":{""options"":{""values"":[""find_fraction"",""count_tenths"",""number_line_tenths"",""write_fraction"",""name_fraction"",""discrete_set""],""select"":""one""}},""visualType"":""mixed"",""contexts"":[""shapes"",""objects"",""discrete_sets"",""number_lines""]}}"
q_1764328354355_295,F01_Y3_FRAC,2,"Fractions, decimals and percentages","recognise, find, write, name and count fractions",3,text_input,There are 24 students. 1/6 of them walk to school. How many students walk to school?,4,Find 1/6 of 24,,"{""description"":""Developing - Add more unit fractions (1/6, 1/8), non-unit fractions (2/3, 2/5, 3/10), quantities up to 30, counting forwards and backwards in tenths"",""math"":{""fractions"":{""options"":{""values"":[{""numerator"":1,""denominator"":2},{""numerator"":1,""denominator"":3},{""numerator"":1,""denominator"":4},{""numerator"":1,""denominator"":5},{""numerator"":1,""denominator"":6},{""numerator"":1,""denominator"":8},{""numerator"":1,""denominator"":10},{""numerator"":2,""denominator"":3},{""numerator"":2,""denominator"":5},{""numerator"":3,""denominator"":10},{""numerator"":4,""denominator"":10}],""select"":""one""}},""quantity"":{""range"":{""min"":2,""max"":30}},""divisibilityRequired"":true,""countingInTenths"":{""range"":{""min"":0,""max"":2},""step"":0.1,""length"":8,""directions"":[""forwards"",""backwards""]}},""presentation"":{""questionTypes"":{""options"":{""values"":[""find_fraction"",""count_tenths"",""number_line_tenths"",""write_fraction"",""name_fraction"",""discrete_set""],""select"":""one""}},""visualType"":""mixed"",""contexts"":[""shapes"",""objects"",""discrete_sets"",""number_lines""]}}"
q_1764328354355_296,F01_Y3_FRAC,2,"Fractions, decimals and percentages","recognise, find, write, name and count fractions",3,text_input,What number is the arrow pointing to?,0.8,The number line is divided into tenths,,"{""description"":""Developing - Add more unit fractions (1/6, 1/8), non-unit fractions (2/3, 2/5, 3/10), quantities up to 30, counting forwards and backwards in tenths"",""math"":{""fractions"":{""options"":{""values"":[{""numerator"":1,""denominator"":2},{""numerator"":1,""denominator"":3},{""numerator"":1,""denominator"":4},{""numerator"":1,""denominator"":5},{""numerator"":1,""denominator"":6},{""numerator"":1,""denominator"":8},{""numerator"":1,""denominator"":10},{""numerator"":2,""denominator"":3},{""numerator"":2,""denominator"":5},{""numerator"":3,""denominator"":10},{""numerator"":4,""denominator"":10}],""select"":""one""}},""quantity"":{""range"":{""min"":2,""max"":30}},""divisibilityRequired"":true,""countingInTenths"":{""range"":{""min"":0,""max"":2},""step"":0.1,""length"":8,""directions"":[""forwards"",""backwards""]}},""presentation"":{""questionTypes"":{""options"":{""values"":[""find_fraction"",""count_tenths"",""number_line_tenths"",""write_fraction"",""name_fraction"",""discrete_set""],""select"":""one""}},""visualType"":""mixed"",""contexts"":[""shapes"",""objects"",""discrete_sets"",""number_lines""]}}"
q_1764328354355_297,F01_Y3_FRAC,2,"Fractions, decimals and percentages","recognise, find, write, name and count fractions",3,text_input,There are 6 books on a shelf. 1/3 of them are fiction. How many fiction books are there?,2,Find 1/3 of 6,,"{""description"":""Developing - Add more unit fractions (1/6, 1/8), non-unit fractions (2/3, 2/5, 3/10), quantities up to 30, counting forwards and backwards in tenths"",""math"":{""fractions"":{""options"":{""values"":[{""numerator"":1,""denominator"":2},{""numerator"":1,""denominator"":3},{""numerator"":1,""denominator"":4},{""numerator"":1,""denominator"":5},{""numerator"":1,""denominator"":6},{""numerator"":1,""denominator"":8},{""numerator"":1,""denominator"":10},{""numerator"":2,""denominator"":3},{""numerator"":2,""denominator"":5},{""numerator"":3,""denominator"":10},{""numerator"":4,""denominator"":10}],""select"":""one""}},""quantity"":{""range"":{""min"":2,""max"":30}},""divisibilityRequired"":true,""countingInTenths"":{""range"":{""min"":0,""max"":2},""step"":0.1,""length"":8,""directions"":[""forwards"",""backwards""]}},""presentation"":{""questionTypes"":{""options"":{""values"":[""find_fraction"",""count_tenths"",""number_line_tenths"",""write_fraction"",""name_fraction"",""discrete_set""],""select"":""one""}},""visualType"":""mixed"",""contexts"":[""shapes"",""objects"",""discrete_sets"",""number_lines""]}}"
q_1764328354355_298,F01_Y3_FRAC,2,"Fractions, decimals and percentages","recognise, find, write, name and count fractions",3,text_input,Write the fraction: four tenths,4/10,four tenths means 4 out of 10 equal parts,,"{""description"":""Developing - Add more unit fractions (1/6, 1/8), non-unit fractions (2/3, 2/5, 3/10), quantities up to 30, counting forwards and backwards in tenths"",""math"":{""fractions"":{""options"":{""values"":[{""numerator"":1,""denominator"":2},{""numerator"":1,""denominator"":3},{""numerator"":1,""denominator"":4},{""numerator"":1,""denominator"":5},{""numerator"":1,""denominator"":6},{""numerator"":1,""denominator"":8},{""numerator"":1,""denominator"":10},{""numerator"":2,""denominator"":3},{""numerator"":2,""denominator"":5},{""numerator"":3,""denominator"":10},{""numerator"":4,""denominator"":10}],""select"":""one""}},""quantity"":{""range"":{""min"":2,""max"":30}},""divisibilityRequired"":true,""countingInTenths"":{""range"":{""min"":0,""max"":2},""step"":0.1,""length"":8,""directions"":[""forwards"",""backwards""]}},""presentation"":{""questionTypes"":{""options"":{""values"":[""find_fraction"",""count_tenths"",""number_line_tenths"",""write_fraction"",""name_fraction"",""discrete_set""],""select"":""one""}},""visualType"":""mixed"",""contexts"":[""shapes"",""objects"",""discrete_sets"",""number_lines""]}}"
q_1764328354355_299,F01_Y3_FRAC,2,"Fractions, decimals and percentages","recognise, find, write, name and count fractions",3,text_input,What fraction of the shape is shaded?,1/8,1 out of 8 parts are shaded,,"{""description"":""Developing - Add more unit fractions (1/6, 1/8), non-unit fractions (2/3, 2/5, 3/10), quantities up to 30, counting forwards and backwards in tenths"",""math"":{""fractions"":{""options"":{""values"":[{""numerator"":1,""denominator"":2},{""numerator"":1,""denominator"":3},{""numerator"":1,""denominator"":4},{""numerator"":1,""denominator"":5},{""numerator"":1,""denominator"":6},{""numerator"":1,""denominator"":8},{""numerator"":1,""denominator"":10},{""numerator"":2,""denominator"":3},{""numerator"":2,""denominator"":5},{""numerator"":3,""denominator"":10},{""numerator"":4,""denominator"":10}],""select"":""one""}},""quantity"":{""range"":{""min"":2,""max"":30}},""divisibilityRequired"":true,""countingInTenths"":{""range"":{""min"":0,""max"":2},""step"":0.1,""length"":8,""directions"":[""forwards"",""backwards""]}},""presentation"":{""questionTypes"":{""options"":{""values"":[""find_fraction"",""count_tenths"",""number_line_tenths"",""write_fraction"",""name_fraction"",""discrete_set""],""select"":""one""}},""visualType"":""mixed"",""contexts"":[""shapes"",""objects"",""discrete_sets"",""number_lines""]}}"
q_1764328354355_300,F01_Y3_FRAC,3,"Fractions, decimals and percentages","recognise, find, write, name and count fractions",3,text_input,"What is the missing number? 1.5, __, 1.7, 1.8, 1.9, 2, 2.1, 2.2, 2.3, 2.4",1.6,The pattern counts forwards in tenths (0.1),,"{""description"":""Meeting - Full curriculum range: unit fractions (1/2, 1/3, 1/4, 1/5, 1/6, 1/8, 1/10), non-unit fractions with small denominators (2/3, 3/4, 2/5, 3/5, etc.), counting in tenths beyond 1, quantities up to 40"",""math"":{""fractions"":{""options"":{""values"":[{""numerator"":1,""denominator"":2},{""numerator"":1,""denominator"":3},{""numerator"":2,""denominator"":3},{""numerator"":1,""denominator"":4},{""numerator"":2,""denominator"":4},{""numerator"":3,""denominator"":4},{""numerator"":1,""denominator"":5},{""numerator"":2,""denominator"":5},{""numerator"":3,""denominator"":5},{""numerator"":4,""denominator"":5},{""numerator"":1,""denominator"":6},{""numerator"":1,""denominator"":8},{""numerator"":1,""denominator"":10},{""numerator"":2,""denominator"":10},{""numerator"":3,""denominator"":10},{""numerator"":7,""denominator"":10},{""numerator"":9,""denominator"":10}],""select"":""one""}},""quantity"":{""range"":{""min"":2,""max"":40}},""divisibilityRequired"":true,""countingInTenths"":{""range"":{""min"":0,""max"":3},""step"":0.1,""length"":10,""directions"":[""forwards"",""backwards""]}},""presentation"":{""questionTypes"":{""options"":{""values"":[""find_fraction"",""count_tenths"",""number_line_tenths"",""write_fraction"",""name_fraction"",""discrete_set"",""equation"",""divide_by_10""],""select"":""one""}},""visualType"":""mixed"",""contexts"":[""shapes"",""objects"",""discrete_sets"",""number_lines"",""quantities""]}}"
q_1764328354355_301,F01_Y3_FRAC,3,"Fractions, decimals and percentages","recognise, find, write, name and count fractions",3,text_input,What fraction of the shape is shaded?,2/5,2 out of 5 parts are shaded,,"{""description"":""Meeting - Full curriculum range: unit fractions (1/2, 1/3, 1/4, 1/5, 1/6, 1/8, 1/10), non-unit fractions with small denominators (2/3, 3/4, 2/5, 3/5, etc.), counting in tenths beyond 1, quantities up to 40"",""math"":{""fractions"":{""options"":{""values"":[{""numerator"":1,""denominator"":2},{""numerator"":1,""denominator"":3},{""numerator"":2,""denominator"":3},{""numerator"":1,""denominator"":4},{""numerator"":2,""denominator"":4},{""numerator"":3,""denominator"":4},{""numerator"":1,""denominator"":5},{""numerator"":2,""denominator"":5},{""numerator"":3,""denominator"":5},{""numerator"":4,""denominator"":5},{""numerator"":1,""denominator"":6},{""numerator"":1,""denominator"":8},{""numerator"":1,""denominator"":10},{""numerator"":2,""denominator"":10},{""numerator"":3,""denominator"":10},{""numerator"":7,""denominator"":10},{""numerator"":9,""denominator"":10}],""select"":""one""}},""quantity"":{""range"":{""min"":2,""max"":40}},""divisibilityRequired"":true,""countingInTenths"":{""range"":{""min"":0,""max"":3},""step"":0.1,""length"":10,""directions"":[""forwards"",""backwards""]}},""presentation"":{""questionTypes"":{""options"":{""values"":[""find_fraction"",""count_tenths"",""number_line_tenths"",""write_fraction"",""name_fraction"",""discrete_set"",""equation"",""divide_by_10""],""select"":""one""}},""visualType"":""mixed"",""contexts"":[""shapes"",""objects"",""discrete_sets"",""number_lines"",""quantities""]}}"
q_1764328354355_302,F01_Y3_FRAC,3,"Fractions, decimals and percentages","recognise, find, write, name and count fractions",3,text_input,Write the fraction: three tenths,3/10,three tenths means 3 out of 10 equal parts,,"{""description"":""Meeting - Full curriculum range: unit fractions (1/2, 1/3, 1/4, 1/5, 1/6, 1/8, 1/10), non-unit fractions with small denominators (2/3, 3/4, 2/5, 3/5, etc.), counting in tenths beyond 1, quantities up to 40"",""math"":{""fractions"":{""options"":{""values"":[{""numerator"":1,""denominator"":2},{""numerator"":1,""denominator"":3},{""numerator"":2,""denominator"":3},{""numerator"":1,""denominator"":4},{""numerator"":2,""denominator"":4},{""numerator"":3,""denominator"":4},{""numerator"":1,""denominator"":5},{""numerator"":2,""denominator"":5},{""numerator"":3,""denominator"":5},{""numerator"":4,""denominator"":5},{""numerator"":1,""denominator"":6},{""numerator"":1,""denominator"":8},{""numerator"":1,""denominator"":10},{""numerator"":2,""denominator"":10},{""numerator"":3,""denominator"":10},{""numerator"":7,""denominator"":10},{""numerator"":9,""denominator"":10}],""select"":""one""}},""quantity"":{""range"":{""min"":2,""max"":40}},""divisibilityRequired"":true,""countingInTenths"":{""range"":{""min"":0,""max"":3},""step"":0.1,""length"":10,""directions"":[""forwards"",""backwards""]}},""presentation"":{""questionTypes"":{""options"":{""values"":[""find_fraction"",""count_tenths"",""number_line_tenths"",""write_fraction"",""name_fraction"",""discrete_set"",""equation"",""divide_by_10""],""select"":""one""}},""visualType"":""mixed"",""contexts"":[""shapes"",""objects"",""discrete_sets"",""number_lines"",""quantities""]}}"
q_1764328354355_303,F01_Y3_FRAC,3,"Fractions, decimals and percentages","recognise, find, write, name and count fractions",3,text_input,What fraction of the shape is shaded?,1/10,1 out of 10 parts are shaded,,"{""description"":""Meeting - Full curriculum range: unit fractions (1/2, 1/3, 1/4, 1/5, 1/6, 1/8, 1/10), non-unit fractions with small denominators (2/3, 3/4, 2/5, 3/5, etc.), counting in tenths beyond 1, quantities up to 40"",""math"":{""fractions"":{""options"":{""values"":[{""numerator"":1,""denominator"":2},{""numerator"":1,""denominator"":3},{""numerator"":2,""denominator"":3},{""numerator"":1,""denominator"":4},{""numerator"":2,""denominator"":4},{""numerator"":3,""denominator"":4},{""numerator"":1,""denominator"":5},{""numerator"":2,""denominator"":5},{""numerator"":3,""denominator"":5},{""numerator"":4,""denominator"":5},{""numerator"":1,""denominator"":6},{""numerator"":1,""denominator"":8},{""numerator"":1,""denominator"":10},{""numerator"":2,""denominator"":10},{""numerator"":3,""denominator"":10},{""numerator"":7,""denominator"":10},{""numerator"":9,""denominator"":10}],""select"":""one""}},""quantity"":{""range"":{""min"":2,""max"":40}},""divisibilityRequired"":true,""countingInTenths"":{""range"":{""min"":0,""max"":3},""step"":0.1,""length"":10,""directions"":[""forwards"",""backwards""]}},""presentation"":{""questionTypes"":{""options"":{""values"":[""find_fraction"",""count_tenths"",""number_line_tenths"",""write_fraction"",""name_fraction"",""discrete_set"",""equation"",""divide_by_10""],""select"":""one""}},""visualType"":""mixed"",""contexts"":[""shapes"",""objects"",""discrete_sets"",""number_lines"",""quantities""]}}"
q_1764328354355_304,F01_Y3_FRAC,3,"Fractions, decimals and percentages","recognise, find, write, name and count fractions",3,text_input,What is 2/3 of 30?,20,"Divide 30 by 3, then multiply by 2",,"{""description"":""Meeting - Full curriculum range: unit fractions (1/2, 1/3, 1/4, 1/5, 1/6, 1/8, 1/10), non-unit fractions with small denominators (2/3, 3/4, 2/5, 3/5, etc.), counting in tenths beyond 1, quantities up to 40"",""math"":{""fractions"":{""options"":{""values"":[{""numerator"":1,""denominator"":2},{""numerator"":1,""denominator"":3},{""numerator"":2,""denominator"":3},{""numerator"":1,""denominator"":4},{""numerator"":2,""denominator"":4},{""numerator"":3,""denominator"":4},{""numerator"":1,""denominator"":5},{""numerator"":2,""denominator"":5},{""numerator"":3,""denominator"":5},{""numerator"":4,""denominator"":5},{""numerator"":1,""denominator"":6},{""numerator"":1,""denominator"":8},{""numerator"":1,""denominator"":10},{""numerator"":2,""denominator"":10},{""numerator"":3,""denominator"":10},{""numerator"":7,""denominator"":10},{""numerator"":9,""denominator"":10}],""select"":""one""}},""quantity"":{""range"":{""min"":2,""max"":40}},""divisibilityRequired"":true,""countingInTenths"":{""range"":{""min"":0,""max"":3},""step"":0.1,""length"":10,""directions"":[""forwards"",""backwards""]}},""presentation"":{""questionTypes"":{""options"":{""values"":[""find_fraction"",""count_tenths"",""number_line_tenths"",""write_fraction"",""name_fraction"",""discrete_set"",""equation"",""divide_by_10""],""select"":""one""}},""visualType"":""mixed"",""contexts"":[""shapes"",""objects"",""discrete_sets"",""number_lines"",""quantities""]}}"
q_1764328354355_305,F01_Y3_FRAC,3,"Fractions, decimals and percentages","recognise, find, write, name and count fractions",3,text_input,What fraction of the shape is shaded?,7/10,7 out of 10 parts are shaded,,"{""description"":""Meeting - Full curriculum range: unit fractions (1/2, 1/3, 1/4, 1/5, 1/6, 1/8, 1/10), non-unit fractions with small denominators (2/3, 3/4, 2/5, 3/5, etc.), counting in tenths beyond 1, quantities up to 40"",""math"":{""fractions"":{""options"":{""values"":[{""numerator"":1,""denominator"":2},{""numerator"":1,""denominator"":3},{""numerator"":2,""denominator"":3},{""numerator"":1,""denominator"":4},{""numerator"":2,""denominator"":4},{""numerator"":3,""denominator"":4},{""numerator"":1,""denominator"":5},{""numerator"":2,""denominator"":5},{""numerator"":3,""denominator"":5},{""numerator"":4,""denominator"":5},{""numerator"":1,""denominator"":6},{""numerator"":1,""denominator"":8},{""numerator"":1,""denominator"":10},{""numerator"":2,""denominator"":10},{""numerator"":3,""denominator"":10},{""numerator"":7,""denominator"":10},{""numerator"":9,""denominator"":10}],""select"":""one""}},""quantity"":{""range"":{""min"":2,""max"":40}},""divisibilityRequired"":true,""countingInTenths"":{""range"":{""min"":0,""max"":3},""step"":0.1,""length"":10,""directions"":[""forwards"",""backwards""]}},""presentation"":{""questionTypes"":{""options"":{""values"":[""find_fraction"",""count_tenths"",""number_line_tenths"",""write_fraction"",""name_fraction"",""discrete_set"",""equation"",""divide_by_10""],""select"":""one""}},""visualType"":""mixed"",""contexts"":[""shapes"",""objects"",""discrete_sets"",""number_lines"",""quantities""]}}"
q_1764328354355_306,F01_Y3_FRAC,3,"Fractions, decimals and percentages","recognise, find, write, name and count fractions",3,text_input,1/8 of 32 = ?,4,Find 1/8 of 32,,"{""description"":""Meeting - Full curriculum range: unit fractions (1/2, 1/3, 1/4, 1/5, 1/6, 1/8, 1/10), non-unit fractions with small denominators (2/3, 3/4, 2/5, 3/5, etc.), counting in tenths beyond 1, quantities up to 40"",""math"":{""fractions"":{""options"":{""values"":[{""numerator"":1,""denominator"":2},{""numerator"":1,""denominator"":3},{""numerator"":2,""denominator"":3},{""numerator"":1,""denominator"":4},{""numerator"":2,""denominator"":4},{""numerator"":3,""denominator"":4},{""numerator"":1,""denominator"":5},{""numerator"":2,""denominator"":5},{""numerator"":3,""denominator"":5},{""numerator"":4,""denominator"":5},{""numerator"":1,""denominator"":6},{""numerator"":1,""denominator"":8},{""numerator"":1,""denominator"":10},{""numerator"":2,""denominator"":10},{""numerator"":3,""denominator"":10},{""numerator"":7,""denominator"":10},{""numerator"":9,""denominator"":10}],""select"":""one""}},""quantity"":{""range"":{""min"":2,""max"":40}},""divisibilityRequired"":true,""countingInTenths"":{""range"":{""min"":0,""max"":3},""step"":0.1,""length"":10,""directions"":[""forwards"",""backwards""]}},""presentation"":{""questionTypes"":{""options"":{""values"":[""find_fraction"",""count_tenths"",""number_line_tenths"",""write_fraction"",""name_fraction"",""discrete_set"",""equation"",""divide_by_10""],""select"":""one""}},""visualType"":""mixed"",""contexts"":[""shapes"",""objects"",""discrete_sets"",""number_lines"",""quantities""]}}"
q_1764328354355_307,F01_Y3_FRAC,3,"Fractions, decimals and percentages","recognise, find, write, name and count fractions",3,text_input,A shop has 10 toys. 1/10 of them are sold. How many toys are sold?,1,Find 1/10 of 10,,"{""description"":""Meeting - Full curriculum range: unit fractions (1/2, 1/3, 1/4, 1/5, 1/6, 1/8, 1/10), non-unit fractions with small denominators (2/3, 3/4, 2/5, 3/5, etc.), counting in tenths beyond 1, quantities up to 40"",""math"":{""fractions"":{""options"":{""values"":[{""numerator"":1,""denominator"":2},{""numerator"":1,""denominator"":3},{""numerator"":2,""denominator"":3},{""numerator"":1,""denominator"":4},{""numerator"":2,""denominator"":4},{""numerator"":3,""denominator"":4},{""numerator"":1,""denominator"":5},{""numerator"":2,""denominator"":5},{""numerator"":3,""denominator"":5},{""numerator"":4,""denominator"":5},{""numerator"":1,""denominator"":6},{""numerator"":1,""denominator"":8},{""numerator"":1,""denominator"":10},{""numerator"":2,""denominator"":10},{""numerator"":3,""denominator"":10},{""numerator"":7,""denominator"":10},{""numerator"":9,""denominator"":10}],""select"":""one""}},""quantity"":{""range"":{""min"":2,""max"":40}},""divisibilityRequired"":true,""countingInTenths"":{""range"":{""min"":0,""max"":3},""step"":0.1,""length"":10,""directions"":[""forwards"",""backwards""]}},""presentation"":{""questionTypes"":{""options"":{""values"":[""find_fraction"",""count_tenths"",""number_line_tenths"",""write_fraction"",""name_fraction"",""discrete_set"",""equation"",""divide_by_10""],""select"":""one""}},""visualType"":""mixed"",""contexts"":[""shapes"",""objects"",""discrete_sets"",""number_lines"",""quantities""]}}"
q_1764328354355_308,F01_Y3_FRAC,3,"Fractions, decimals and percentages","recognise, find, write, name and count fractions",3,text_input,Write the fraction: one half,1/2,one half means 1 out of 2 equal parts,,"{""description"":""Meeting - Full curriculum range: unit fractions (1/2, 1/3, 1/4, 1/5, 1/6, 1/8, 1/10), non-unit fractions with small denominators (2/3, 3/4, 2/5, 3/5, etc.), counting in tenths beyond 1, quantities up to 40"",""math"":{""fractions"":{""options"":{""values"":[{""numerator"":1,""denominator"":2},{""numerator"":1,""denominator"":3},{""numerator"":2,""denominator"":3},{""numerator"":1,""denominator"":4},{""numerator"":2,""denominator"":4},{""numerator"":3,""denominator"":4},{""numerator"":1,""denominator"":5},{""numerator"":2,""denominator"":5},{""numerator"":3,""denominator"":5},{""numerator"":4,""denominator"":5},{""numerator"":1,""denominator"":6},{""numerator"":1,""denominator"":8},{""numerator"":1,""denominator"":10},{""numerator"":2,""denominator"":10},{""numerator"":3,""denominator"":10},{""numerator"":7,""denominator"":10},{""numerator"":9,""denominator"":10}],""select"":""one""}},""quantity"":{""range"":{""min"":2,""max"":40}},""divisibilityRequired"":true,""countingInTenths"":{""range"":{""min"":0,""max"":3},""step"":0.1,""length"":10,""directions"":[""forwards"",""backwards""]}},""presentation"":{""questionTypes"":{""options"":{""values"":[""find_fraction"",""count_tenths"",""number_line_tenths"",""write_fraction"",""name_fraction"",""discrete_set"",""equation"",""divide_by_10""],""select"":""one""}},""visualType"":""mixed"",""contexts"":[""shapes"",""objects"",""discrete_sets"",""number_lines"",""quantities""]}}"
q_1764328354355_309,F01_Y3_FRAC,3,"Fractions, decimals and percentages","recognise, find, write, name and count fractions",3,text_input,A shop has 40 toys. 3/10 of them are sold. How many toys are sold?,12,Find 3/10 of 40,,"{""description"":""Meeting - Full curriculum range: unit fractions (1/2, 1/3, 1/4, 1/5, 1/6, 1/8, 1/10), non-unit fractions with small denominators (2/3, 3/4, 2/5, 3/5, etc.), counting in tenths beyond 1, quantities up to 40"",""math"":{""fractions"":{""options"":{""values"":[{""numerator"":1,""denominator"":2},{""numerator"":1,""denominator"":3},{""numerator"":2,""denominator"":3},{""numerator"":1,""denominator"":4},{""numerator"":2,""denominator"":4},{""numerator"":3,""denominator"":4},{""numerator"":1,""denominator"":5},{""numerator"":2,""denominator"":5},{""numerator"":3,""denominator"":5},{""numerator"":4,""denominator"":5},{""numerator"":1,""denominator"":6},{""numerator"":1,""denominator"":8},{""numerator"":1,""denominator"":10},{""numerator"":2,""denominator"":10},{""numerator"":3,""denominator"":10},{""numerator"":7,""denominator"":10},{""numerator"":9,""denominator"":10}],""select"":""one""}},""quantity"":{""range"":{""min"":2,""max"":40}},""divisibilityRequired"":true,""countingInTenths"":{""range"":{""min"":0,""max"":3},""step"":0.1,""length"":10,""directions"":[""forwards"",""backwards""]}},""presentation"":{""questionTypes"":{""options"":{""values"":[""find_fraction"",""count_tenths"",""number_line_tenths"",""write_fraction"",""name_fraction"",""discrete_set"",""equation"",""divide_by_10""],""select"":""one""}},""visualType"":""mixed"",""contexts"":[""shapes"",""objects"",""discrete_sets"",""number_lines"",""quantities""]}}"
q_1764328354355_310,F01_Y3_FRAC,4,"Fractions, decimals and percentages","recognise, find, write, name and count fractions",3,text_input,What is 5/8 of 24?,15,"Divide 24 by 8, then multiply by 5",,"{""description"":""Exceeding - Extended ranges, challenging non-unit fractions, complex counting sequences in tenths, quantities up to 60, word problems, fractions on number lines beyond 2"",""math"":{""fractions"":{""options"":{""values"":[{""numerator"":1,""denominator"":2},{""numerator"":1,""denominator"":3},{""numerator"":2,""denominator"":3},{""numerator"":1,""denominator"":4},{""numerator"":2,""denominator"":4},{""numerator"":3,""denominator"":4},{""numerator"":1,""denominator"":5},{""numerator"":2,""denominator"":5},{""numerator"":3,""denominator"":5},{""numerator"":4,""denominator"":5},{""numerator"":1,""denominator"":6},{""numerator"":5,""denominator"":6},{""numerator"":1,""denominator"":8},{""numerator"":3,""denominator"":8},{""numerator"":5,""denominator"":8},{""numerator"":1,""denominator"":10},{""numerator"":3,""denominator"":10},{""numerator"":7,""denominator"":10},{""numerator"":9,""denominator"":10}],""select"":""one""}},""quantity"":{""range"":{""min"":5,""max"":60}},""divisibilityRequired"":true,""countingInTenths"":{""range"":{""min"":0,""max"":5},""step"":0.1,""length"":12,""directions"":[""forwards"",""backwards""]}},""presentation"":{""questionTypes"":{""options"":{""values"":[""find_fraction"",""count_tenths"",""number_line_tenths"",""write_fraction"",""name_fraction"",""discrete_set"",""equation"",""divide_by_10"",""word_problem""],""select"":""one""}},""visualType"":""minimal"",""contexts"":[""shapes"",""objects"",""discrete_sets"",""number_lines"",""quantities"",""word_problems""]}}"
q_1764328354355_311,F01_Y3_FRAC,4,"Fractions, decimals and percentages","recognise, find, write, name and count fractions",3,text_input,There are 48 buttons. 5/8 of them are round. How many buttons are round?,30,Find 5/8 of 48,,"{""description"":""Exceeding - Extended ranges, challenging non-unit fractions, complex counting sequences in tenths, quantities up to 60, word problems, fractions on number lines beyond 2"",""math"":{""fractions"":{""options"":{""values"":[{""numerator"":1,""denominator"":2},{""numerator"":1,""denominator"":3},{""numerator"":2,""denominator"":3},{""numerator"":1,""denominator"":4},{""numerator"":2,""denominator"":4},{""numerator"":3,""denominator"":4},{""numerator"":1,""denominator"":5},{""numerator"":2,""denominator"":5},{""numerator"":3,""denominator"":5},{""numerator"":4,""denominator"":5},{""numerator"":1,""denominator"":6},{""numerator"":5,""denominator"":6},{""numerator"":1,""denominator"":8},{""numerator"":3,""denominator"":8},{""numerator"":5,""denominator"":8},{""numerator"":1,""denominator"":10},{""numerator"":3,""denominator"":10},{""numerator"":7,""denominator"":10},{""numerator"":9,""denominator"":10}],""select"":""one""}},""quantity"":{""range"":{""min"":5,""max"":60}},""divisibilityRequired"":true,""countingInTenths"":{""range"":{""min"":0,""max"":5},""step"":0.1,""length"":12,""directions"":[""forwards"",""backwards""]}},""presentation"":{""questionTypes"":{""options"":{""values"":[""find_fraction"",""count_tenths"",""number_line_tenths"",""write_fraction"",""name_fraction"",""discrete_set"",""equation"",""divide_by_10"",""word_problem""],""select"":""one""}},""visualType"":""minimal"",""contexts"":[""shapes"",""objects"",""discrete_sets"",""number_lines"",""quantities"",""word_problems""]}}"
q_1764328354355_312,F01_Y3_FRAC,4,"Fractions, decimals and percentages","recognise, find, write, name and count fractions",3,text_input,What fraction of the shape is shaded?,1/6,1 out of 6 parts are shaded,,"{""description"":""Exceeding - Extended ranges, challenging non-unit fractions, complex counting sequences in tenths, quantities up to 60, word problems, fractions on number lines beyond 2"",""math"":{""fractions"":{""options"":{""values"":[{""numerator"":1,""denominator"":2},{""numerator"":1,""denominator"":3},{""numerator"":2,""denominator"":3},{""numerator"":1,""denominator"":4},{""numerator"":2,""denominator"":4},{""numerator"":3,""denominator"":4},{""numerator"":1,""denominator"":5},{""numerator"":2,""denominator"":5},{""numerator"":3,""denominator"":5},{""numerator"":4,""denominator"":5},{""numerator"":1,""denominator"":6},{""numerator"":5,""denominator"":6},{""numerator"":1,""denominator"":8},{""numerator"":3,""denominator"":8},{""numerator"":5,""denominator"":8},{""numerator"":1,""denominator"":10},{""numerator"":3,""denominator"":10},{""numerator"":7,""denominator"":10},{""numerator"":9,""denominator"":10}],""select"":""one""}},""quantity"":{""range"":{""min"":5,""max"":60}},""divisibilityRequired"":true,""countingInTenths"":{""range"":{""min"":0,""max"":5},""step"":0.1,""length"":12,""directions"":[""forwards"",""backwards""]}},""presentation"":{""questionTypes"":{""options"":{""values"":[""find_fraction"",""count_tenths"",""number_line_tenths"",""write_fraction"",""name_fraction"",""discrete_set"",""equation"",""divide_by_10"",""word_problem""],""select"":""one""}},""visualType"":""minimal"",""contexts"":[""shapes"",""objects"",""discrete_sets"",""number_lines"",""quantities"",""word_problems""]}}"
q_1764328354355_313,F01_Y3_FRAC,4,"Fractions, decimals and percentages","recognise, find, write, name and count fractions",3,text_input,A shop has 10 toys. 7/10 of them are sold. How many toys are sold?,7,Find 7/10 of 10,,"{""description"":""Exceeding - Extended ranges, challenging non-unit fractions, complex counting sequences in tenths, quantities up to 60, word problems, fractions on number lines beyond 2"",""math"":{""fractions"":{""options"":{""values"":[{""numerator"":1,""denominator"":2},{""numerator"":1,""denominator"":3},{""numerator"":2,""denominator"":3},{""numerator"":1,""denominator"":4},{""numerator"":2,""denominator"":4},{""numerator"":3,""denominator"":4},{""numerator"":1,""denominator"":5},{""numerator"":2,""denominator"":5},{""numerator"":3,""denominator"":5},{""numerator"":4,""denominator"":5},{""numerator"":1,""denominator"":6},{""numerator"":5,""denominator"":6},{""numerator"":1,""denominator"":8},{""numerator"":3,""denominator"":8},{""numerator"":5,""denominator"":8},{""numerator"":1,""denominator"":10},{""numerator"":3,""denominator"":10},{""numerator"":7,""denominator"":10},{""numerator"":9,""denominator"":10}],""select"":""one""}},""quantity"":{""range"":{""min"":5,""max"":60}},""divisibilityRequired"":true,""countingInTenths"":{""range"":{""min"":0,""max"":5},""step"":0.1,""length"":12,""directions"":[""forwards"",""backwards""]}},""presentation"":{""questionTypes"":{""options"":{""values"":[""find_fraction"",""count_tenths"",""number_line_tenths"",""write_fraction"",""name_fraction"",""discrete_set"",""equation"",""divide_by_10"",""word_problem""],""select"":""one""}},""visualType"":""minimal"",""contexts"":[""shapes"",""objects"",""discrete_sets"",""number_lines"",""quantities"",""word_problems""]}}"
q_1764328354355_314,F01_Y3_FRAC,4,"Fractions, decimals and percentages","recognise, find, write, name and count fractions",3,text_input,3/10 of 30 = ?,9,Find 3/10 of 30,,"{""description"":""Exceeding - Extended ranges, challenging non-unit fractions, complex counting sequences in tenths, quantities up to 60, word problems, fractions on number lines beyond 2"",""math"":{""fractions"":{""options"":{""values"":[{""numerator"":1,""denominator"":2},{""numerator"":1,""denominator"":3},{""numerator"":2,""denominator"":3},{""numerator"":1,""denominator"":4},{""numerator"":2,""denominator"":4},{""numerator"":3,""denominator"":4},{""numerator"":1,""denominator"":5},{""numerator"":2,""denominator"":5},{""numerator"":3,""denominator"":5},{""numerator"":4,""denominator"":5},{""numerator"":1,""denominator"":6},{""numerator"":5,""denominator"":6},{""numerator"":1,""denominator"":8},{""numerator"":3,""denominator"":8},{""numerator"":5,""denominator"":8},{""numerator"":1,""denominator"":10},{""numerator"":3,""denominator"":10},{""numerator"":7,""denominator"":10},{""numerator"":9,""denominator"":10}],""select"":""one""}},""quantity"":{""range"":{""min"":5,""max"":60}},""divisibilityRequired"":true,""countingInTenths"":{""range"":{""min"":0,""max"":5},""step"":0.1,""length"":12,""directions"":[""forwards"",""backwards""]}},""presentation"":{""questionTypes"":{""options"":{""values"":[""find_fraction"",""count_tenths"",""number_line_tenths"",""write_fraction"",""name_fraction"",""discrete_set"",""equation"",""divide_by_10"",""word_problem""],""select"":""one""}},""visualType"":""minimal"",""contexts"":[""shapes"",""objects"",""discrete_sets"",""number_lines"",""quantities"",""word_problems""]}}"
q_1764328354355_315,F01_Y3_FRAC,4,"Fractions, decimals and percentages","recognise, find, write, name and count fractions",3,text_input,Write the fraction: three fifths,3/5,three fifths means 3 out of 5 equal parts,,"{""description"":""Exceeding - Extended ranges, challenging non-unit fractions, complex counting sequences in tenths, quantities up to 60, word problems, fractions on number lines beyond 2"",""math"":{""fractions"":{""options"":{""values"":[{""numerator"":1,""denominator"":2},{""numerator"":1,""denominator"":3},{""numerator"":2,""denominator"":3},{""numerator"":1,""denominator"":4},{""numerator"":2,""denominator"":4},{""numerator"":3,""denominator"":4},{""numerator"":1,""denominator"":5},{""numerator"":2,""denominator"":5},{""numerator"":3,""denominator"":5},{""numerator"":4,""denominator"":5},{""numerator"":1,""denominator"":6},{""numerator"":5,""denominator"":6},{""numerator"":1,""denominator"":8},{""numerator"":3,""denominator"":8},{""numerator"":5,""denominator"":8},{""numerator"":1,""denominator"":10},{""numerator"":3,""denominator"":10},{""numerator"":7,""denominator"":10},{""numerator"":9,""denominator"":10}],""select"":""one""}},""quantity"":{""range"":{""min"":5,""max"":60}},""divisibilityRequired"":true,""countingInTenths"":{""range"":{""min"":0,""max"":5},""step"":0.1,""length"":12,""directions"":[""forwards"",""backwards""]}},""presentation"":{""questionTypes"":{""options"":{""values"":[""find_fraction"",""count_tenths"",""number_line_tenths"",""write_fraction"",""name_fraction"",""discrete_set"",""equation"",""divide_by_10"",""word_problem""],""select"":""one""}},""visualType"":""minimal"",""contexts"":[""shapes"",""objects"",""discrete_sets"",""number_lines"",""quantities"",""word_problems""]}}"
q_1764328354355_316,F01_Y3_FRAC,4,"Fractions, decimals and percentages","recognise, find, write, name and count fractions",3,text_input,What number is the arrow pointing to?,1.3,The number line is divided into tenths,,"{""description"":""Exceeding - Extended ranges, challenging non-unit fractions, complex counting sequences in tenths, quantities up to 60, word problems, fractions on number lines beyond 2"",""math"":{""fractions"":{""options"":{""values"":[{""numerator"":1,""denominator"":2},{""numerator"":1,""denominator"":3},{""numerator"":2,""denominator"":3},{""numerator"":1,""denominator"":4},{""numerator"":2,""denominator"":4},{""numerator"":3,""denominator"":4},{""numerator"":1,""denominator"":5},{""numerator"":2,""denominator"":5},{""numerator"":3,""denominator"":5},{""numerator"":4,""denominator"":5},{""numerator"":1,""denominator"":6},{""numerator"":5,""denominator"":6},{""numerator"":1,""denominator"":8},{""numerator"":3,""denominator"":8},{""numerator"":5,""denominator"":8},{""numerator"":1,""denominator"":10},{""numerator"":3,""denominator"":10},{""numerator"":7,""denominator"":10},{""numerator"":9,""denominator"":10}],""select"":""one""}},""quantity"":{""range"":{""min"":5,""max"":60}},""divisibilityRequired"":true,""countingInTenths"":{""range"":{""min"":0,""max"":5},""step"":0.1,""length"":12,""directions"":[""forwards"",""backwards""]}},""presentation"":{""questionTypes"":{""options"":{""values"":[""find_fraction"",""count_tenths"",""number_line_tenths"",""write_fraction"",""name_fraction"",""discrete_set"",""equation"",""divide_by_10"",""word_problem""],""select"":""one""}},""visualType"":""minimal"",""contexts"":[""shapes"",""objects"",""discrete_sets"",""number_lines"",""quantities"",""word_problems""]}}"
q_1764328354356_317,F01_Y3_FRAC,4,"Fractions, decimals and percentages","recognise, find, write, name and count fractions",3,text_input,"What is the missing number? 1.2, 1.1, 1, 0.9, 0.8, __, 0.6, 0.5, 0.4, 0.3, 0.2, 0.1",0.7,The pattern counts backwards in tenths (0.1),,"{""description"":""Exceeding - Extended ranges, challenging non-unit fractions, complex counting sequences in tenths, quantities up to 60, word problems, fractions on number lines beyond 2"",""math"":{""fractions"":{""options"":{""values"":[{""numerator"":1,""denominator"":2},{""numerator"":1,""denominator"":3},{""numerator"":2,""denominator"":3},{""numerator"":1,""denominator"":4},{""numerator"":2,""denominator"":4},{""numerator"":3,""denominator"":4},{""numerator"":1,""denominator"":5},{""numerator"":2,""denominator"":5},{""numerator"":3,""denominator"":5},{""numerator"":4,""denominator"":5},{""numerator"":1,""denominator"":6},{""numerator"":5,""denominator"":6},{""numerator"":1,""denominator"":8},{""numerator"":3,""denominator"":8},{""numerator"":5,""denominator"":8},{""numerator"":1,""denominator"":10},{""numerator"":3,""denominator"":10},{""numerator"":7,""denominator"":10},{""numerator"":9,""denominator"":10}],""select"":""one""}},""quantity"":{""range"":{""min"":5,""max"":60}},""divisibilityRequired"":true,""countingInTenths"":{""range"":{""min"":0,""max"":5},""step"":0.1,""length"":12,""directions"":[""forwards"",""backwards""]}},""presentation"":{""questionTypes"":{""options"":{""values"":[""find_fraction"",""count_tenths"",""number_line_tenths"",""write_fraction"",""name_fraction"",""discrete_set"",""equation"",""divide_by_10"",""word_problem""],""select"":""one""}},""visualType"":""minimal"",""contexts"":[""shapes"",""objects"",""discrete_sets"",""number_lines"",""quantities"",""word_problems""]}}"
q_1764328354356_318,F01_Y3_FRAC,4,"Fractions, decimals and percentages","recognise, find, write, name and count fractions",3,text_input,What is 1/4 of 52?,13,Divide 52 by 4,,"{""description"":""Exceeding - Extended ranges, challenging non-unit fractions, complex counting sequences in tenths, quantities up to 60, word problems, fractions on number lines beyond 2"",""math"":{""fractions"":{""options"":{""values"":[{""numerator"":1,""denominator"":2},{""numerator"":1,""denominator"":3},{""numerator"":2,""denominator"":3},{""numerator"":1,""denominator"":4},{""numerator"":2,""denominator"":4},{""numerator"":3,""denominator"":4},{""numerator"":1,""denominator"":5},{""numerator"":2,""denominator"":5},{""numerator"":3,""denominator"":5},{""numerator"":4,""denominator"":5},{""numerator"":1,""denominator"":6},{""numerator"":5,""denominator"":6},{""numerator"":1,""denominator"":8},{""numerator"":3,""denominator"":8},{""numerator"":5,""denominator"":8},{""numerator"":1,""denominator"":10},{""numerator"":3,""denominator"":10},{""numerator"":7,""denominator"":10},{""numerator"":9,""denominator"":10}],""select"":""one""}},""quantity"":{""range"":{""min"":5,""max"":60}},""divisibilityRequired"":true,""countingInTenths"":{""range"":{""min"":0,""max"":5},""step"":0.1,""length"":12,""directions"":[""forwards"",""backwards""]}},""presentation"":{""questionTypes"":{""options"":{""values"":[""find_fraction"",""count_tenths"",""number_line_tenths"",""write_fraction"",""name_fraction"",""discrete_set"",""equation"",""divide_by_10"",""word_problem""],""select"":""one""}},""visualType"":""minimal"",""contexts"":[""shapes"",""objects"",""discrete_sets"",""number_lines"",""quantities"",""word_problems""]}}"
q_1764328354356_319,F01_Y3_FRAC,4,"Fractions, decimals and percentages","recognise, find, write, name and count fractions",3,text_input,Write the fraction: one tenth,1/10,one tenth means 1 out of 10 equal parts,,"{""description"":""Exceeding - Extended ranges, challenging non-unit fractions, complex counting sequences in tenths, quantities up to 60, word problems, fractions on number lines beyond 2"",""math"":{""fractions"":{""options"":{""values"":[{""numerator"":1,""denominator"":2},{""numerator"":1,""denominator"":3},{""numerator"":2,""denominator"":3},{""numerator"":1,""denominator"":4},{""numerator"":2,""denominator"":4},{""numerator"":3,""denominator"":4},{""numerator"":1,""denominator"":5},{""numerator"":2,""denominator"":5},{""numerator"":3,""denominator"":5},{""numerator"":4,""denominator"":5},{""numerator"":1,""denominator"":6},{""numerator"":5,""denominator"":6},{""numerator"":1,""denominator"":8},{""numerator"":3,""denominator"":8},{""numerator"":5,""denominator"":8},{""numerator"":1,""denominator"":10},{""numerator"":3,""denominator"":10},{""numerator"":7,""denominator"":10},{""numerator"":9,""denominator"":10}],""select"":""one""}},""quantity"":{""range"":{""min"":5,""max"":60}},""divisibilityRequired"":true,""countingInTenths"":{""range"":{""min"":0,""max"":5},""step"":0.1,""length"":12,""directions"":[""forwards"",""backwards""]}},""presentation"":{""questionTypes"":{""options"":{""values"":[""find_fraction"",""count_tenths"",""number_line_tenths"",""write_fraction"",""name_fraction"",""discrete_set"",""equation"",""divide_by_10"",""word_problem""],""select"":""one""}},""visualType"":""minimal"",""contexts"":[""shapes"",""objects"",""discrete_sets"",""number_lines"",""quantities"",""word_problems""]}}"
q_1764328354356_320,F01_Y4_FRAC,1,"Fractions, decimals and percentages","recognise, find, write, name and count fractions",4,text_input,What fraction is shaded?,0.06,6 out of 100 parts are shaded,,"{""description"":""Beginning - count in hundredths (forwards only, 0-0.10), recognise hundredths with visual support"",""math"":{""fractions"":{""denominator"":100,""sequence"":{""numeratorRange"":{""min"":1,""max"":10},""directions"":[""forwards""],""startValues"":[0]}},""division"":{""wholeNumbers"":{""min"":100,""max"":100},""divisor"":100},""tenthsRelation"":{""include"":false}},""presentation"":{""questionTypes"":{""options"":{""values"":[""count_hundredths"",""divide_by_100"",""name_hundredth""],""select"":""one""}},""visualType"":""shapes"",""formats"":[""fraction"",""decimal""],""gapPosition"":""end""}}"
q_1764328354356_321,F01_Y4_FRAC,1,"Fractions, decimals and percentages","recognise, find, write, name and count fractions",4,text_input,"What is the missing number? 0/100, 1/100, 2/100, 3/100, __",4/100,The pattern counts forwards in hundredths,,"{""description"":""Beginning - count in hundredths (forwards only, 0-0.10), recognise hundredths with visual support"",""math"":{""fractions"":{""denominator"":100,""sequence"":{""numeratorRange"":{""min"":1,""max"":10},""directions"":[""forwards""],""startValues"":[0]}},""division"":{""wholeNumbers"":{""min"":100,""max"":100},""divisor"":100},""tenthsRelation"":{""include"":false}},""presentation"":{""questionTypes"":{""options"":{""values"":[""count_hundredths"",""divide_by_100"",""name_hundredth""],""select"":""one""}},""visualType"":""shapes"",""formats"":[""fraction"",""decimal""],""gapPosition"":""end""}}"
q_1764328354356_322,F01_Y4_FRAC,1,"Fractions, decimals and percentages","recognise, find, write, name and count fractions",4,text_input,What fraction is shaded?,0.02,2 out of 100 parts are shaded,,"{""description"":""Beginning - count in hundredths (forwards only, 0-0.10), recognise hundredths with visual support"",""math"":{""fractions"":{""denominator"":100,""sequence"":{""numeratorRange"":{""min"":1,""max"":10},""directions"":[""forwards""],""startValues"":[0]}},""division"":{""wholeNumbers"":{""min"":100,""max"":100},""divisor"":100},""tenthsRelation"":{""include"":false}},""presentation"":{""questionTypes"":{""options"":{""values"":[""count_hundredths"",""divide_by_100"",""name_hundredth""],""select"":""one""}},""visualType"":""shapes"",""formats"":[""fraction"",""decimal""],""gapPosition"":""end""}}"
q_1764328354356_323,F01_Y4_FRAC,1,"Fractions, decimals and percentages","recognise, find, write, name and count fractions",4,text_input,What is 100 ÷ 100?,100/100,Dividing by 100 gives hundredths,,"{""description"":""Beginning - count in hundredths (forwards only, 0-0.10), recognise hundredths with visual support"",""math"":{""fractions"":{""denominator"":100,""sequence"":{""numeratorRange"":{""min"":1,""max"":10},""directions"":[""forwards""],""startValues"":[0]}},""division"":{""wholeNumbers"":{""min"":100,""max"":100},""divisor"":100},""tenthsRelation"":{""include"":false}},""presentation"":{""questionTypes"":{""options"":{""values"":[""count_hundredths"",""divide_by_100"",""name_hundredth""],""select"":""one""}},""visualType"":""shapes"",""formats"":[""fraction"",""decimal""],""gapPosition"":""end""}}"
q_1764328354356_324,F01_Y4_FRAC,1,"Fractions, decimals and percentages","recognise, find, write, name and count fractions",4,text_input,What fraction is shaded?,4/100,4 out of 100 parts are shaded,,"{""description"":""Beginning - count in hundredths (forwards only, 0-0.10), recognise hundredths with visual support"",""math"":{""fractions"":{""denominator"":100,""sequence"":{""numeratorRange"":{""min"":1,""max"":10},""directions"":[""forwards""],""startValues"":[0]}},""division"":{""wholeNumbers"":{""min"":100,""max"":100},""divisor"":100},""tenthsRelation"":{""include"":false}},""presentation"":{""questionTypes"":{""options"":{""values"":[""count_hundredths"",""divide_by_100"",""name_hundredth""],""select"":""one""}},""visualType"":""shapes"",""formats"":[""fraction"",""decimal""],""gapPosition"":""end""}}"
q_1764328354356_325,F01_Y4_FRAC,1,"Fractions, decimals and percentages","recognise, find, write, name and count fractions",4,text_input,What is 100 ÷ 100?,1.00,Dividing by 100 gives hundredths,,"{""description"":""Beginning - count in hundredths (forwards only, 0-0.10), recognise hundredths with visual support"",""math"":{""fractions"":{""denominator"":100,""sequence"":{""numeratorRange"":{""min"":1,""max"":10},""directions"":[""forwards""],""startValues"":[0]}},""division"":{""wholeNumbers"":{""min"":100,""max"":100},""divisor"":100},""tenthsRelation"":{""include"":false}},""presentation"":{""questionTypes"":{""options"":{""values"":[""count_hundredths"",""divide_by_100"",""name_hundredth""],""select"":""one""}},""visualType"":""shapes"",""formats"":[""fraction"",""decimal""],""gapPosition"":""end""}}"
q_1764328354356_326,F01_Y4_FRAC,1,"Fractions, decimals and percentages","recognise, find, write, name and count fractions",4,text_input,What is 100 ÷ 100?,100/100,Dividing by 100 gives hundredths,,"{""description"":""Beginning - count in hundredths (forwards only, 0-0.10), recognise hundredths with visual support"",""math"":{""fractions"":{""denominator"":100,""sequence"":{""numeratorRange"":{""min"":1,""max"":10},""directions"":[""forwards""],""startValues"":[0]}},""division"":{""wholeNumbers"":{""min"":100,""max"":100},""divisor"":100},""tenthsRelation"":{""include"":false}},""presentation"":{""questionTypes"":{""options"":{""values"":[""count_hundredths"",""divide_by_100"",""name_hundredth""],""select"":""one""}},""visualType"":""shapes"",""formats"":[""fraction"",""decimal""],""gapPosition"":""end""}}"
q_1764328354356_327,F01_Y4_FRAC,1,"Fractions, decimals and percentages","recognise, find, write, name and count fractions",4,text_input,What is 100 ÷ 100?,1.00,Dividing by 100 gives hundredths,,"{""description"":""Beginning - count in hundredths (forwards only, 0-0.10), recognise hundredths with visual support"",""math"":{""fractions"":{""denominator"":100,""sequence"":{""numeratorRange"":{""min"":1,""max"":10},""directions"":[""forwards""],""startValues"":[0]}},""division"":{""wholeNumbers"":{""min"":100,""max"":100},""divisor"":100},""tenthsRelation"":{""include"":false}},""presentation"":{""questionTypes"":{""options"":{""values"":[""count_hundredths"",""divide_by_100"",""name_hundredth""],""select"":""one""}},""visualType"":""shapes"",""formats"":[""fraction"",""decimal""],""gapPosition"":""end""}}"
q_1764328354356_328,F01_Y4_FRAC,1,"Fractions, decimals and percentages","recognise, find, write, name and count fractions",4,text_input,What is 100 ÷ 100?,100/100,Dividing by 100 gives hundredths,,"{""description"":""Beginning - count in hundredths (forwards only, 0-0.10), recognise hundredths with visual support"",""math"":{""fractions"":{""denominator"":100,""sequence"":{""numeratorRange"":{""min"":1,""max"":10},""directions"":[""forwards""],""startValues"":[0]}},""division"":{""wholeNumbers"":{""min"":100,""max"":100},""divisor"":100},""tenthsRelation"":{""include"":false}},""presentation"":{""questionTypes"":{""options"":{""values"":[""count_hundredths"",""divide_by_100"",""name_hundredth""],""select"":""one""}},""visualType"":""shapes"",""formats"":[""fraction"",""decimal""],""gapPosition"":""end""}}"
q_1764328354356_329,F01_Y4_FRAC,1,"Fractions, decimals and percentages","recognise, find, write, name and count fractions",4,text_input,"What is the missing number? 0/100, 1/100, 2/100, 3/100, __",4/100,The pattern counts forwards in hundredths,,"{""description"":""Beginning - count in hundredths (forwards only, 0-0.10), recognise hundredths with visual support"",""math"":{""fractions"":{""denominator"":100,""sequence"":{""numeratorRange"":{""min"":1,""max"":10},""directions"":[""forwards""],""startValues"":[0]}},""division"":{""wholeNumbers"":{""min"":100,""max"":100},""divisor"":100},""tenthsRelation"":{""include"":false}},""presentation"":{""questionTypes"":{""options"":{""values"":[""count_hundredths"",""divide_by_100"",""name_hundredth""],""select"":""one""}},""visualType"":""shapes"",""formats"":[""fraction"",""decimal""],""gapPosition"":""end""}}"
q_1764328354356_330,F01_Y4_FRAC,2,"Fractions, decimals and percentages","recognise, find, write, name and count fractions",4,text_input,What fraction is shaded?,10/100,10 out of 100 parts are shaded,,"{""description"":""Developing - count backwards, extend to 0-0.20, introduce tenths-hundredths relationship (1/10 = 10/100)"",""math"":{""fractions"":{""denominator"":100,""sequence"":{""numeratorRange"":{""min"":1,""max"":20},""directions"":[""forwards"",""backwards""],""startValues"":[0,10,20]}},""division"":{""wholeNumbers"":{""min"":100,""max"":500},""divisor"":100},""tenthsRelation"":{""include"":true,""tenthsValues"":[1,2]}},""presentation"":{""questionTypes"":{""options"":{""values"":[""count_hundredths"",""divide_by_100"",""name_hundredth"",""tenths_to_hundredths"",""number_line""],""select"":""one""}},""visualType"":""mixed"",""formats"":[""fraction"",""decimal""],""gapPosition"":""mixed""}}"
q_1764328354356_331,F01_Y4_FRAC,2,"Fractions, decimals and percentages","recognise, find, write, name and count fractions",4,text_input,What fraction is shaded?,11/100,11 out of 100 parts are shaded,,"{""description"":""Developing - count backwards, extend to 0-0.20, introduce tenths-hundredths relationship (1/10 = 10/100)"",""math"":{""fractions"":{""denominator"":100,""sequence"":{""numeratorRange"":{""min"":1,""max"":20},""directions"":[""forwards"",""backwards""],""startValues"":[0,10,20]}},""division"":{""wholeNumbers"":{""min"":100,""max"":500},""divisor"":100},""tenthsRelation"":{""include"":true,""tenthsValues"":[1,2]}},""presentation"":{""questionTypes"":{""options"":{""values"":[""count_hundredths"",""divide_by_100"",""name_hundredth"",""tenths_to_hundredths"",""number_line""],""select"":""one""}},""visualType"":""mixed"",""formats"":[""fraction"",""decimal""],""gapPosition"":""mixed""}}"
q_1764328354356_332,F01_Y4_FRAC,2,"Fractions, decimals and percentages","recognise, find, write, name and count fractions",4,text_input,"What is the missing number? 0.01, 0.02, __, 0.04, 0.05",0.03,The pattern counts forwards in hundredths,,"{""description"":""Developing - count backwards, extend to 0-0.20, introduce tenths-hundredths relationship (1/10 = 10/100)"",""math"":{""fractions"":{""denominator"":100,""sequence"":{""numeratorRange"":{""min"":1,""max"":20},""directions"":[""forwards"",""backwards""],""startValues"":[0,10,20]}},""division"":{""wholeNumbers"":{""min"":100,""max"":500},""divisor"":100},""tenthsRelation"":{""include"":true,""tenthsValues"":[1,2]}},""presentation"":{""questionTypes"":{""options"":{""values"":[""count_hundredths"",""divide_by_100"",""name_hundredth"",""tenths_to_hundredths"",""number_line""],""select"":""one""}},""visualType"":""mixed"",""formats"":[""fraction"",""decimal""],""gapPosition"":""mixed""}}"
q_1764328354356_333,F01_Y4_FRAC,2,"Fractions, decimals and percentages","recognise, find, write, name and count fractions",4,text_input,0.1 is the same as how many hundredths?,0.10,1 tenth = 10 hundredths,,"{""description"":""Developing - count backwards, extend to 0-0.20, introduce tenths-hundredths relationship (1/10 = 10/100)"",""math"":{""fractions"":{""denominator"":100,""sequence"":{""numeratorRange"":{""min"":1,""max"":20},""directions"":[""forwards"",""backwards""],""startValues"":[0,10,20]}},""division"":{""wholeNumbers"":{""min"":100,""max"":500},""divisor"":100},""tenthsRelation"":{""include"":true,""tenthsValues"":[1,2]}},""presentation"":{""questionTypes"":{""options"":{""values"":[""count_hundredths"",""divide_by_100"",""name_hundredth"",""tenths_to_hundredths"",""number_line""],""select"":""one""}},""visualType"":""mixed"",""formats"":[""fraction"",""decimal""],""gapPosition"":""mixed""}}"
q_1764328354356_334,F01_Y4_FRAC,2,"Fractions, decimals and percentages","recognise, find, write, name and count fractions",4,text_input,What fraction is shaded?,0.16,16 out of 100 parts are shaded,,"{""description"":""Developing - count backwards, extend to 0-0.20, introduce tenths-hundredths relationship (1/10 = 10/100)"",""math"":{""fractions"":{""denominator"":100,""sequence"":{""numeratorRange"":{""min"":1,""max"":20},""directions"":[""forwards"",""backwards""],""startValues"":[0,10,20]}},""division"":{""wholeNumbers"":{""min"":100,""max"":500},""divisor"":100},""tenthsRelation"":{""include"":true,""tenthsValues"":[1,2]}},""presentation"":{""questionTypes"":{""options"":{""values"":[""count_hundredths"",""divide_by_100"",""name_hundredth"",""tenths_to_hundredths"",""number_line""],""select"":""one""}},""visualType"":""mixed"",""formats"":[""fraction"",""decimal""],""gapPosition"":""mixed""}}"
q_1764328354356_335,F01_Y4_FRAC,2,"Fractions, decimals and percentages","recognise, find, write, name and count fractions",4,text_input,1/10 is the same as how many hundredths?,10/100,1 tenth = 10 hundredths,,"{""description"":""Developing - count backwards, extend to 0-0.20, introduce tenths-hundredths relationship (1/10 = 10/100)"",""math"":{""fractions"":{""denominator"":100,""sequence"":{""numeratorRange"":{""min"":1,""max"":20},""directions"":[""forwards"",""backwards""],""startValues"":[0,10,20]}},""division"":{""wholeNumbers"":{""min"":100,""max"":500},""divisor"":100},""tenthsRelation"":{""include"":true,""tenthsValues"":[1,2]}},""presentation"":{""questionTypes"":{""options"":{""values"":[""count_hundredths"",""divide_by_100"",""name_hundredth"",""tenths_to_hundredths"",""number_line""],""select"":""one""}},""visualType"":""mixed"",""formats"":[""fraction"",""decimal""],""gapPosition"":""mixed""}}"
q_1764328354356_336,F01_Y4_FRAC,2,"Fractions, decimals and percentages","recognise, find, write, name and count fractions",4,text_input,0.1 is the same as how many hundredths?,0.10,1 tenth = 10 hundredths,,"{""description"":""Developing - count backwards, extend to 0-0.20, introduce tenths-hundredths relationship (1/10 = 10/100)"",""math"":{""fractions"":{""denominator"":100,""sequence"":{""numeratorRange"":{""min"":1,""max"":20},""directions"":[""forwards"",""backwards""],""startValues"":[0,10,20]}},""division"":{""wholeNumbers"":{""min"":100,""max"":500},""divisor"":100},""tenthsRelation"":{""include"":true,""tenthsValues"":[1,2]}},""presentation"":{""questionTypes"":{""options"":{""values"":[""count_hundredths"",""divide_by_100"",""name_hundredth"",""tenths_to_hundredths"",""number_line""],""select"":""one""}},""visualType"":""mixed"",""formats"":[""fraction"",""decimal""],""gapPosition"":""mixed""}}"
q_1764328354356_337,F01_Y4_FRAC,2,"Fractions, decimals and percentages","recognise, find, write, name and count fractions",4,text_input,0.2 is the same as how many hundredths?,0.20,2 tenths = 20 hundredths,,"{""description"":""Developing - count backwards, extend to 0-0.20, introduce tenths-hundredths relationship (1/10 = 10/100)"",""math"":{""fractions"":{""denominator"":100,""sequence"":{""numeratorRange"":{""min"":1,""max"":20},""directions"":[""forwards"",""backwards""],""startValues"":[0,10,20]}},""division"":{""wholeNumbers"":{""min"":100,""max"":500},""divisor"":100},""tenthsRelation"":{""include"":true,""tenthsValues"":[1,2]}},""presentation"":{""questionTypes"":{""options"":{""values"":[""count_hundredths"",""divide_by_100"",""name_hundredth"",""tenths_to_hundredths"",""number_line""],""select"":""one""}},""visualType"":""mixed"",""formats"":[""fraction"",""decimal""],""gapPosition"":""mixed""}}"
q_1764328354356_338,F01_Y4_FRAC,2,"Fractions, decimals and percentages","recognise, find, write, name and count fractions",4,text_input,"What is the missing number? 0.10, 0.09, 0.08, 0.07, __",0.06,The pattern counts backwards in hundredths,,"{""description"":""Developing - count backwards, extend to 0-0.20, introduce tenths-hundredths relationship (1/10 = 10/100)"",""math"":{""fractions"":{""denominator"":100,""sequence"":{""numeratorRange"":{""min"":1,""max"":20},""directions"":[""forwards"",""backwards""],""startValues"":[0,10,20]}},""division"":{""wholeNumbers"":{""min"":100,""max"":500},""divisor"":100},""tenthsRelation"":{""include"":true,""tenthsValues"":[1,2]}},""presentation"":{""questionTypes"":{""options"":{""values"":[""count_hundredths"",""divide_by_100"",""name_hundredth"",""tenths_to_hundredths"",""number_line""],""select"":""one""}},""visualType"":""mixed"",""formats"":[""fraction"",""decimal""],""gapPosition"":""mixed""}}"
q_1764328354356_339,F01_Y4_FRAC,2,"Fractions, decimals and percentages","recognise, find, write, name and count fractions",4,text_input,What is 400 ÷ 100?,4.00,Dividing by 100 gives hundredths,,"{""description"":""Developing - count backwards, extend to 0-0.20, introduce tenths-hundredths relationship (1/10 = 10/100)"",""math"":{""fractions"":{""denominator"":100,""sequence"":{""numeratorRange"":{""min"":1,""max"":20},""directions"":[""forwards"",""backwards""],""startValues"":[0,10,20]}},""division"":{""wholeNumbers"":{""min"":100,""max"":500},""divisor"":100},""tenthsRelation"":{""include"":true,""tenthsValues"":[1,2]}},""presentation"":{""questionTypes"":{""options"":{""values"":[""count_hundredths"",""divide_by_100"",""name_hundredth"",""tenths_to_hundredths"",""number_line""],""select"":""one""}},""visualType"":""mixed"",""formats"":[""fraction"",""decimal""],""gapPosition"":""mixed""}}"
q_1764328354356_340,F01_Y4_FRAC,3,"Fractions, decimals and percentages","recognise, find, write, name and count fractions",4,text_input,What is 300 ÷ 100?,3.00,Dividing by 100 gives hundredths,,"{""description"":""Meeting - full range 0-1.00, all directions, divide tenths by 10, number line positioning"",""math"":{""fractions"":{""denominator"":100,""sequence"":{""numeratorRange"":{""min"":1,""max"":100},""directions"":[""forwards"",""backwards""],""startValues"":[0,10,20,30,40,50,60,70,80,90,100]}},""division"":{""wholeNumbers"":{""min"":100,""max"":1000},""divisor"":100},""tenthsRelation"":{""include"":true,""tenthsValues"":[1,2,3,4,5,6,7,8,9,10],""divideTenthsByTen"":true}},""presentation"":{""questionTypes"":{""options"":{""values"":[""count_hundredths"",""divide_by_100"",""name_hundredth"",""tenths_to_hundredths"",""divide_tenths"",""number_line""],""select"":""one""}},""visualType"":""mixed"",""formats"":[""fraction"",""decimal"",""mixed""],""gapPosition"":""random""}}"
q_1764328354356_341,F01_Y4_FRAC,3,"Fractions, decimals and percentages","recognise, find, write, name and count fractions",4,text_input,"What is the missing number? 0.10, 0.09, 0.08, __, 0.06",0.07,The pattern counts backwards in hundredths,,"{""description"":""Meeting - full range 0-1.00, all directions, divide tenths by 10, number line positioning"",""math"":{""fractions"":{""denominator"":100,""sequence"":{""numeratorRange"":{""min"":1,""max"":100},""directions"":[""forwards"",""backwards""],""startValues"":[0,10,20,30,40,50,60,70,80,90,100]}},""division"":{""wholeNumbers"":{""min"":100,""max"":1000},""divisor"":100},""tenthsRelation"":{""include"":true,""tenthsValues"":[1,2,3,4,5,6,7,8,9,10],""divideTenthsByTen"":true}},""presentation"":{""questionTypes"":{""options"":{""values"":[""count_hundredths"",""divide_by_100"",""name_hundredth"",""tenths_to_hundredths"",""divide_tenths"",""number_line""],""select"":""one""}},""visualType"":""mixed"",""formats"":[""fraction"",""decimal"",""mixed""],""gapPosition"":""random""}}"
q_1764328354356_342,F01_Y4_FRAC,3,"Fractions, decimals and percentages","recognise, find, write, name and count fractions",4,text_input,"What is the missing number? 40/100, __, 38/100, 37/100, 36/100",39/100,The pattern counts backwards in hundredths,,"{""description"":""Meeting - full range 0-1.00, all directions, divide tenths by 10, number line positioning"",""math"":{""fractions"":{""denominator"":100,""sequence"":{""numeratorRange"":{""min"":1,""max"":100},""directions"":[""forwards"",""backwards""],""startValues"":[0,10,20,30,40,50,60,70,80,90,100]}},""division"":{""wholeNumbers"":{""min"":100,""max"":1000},""divisor"":100},""tenthsRelation"":{""include"":true,""tenthsValues"":[1,2,3,4,5,6,7,8,9,10],""divideTenthsByTen"":true}},""presentation"":{""questionTypes"":{""options"":{""values"":[""count_hundredths"",""divide_by_100"",""name_hundredth"",""tenths_to_hundredths"",""divide_tenths"",""number_line""],""select"":""one""}},""visualType"":""mixed"",""formats"":[""fraction"",""decimal"",""mixed""],""gapPosition"":""random""}}"
q_1764328354356_343,F01_Y4_FRAC,3,"Fractions, decimals and percentages","recognise, find, write, name and count fractions",4,text_input,"What is the missing number? 70/100, __, 72/100, 73/100, 74/100",71/100,The pattern counts forwards in hundredths,,"{""description"":""Meeting - full range 0-1.00, all directions, divide tenths by 10, number line positioning"",""math"":{""fractions"":{""denominator"":100,""sequence"":{""numeratorRange"":{""min"":1,""max"":100},""directions"":[""forwards"",""backwards""],""startValues"":[0,10,20,30,40,50,60,70,80,90,100]}},""division"":{""wholeNumbers"":{""min"":100,""max"":1000},""divisor"":100},""tenthsRelation"":{""include"":true,""tenthsValues"":[1,2,3,4,5,6,7,8,9,10],""divideTenthsByTen"":true}},""presentation"":{""questionTypes"":{""options"":{""values"":[""count_hundredths"",""divide_by_100"",""name_hundredth"",""tenths_to_hundredths"",""divide_tenths"",""number_line""],""select"":""one""}},""visualType"":""mixed"",""formats"":[""fraction"",""decimal"",""mixed""],""gapPosition"":""random""}}"
q_1764328354356_344,F01_Y4_FRAC,3,"Fractions, decimals and percentages","recognise, find, write, name and count fractions",4,text_input,9/10 is the same as how many hundredths?,90/100,9 tenths = 90 hundredths,,"{""description"":""Meeting - full range 0-1.00, all directions, divide tenths by 10, number line positioning"",""math"":{""fractions"":{""denominator"":100,""sequence"":{""numeratorRange"":{""min"":1,""max"":100},""directions"":[""forwards"",""backwards""],""startValues"":[0,10,20,30,40,50,60,70,80,90,100]}},""division"":{""wholeNumbers"":{""min"":100,""max"":1000},""divisor"":100},""tenthsRelation"":{""include"":true,""tenthsValues"":[1,2,3,4,5,6,7,8,9,10],""divideTenthsByTen"":true}},""presentation"":{""questionTypes"":{""options"":{""values"":[""count_hundredths"",""divide_by_100"",""name_hundredth"",""tenths_to_hundredths"",""divide_tenths"",""number_line""],""select"":""one""}},""visualType"":""mixed"",""formats"":[""fraction"",""decimal"",""mixed""],""gapPosition"":""random""}}"
q_1764328354356_345,F01_Y4_FRAC,3,"Fractions, decimals and percentages","recognise, find, write, name and count fractions",4,text_input,What fraction is shaded?,0.18,18 out of 100 parts are shaded,,"{""description"":""Meeting - full range 0-1.00, all directions, divide tenths by 10, number line positioning"",""math"":{""fractions"":{""denominator"":100,""sequence"":{""numeratorRange"":{""min"":1,""max"":100},""directions"":[""forwards"",""backwards""],""startValues"":[0,10,20,30,40,50,60,70,80,90,100]}},""division"":{""wholeNumbers"":{""min"":100,""max"":1000},""divisor"":100},""tenthsRelation"":{""include"":true,""tenthsValues"":[1,2,3,4,5,6,7,8,9,10],""divideTenthsByTen"":true}},""presentation"":{""questionTypes"":{""options"":{""values"":[""count_hundredths"",""divide_by_100"",""name_hundredth"",""tenths_to_hundredths"",""divide_tenths"",""number_line""],""select"":""one""}},""visualType"":""mixed"",""formats"":[""fraction"",""decimal"",""mixed""],""gapPosition"":""random""}}"
q_1764328354356_346,F01_Y4_FRAC,3,"Fractions, decimals and percentages","recognise, find, write, name and count fractions",4,text_input,What fraction is shaded?,18/100,18 out of 100 parts are shaded,,"{""description"":""Meeting - full range 0-1.00, all directions, divide tenths by 10, number line positioning"",""math"":{""fractions"":{""denominator"":100,""sequence"":{""numeratorRange"":{""min"":1,""max"":100},""directions"":[""forwards"",""backwards""],""startValues"":[0,10,20,30,40,50,60,70,80,90,100]}},""division"":{""wholeNumbers"":{""min"":100,""max"":1000},""divisor"":100},""tenthsRelation"":{""include"":true,""tenthsValues"":[1,2,3,4,5,6,7,8,9,10],""divideTenthsByTen"":true}},""presentation"":{""questionTypes"":{""options"":{""values"":[""count_hundredths"",""divide_by_100"",""name_hundredth"",""tenths_to_hundredths"",""divide_tenths"",""number_line""],""select"":""one""}},""visualType"":""mixed"",""formats"":[""fraction"",""decimal"",""mixed""],""gapPosition"":""random""}}"
q_1764328354356_347,F01_Y4_FRAC,3,"Fractions, decimals and percentages","recognise, find, write, name and count fractions",4,text_input,What is 600 ÷ 100?,600/100,Dividing by 100 gives hundredths,,"{""description"":""Meeting - full range 0-1.00, all directions, divide tenths by 10, number line positioning"",""math"":{""fractions"":{""denominator"":100,""sequence"":{""numeratorRange"":{""min"":1,""max"":100},""directions"":[""forwards"",""backwards""],""startValues"":[0,10,20,30,40,50,60,70,80,90,100]}},""division"":{""wholeNumbers"":{""min"":100,""max"":1000},""divisor"":100},""tenthsRelation"":{""include"":true,""tenthsValues"":[1,2,3,4,5,6,7,8,9,10],""divideTenthsByTen"":true}},""presentation"":{""questionTypes"":{""options"":{""values"":[""count_hundredths"",""divide_by_100"",""name_hundredth"",""tenths_to_hundredths"",""divide_tenths"",""number_line""],""select"":""one""}},""visualType"":""mixed"",""formats"":[""fraction"",""decimal"",""mixed""],""gapPosition"":""random""}}"
q_1764328354356_348,F01_Y4_FRAC,3,"Fractions, decimals and percentages","recognise, find, write, name and count fractions",4,text_input,What is 1.0 ÷ 10?,0.10,Dividing tenths by 10 gives hundredths,,"{""description"":""Meeting - full range 0-1.00, all directions, divide tenths by 10, number line positioning"",""math"":{""fractions"":{""denominator"":100,""sequence"":{""numeratorRange"":{""min"":1,""max"":100},""directions"":[""forwards"",""backwards""],""startValues"":[0,10,20,30,40,50,60,70,80,90,100]}},""division"":{""wholeNumbers"":{""min"":100,""max"":1000},""divisor"":100},""tenthsRelation"":{""include"":true,""tenthsValues"":[1,2,3,4,5,6,7,8,9,10],""divideTenthsByTen"":true}},""presentation"":{""questionTypes"":{""options"":{""values"":[""count_hundredths"",""divide_by_100"",""name_hundredth"",""tenths_to_hundredths"",""divide_tenths"",""number_line""],""select"":""one""}},""visualType"":""mixed"",""formats"":[""fraction"",""decimal"",""mixed""],""gapPosition"":""random""}}"
q_1764328354356_349,F01_Y4_FRAC,3,"Fractions, decimals and percentages","recognise, find, write, name and count fractions",4,text_input,"What is the missing number? 0.04, 0.03, 0.02, __, 0.00",0.01,The pattern counts backwards in hundredths,,"{""description"":""Meeting - full range 0-1.00, all directions, divide tenths by 10, number line positioning"",""math"":{""fractions"":{""denominator"":100,""sequence"":{""numeratorRange"":{""min"":1,""max"":100},""directions"":[""forwards"",""backwards""],""startValues"":[0,10,20,30,40,50,60,70,80,90,100]}},""division"":{""wholeNumbers"":{""min"":100,""max"":1000},""divisor"":100},""tenthsRelation"":{""include"":true,""tenthsValues"":[1,2,3,4,5,6,7,8,9,10],""divideTenthsByTen"":true}},""presentation"":{""questionTypes"":{""options"":{""values"":[""count_hundredths"",""divide_by_100"",""name_hundredth"",""tenths_to_hundredths"",""divide_tenths"",""number_line""],""select"":""one""}},""visualType"":""mixed"",""formats"":[""fraction"",""decimal"",""mixed""],""gapPosition"":""random""}}"
q_1764328354357_350,F01_Y4_FRAC,4,"Fractions, decimals and percentages","recognise, find, write, name and count fractions",4,text_input,What fraction is shaded?,8/100,8 out of 100 parts are shaded,,"{""description"":""Exceeding - extend beyond 1.00 (up to 2.00), complex sequences, word problems with hundredths"",""math"":{""fractions"":{""denominator"":100,""sequence"":{""numeratorRange"":{""min"":1,""max"":200},""directions"":[""forwards"",""backwards""],""startValues"":[0,25,50,75,100,125,150,175,200]}},""division"":{""wholeNumbers"":{""min"":100,""max"":2000},""divisor"":100},""tenthsRelation"":{""include"":true,""tenthsValues"":[1,2,3,4,5,6,7,8,9,10,11,12,13,14,15,16,17,18,19,20],""divideTenthsByTen"":true}},""presentation"":{""questionTypes"":{""options"":{""values"":[""count_hundredths"",""divide_by_100"",""name_hundredth"",""tenths_to_hundredths"",""divide_tenths"",""number_line"",""word_problem""],""select"":""one""}},""visualType"":""minimal"",""formats"":[""fraction"",""decimal"",""mixed""],""gapPosition"":""random""}}"
q_1764328354357_351,F01_Y4_FRAC,4,"Fractions, decimals and percentages","recognise, find, write, name and count fractions",4,text_input,What is 1.6 ÷ 10?,16/100,Dividing tenths by 10 gives hundredths,,"{""description"":""Exceeding - extend beyond 1.00 (up to 2.00), complex sequences, word problems with hundredths"",""math"":{""fractions"":{""denominator"":100,""sequence"":{""numeratorRange"":{""min"":1,""max"":200},""directions"":[""forwards"",""backwards""],""startValues"":[0,25,50,75,100,125,150,175,200]}},""division"":{""wholeNumbers"":{""min"":100,""max"":2000},""divisor"":100},""tenthsRelation"":{""include"":true,""tenthsValues"":[1,2,3,4,5,6,7,8,9,10,11,12,13,14,15,16,17,18,19,20],""divideTenthsByTen"":true}},""presentation"":{""questionTypes"":{""options"":{""values"":[""count_hundredths"",""divide_by_100"",""name_hundredth"",""tenths_to_hundredths"",""divide_tenths"",""number_line"",""word_problem""],""select"":""one""}},""visualType"":""minimal"",""formats"":[""fraction"",""decimal"",""mixed""],""gapPosition"":""random""}}"
q_1764328354357_352,F01_Y4_FRAC,4,"Fractions, decimals and percentages","recognise, find, write, name and count fractions",4,text_input,What fraction is shaded?,14/100,14 out of 100 parts are shaded,,"{""description"":""Exceeding - extend beyond 1.00 (up to 2.00), complex sequences, word problems with hundredths"",""math"":{""fractions"":{""denominator"":100,""sequence"":{""numeratorRange"":{""min"":1,""max"":200},""directions"":[""forwards"",""backwards""],""startValues"":[0,25,50,75,100,125,150,175,200]}},""division"":{""wholeNumbers"":{""min"":100,""max"":2000},""divisor"":100},""tenthsRelation"":{""include"":true,""tenthsValues"":[1,2,3,4,5,6,7,8,9,10,11,12,13,14,15,16,17,18,19,20],""divideTenthsByTen"":true}},""presentation"":{""questionTypes"":{""options"":{""values"":[""count_hundredths"",""divide_by_100"",""name_hundredth"",""tenths_to_hundredths"",""divide_tenths"",""number_line"",""word_problem""],""select"":""one""}},""visualType"":""minimal"",""formats"":[""fraction"",""decimal"",""mixed""],""gapPosition"":""random""}}"
q_1764328354357_353,F01_Y4_FRAC,4,"Fractions, decimals and percentages","recognise, find, write, name and count fractions",4,text_input,What fraction is shaded?,16/100,16 out of 100 parts are shaded,,"{""description"":""Exceeding - extend beyond 1.00 (up to 2.00), complex sequences, word problems with hundredths"",""math"":{""fractions"":{""denominator"":100,""sequence"":{""numeratorRange"":{""min"":1,""max"":200},""directions"":[""forwards"",""backwards""],""startValues"":[0,25,50,75,100,125,150,175,200]}},""division"":{""wholeNumbers"":{""min"":100,""max"":2000},""divisor"":100},""tenthsRelation"":{""include"":true,""tenthsValues"":[1,2,3,4,5,6,7,8,9,10,11,12,13,14,15,16,17,18,19,20],""divideTenthsByTen"":true}},""presentation"":{""questionTypes"":{""options"":{""values"":[""count_hundredths"",""divide_by_100"",""name_hundredth"",""tenths_to_hundredths"",""divide_tenths"",""number_line"",""word_problem""],""select"":""one""}},""visualType"":""minimal"",""formats"":[""fraction"",""decimal"",""mixed""],""gapPosition"":""random""}}"
q_1764328354357_354,F01_Y4_FRAC,4,"Fractions, decimals and percentages","recognise, find, write, name and count fractions",4,text_input,What is 200 ÷ 100?,200/100,Dividing by 100 gives hundredths,,"{""description"":""Exceeding - extend beyond 1.00 (up to 2.00), complex sequences, word problems with hundredths"",""math"":{""fractions"":{""denominator"":100,""sequence"":{""numeratorRange"":{""min"":1,""max"":200},""directions"":[""forwards"",""backwards""],""startValues"":[0,25,50,75,100,125,150,175,200]}},""division"":{""wholeNumbers"":{""min"":100,""max"":2000},""divisor"":100},""tenthsRelation"":{""include"":true,""tenthsValues"":[1,2,3,4,5,6,7,8,9,10,11,12,13,14,15,16,17,18,19,20],""divideTenthsByTen"":true}},""presentation"":{""questionTypes"":{""options"":{""values"":[""count_hundredths"",""divide_by_100"",""name_hundredth"",""tenths_to_hundredths"",""divide_tenths"",""number_line"",""word_problem""],""select"":""one""}},""visualType"":""minimal"",""formats"":[""fraction"",""decimal"",""mixed""],""gapPosition"":""random""}}"
q_1764328354357_355,F01_Y4_FRAC,4,"Fractions, decimals and percentages","recognise, find, write, name and count fractions",4,text_input,What is 100 ÷ 100?,100/100,Dividing by 100 gives hundredths,,"{""description"":""Exceeding - extend beyond 1.00 (up to 2.00), complex sequences, word problems with hundredths"",""math"":{""fractions"":{""denominator"":100,""sequence"":{""numeratorRange"":{""min"":1,""max"":200},""directions"":[""forwards"",""backwards""],""startValues"":[0,25,50,75,100,125,150,175,200]}},""division"":{""wholeNumbers"":{""min"":100,""max"":2000},""divisor"":100},""tenthsRelation"":{""include"":true,""tenthsValues"":[1,2,3,4,5,6,7,8,9,10,11,12,13,14,15,16,17,18,19,20],""divideTenthsByTen"":true}},""presentation"":{""questionTypes"":{""options"":{""values"":[""count_hundredths"",""divide_by_100"",""name_hundredth"",""tenths_to_hundredths"",""divide_tenths"",""number_line"",""word_problem""],""select"":""one""}},""visualType"":""minimal"",""formats"":[""fraction"",""decimal"",""mixed""],""gapPosition"":""random""}}"
q_1764328354357_356,F01_Y4_FRAC,4,"Fractions, decimals and percentages","recognise, find, write, name and count fractions",4,text_input,What fraction is shaded?,13/100,13 out of 100 parts are shaded,,"{""description"":""Exceeding - extend beyond 1.00 (up to 2.00), complex sequences, word problems with hundredths"",""math"":{""fractions"":{""denominator"":100,""sequence"":{""numeratorRange"":{""min"":1,""max"":200},""directions"":[""forwards"",""backwards""],""startValues"":[0,25,50,75,100,125,150,175,200]}},""division"":{""wholeNumbers"":{""min"":100,""max"":2000},""divisor"":100},""tenthsRelation"":{""include"":true,""tenthsValues"":[1,2,3,4,5,6,7,8,9,10,11,12,13,14,15,16,17,18,19,20],""divideTenthsByTen"":true}},""presentation"":{""questionTypes"":{""options"":{""values"":[""count_hundredths"",""divide_by_100"",""name_hundredth"",""tenths_to_hundredths"",""divide_tenths"",""number_line"",""word_problem""],""select"":""one""}},""visualType"":""minimal"",""formats"":[""fraction"",""decimal"",""mixed""],""gapPosition"":""random""}}"
q_1764328354357_357,F01_Y4_FRAC,4,"Fractions, decimals and percentages","recognise, find, write, name and count fractions",4,text_input,"What is the missing number? 25/100, 24/100, 23/100, 22/100, __",21/100,The pattern counts backwards in hundredths,,"{""description"":""Exceeding - extend beyond 1.00 (up to 2.00), complex sequences, word problems with hundredths"",""math"":{""fractions"":{""denominator"":100,""sequence"":{""numeratorRange"":{""min"":1,""max"":200},""directions"":[""forwards"",""backwards""],""startValues"":[0,25,50,75,100,125,150,175,200]}},""division"":{""wholeNumbers"":{""min"":100,""max"":2000},""divisor"":100},""tenthsRelation"":{""include"":true,""tenthsValues"":[1,2,3,4,5,6,7,8,9,10,11,12,13,14,15,16,17,18,19,20],""divideTenthsByTen"":true}},""presentation"":{""questionTypes"":{""options"":{""values"":[""count_hundredths"",""divide_by_100"",""name_hundredth"",""tenths_to_hundredths"",""divide_tenths"",""number_line"",""word_problem""],""select"":""one""}},""visualType"":""minimal"",""formats"":[""fraction"",""decimal"",""mixed""],""gapPosition"":""random""}}"
q_1764328354357_358,F01_Y4_FRAC,4,"Fractions, decimals and percentages","recognise, find, write, name and count fractions",4,text_input,What is 900 ÷ 100?,900/100,Dividing by 100 gives hundredths,,"{""description"":""Exceeding - extend beyond 1.00 (up to 2.00), complex sequences, word problems with hundredths"",""math"":{""fractions"":{""denominator"":100,""sequence"":{""numeratorRange"":{""min"":1,""max"":200},""directions"":[""forwards"",""backwards""],""startValues"":[0,25,50,75,100,125,150,175,200]}},""division"":{""wholeNumbers"":{""min"":100,""max"":2000},""divisor"":100},""tenthsRelation"":{""include"":true,""tenthsValues"":[1,2,3,4,5,6,7,8,9,10,11,12,13,14,15,16,17,18,19,20],""divideTenthsByTen"":true}},""presentation"":{""questionTypes"":{""options"":{""values"":[""count_hundredths"",""divide_by_100"",""name_hundredth"",""tenths_to_hundredths"",""divide_tenths"",""number_line"",""word_problem""],""select"":""one""}},""visualType"":""minimal"",""formats"":[""fraction"",""decimal"",""mixed""],""gapPosition"":""random""}}"
q_1764328354357_359,F01_Y4_FRAC,4,"Fractions, decimals and percentages","recognise, find, write, name and count fractions",4,text_input,What is 1.4 ÷ 10?,14/100,Dividing tenths by 10 gives hundredths,,"{""description"":""Exceeding - extend beyond 1.00 (up to 2.00), complex sequences, word problems with hundredths"",""math"":{""fractions"":{""denominator"":100,""sequence"":{""numeratorRange"":{""min"":1,""max"":200},""directions"":[""forwards"",""backwards""],""startValues"":[0,25,50,75,100,125,150,175,200]}},""division"":{""wholeNumbers"":{""min"":100,""max"":2000},""divisor"":100},""tenthsRelation"":{""include"":true,""tenthsValues"":[1,2,3,4,5,6,7,8,9,10,11,12,13,14,15,16,17,18,19,20],""divideTenthsByTen"":true}},""presentation"":{""questionTypes"":{""options"":{""values"":[""count_hundredths"",""divide_by_100"",""name_hundredth"",""tenths_to_hundredths"",""divide_tenths"",""number_line"",""word_problem""],""select"":""one""}},""visualType"":""minimal"",""formats"":[""fraction"",""decimal"",""mixed""],""gapPosition"":""random""}}"
q_1764328354358_360,M01_Y4_MEAS,1,Measurement,"Compare, describe and order measures",4,multiple_choice,Which is greater: £7.94 or £5.06?,£7.94,Convert both measurements to the same unit and compare,"[""£7.94"",""£5.06""]","{""description"":""Beginning - Compare measures in the same unit. Simple comparisons with clear differences (e.g., 500g vs 300g, £2.50 vs £1.75). Focus on two values only."",""math"":{""types"":[""length"",""mass"",""capacity"",""money""],""units"":{""length"":[""m"",""cm""],""mass"":[""kg"",""g""],""capacity"":[""l"",""ml""],""money"":[""pounds_decimal""]},""ranges"":{""m"":{""min"":1,""max"":10},""cm"":{""min"":10,""max"":100},""kg"":{""min"":1,""max"":10},""g"":{""min"":100,""max"":1000},""l"":{""min"":1,""max"":5},""ml"":{""min"":100,""max"":1000},""pounds"":{""min"":1,""max"":10}},""comparisonType"":""same_unit"",""orderCount"":2},""presentation"":{""questionTypes"":[""which_greater"",""which_smaller""],""visualType"":""text_only"",""showUnits"":true}}"
q_1764328354358_361,M01_Y4_MEAS,1,Measurement,"Compare, describe and order measures",4,multiple_choice,Which is greater: £1.88 or £4.40?,£4.40,Convert both measurements to the same unit and compare,"[""£1.88"",""£4.40""]","{""description"":""Beginning - Compare measures in the same unit. Simple comparisons with clear differences (e.g., 500g vs 300g, £2.50 vs £1.75). Focus on two values only."",""math"":{""types"":[""length"",""mass"",""capacity"",""money""],""units"":{""length"":[""m"",""cm""],""mass"":[""kg"",""g""],""capacity"":[""l"",""ml""],""money"":[""pounds_decimal""]},""ranges"":{""m"":{""min"":1,""max"":10},""cm"":{""min"":10,""max"":100},""kg"":{""min"":1,""max"":10},""g"":{""min"":100,""max"":1000},""l"":{""min"":1,""max"":5},""ml"":{""min"":100,""max"":1000},""pounds"":{""min"":1,""max"":10}},""comparisonType"":""same_unit"",""orderCount"":2},""presentation"":{""questionTypes"":[""which_greater"",""which_smaller""],""visualType"":""text_only"",""showUnits"":true}}"
q_1764328354358_362,M01_Y4_MEAS,1,Measurement,"Compare, describe and order measures",4,multiple_choice,Which is smaller: £7.51 or £4.48?,£4.48,Convert both measurements to the same unit and compare,"[""£7.51"",""£4.48""]","{""description"":""Beginning - Compare measures in the same unit. Simple comparisons with clear differences (e.g., 500g vs 300g, £2.50 vs £1.75). Focus on two values only."",""math"":{""types"":[""length"",""mass"",""capacity"",""money""],""units"":{""length"":[""m"",""cm""],""mass"":[""kg"",""g""],""capacity"":[""l"",""ml""],""money"":[""pounds_decimal""]},""ranges"":{""m"":{""min"":1,""max"":10},""cm"":{""min"":10,""max"":100},""kg"":{""min"":1,""max"":10},""g"":{""min"":100,""max"":1000},""l"":{""min"":1,""max"":5},""ml"":{""min"":100,""max"":1000},""pounds"":{""min"":1,""max"":10}},""comparisonType"":""same_unit"",""orderCount"":2},""presentation"":{""questionTypes"":[""which_greater"",""which_smaller""],""visualType"":""text_only"",""showUnits"":true}}"
q_1764328354358_363,M01_Y4_MEAS,1,Measurement,"Compare, describe and order measures",4,multiple_choice,Which is smaller: 4m or 5m?,4m,Convert both measurements to the same unit and compare,"[""4m"",""5m""]","{""description"":""Beginning - Compare measures in the same unit. Simple comparisons with clear differences (e.g., 500g vs 300g, £2.50 vs £1.75). Focus on two values only."",""math"":{""types"":[""length"",""mass"",""capacity"",""money""],""units"":{""length"":[""m"",""cm""],""mass"":[""kg"",""g""],""capacity"":[""l"",""ml""],""money"":[""pounds_decimal""]},""ranges"":{""m"":{""min"":1,""max"":10},""cm"":{""min"":10,""max"":100},""kg"":{""min"":1,""max"":10},""g"":{""min"":100,""max"":1000},""l"":{""min"":1,""max"":5},""ml"":{""min"":100,""max"":1000},""pounds"":{""min"":1,""max"":10}},""comparisonType"":""same_unit"",""orderCount"":2},""presentation"":{""questionTypes"":[""which_greater"",""which_smaller""],""visualType"":""text_only"",""showUnits"":true}}"
q_1764328354358_364,M01_Y4_MEAS,1,Measurement,"Compare, describe and order measures",4,multiple_choice,Which is greater: 23cm or 60cm?,60cm,Convert both measurements to the same unit and compare,"[""23cm"",""60cm""]","{""description"":""Beginning - Compare measures in the same unit. Simple comparisons with clear differences (e.g., 500g vs 300g, £2.50 vs £1.75). Focus on two values only."",""math"":{""types"":[""length"",""mass"",""capacity"",""money""],""units"":{""length"":[""m"",""cm""],""mass"":[""kg"",""g""],""capacity"":[""l"",""ml""],""money"":[""pounds_decimal""]},""ranges"":{""m"":{""min"":1,""max"":10},""cm"":{""min"":10,""max"":100},""kg"":{""min"":1,""max"":10},""g"":{""min"":100,""max"":1000},""l"":{""min"":1,""max"":5},""ml"":{""min"":100,""max"":1000},""pounds"":{""min"":1,""max"":10}},""comparisonType"":""same_unit"",""orderCount"":2},""presentation"":{""questionTypes"":[""which_greater"",""which_smaller""],""visualType"":""text_only"",""showUnits"":true}}"
q_1764328354358_365,M01_Y4_MEAS,1,Measurement,"Compare, describe and order measures",4,multiple_choice,Which is smaller: £2.26 or £1.08?,£1.08,Convert both measurements to the same unit and compare,"[""£2.26"",""£1.08""]","{""description"":""Beginning - Compare measures in the same unit. Simple comparisons with clear differences (e.g., 500g vs 300g, £2.50 vs £1.75). Focus on two values only."",""math"":{""types"":[""length"",""mass"",""capacity"",""money""],""units"":{""length"":[""m"",""cm""],""mass"":[""kg"",""g""],""capacity"":[""l"",""ml""],""money"":[""pounds_decimal""]},""ranges"":{""m"":{""min"":1,""max"":10},""cm"":{""min"":10,""max"":100},""kg"":{""min"":1,""max"":10},""g"":{""min"":100,""max"":1000},""l"":{""min"":1,""max"":5},""ml"":{""min"":100,""max"":1000},""pounds"":{""min"":1,""max"":10}},""comparisonType"":""same_unit"",""orderCount"":2},""presentation"":{""questionTypes"":[""which_greater"",""which_smaller""],""visualType"":""text_only"",""showUnits"":true}}"
q_1764328354358_366,M01_Y4_MEAS,1,Measurement,"Compare, describe and order measures",4,multiple_choice,Which is smaller: 4m or 6m?,4m,Convert both measurements to the same unit and compare,"[""4m"",""6m""]","{""description"":""Beginning - Compare measures in the same unit. Simple comparisons with clear differences (e.g., 500g vs 300g, £2.50 vs £1.75). Focus on two values only."",""math"":{""types"":[""length"",""mass"",""capacity"",""money""],""units"":{""length"":[""m"",""cm""],""mass"":[""kg"",""g""],""capacity"":[""l"",""ml""],""money"":[""pounds_decimal""]},""ranges"":{""m"":{""min"":1,""max"":10},""cm"":{""min"":10,""max"":100},""kg"":{""min"":1,""max"":10},""g"":{""min"":100,""max"":1000},""l"":{""min"":1,""max"":5},""ml"":{""min"":100,""max"":1000},""pounds"":{""min"":1,""max"":10}},""comparisonType"":""same_unit"",""orderCount"":2},""presentation"":{""questionTypes"":[""which_greater"",""which_smaller""],""visualType"":""text_only"",""showUnits"":true}}"
q_1764328354358_367,M01_Y4_MEAS,1,Measurement,"Compare, describe and order measures",4,multiple_choice,Which is greater: 2l or 5l?,5l,Convert both measurements to the same unit and compare,"[""2l"",""5l""]","{""description"":""Beginning - Compare measures in the same unit. Simple comparisons with clear differences (e.g., 500g vs 300g, £2.50 vs £1.75). Focus on two values only."",""math"":{""types"":[""length"",""mass"",""capacity"",""money""],""units"":{""length"":[""m"",""cm""],""mass"":[""kg"",""g""],""capacity"":[""l"",""ml""],""money"":[""pounds_decimal""]},""ranges"":{""m"":{""min"":1,""max"":10},""cm"":{""min"":10,""max"":100},""kg"":{""min"":1,""max"":10},""g"":{""min"":100,""max"":1000},""l"":{""min"":1,""max"":5},""ml"":{""min"":100,""max"":1000},""pounds"":{""min"":1,""max"":10}},""comparisonType"":""same_unit"",""orderCount"":2},""presentation"":{""questionTypes"":[""which_greater"",""which_smaller""],""visualType"":""text_only"",""showUnits"":true}}"
q_1764328354358_368,M01_Y4_MEAS,1,Measurement,"Compare, describe and order measures",4,multiple_choice,Which is greater: 769g or 100g?,769g,Convert both measurements to the same unit and compare,"[""769g"",""100g""]","{""description"":""Beginning - Compare measures in the same unit. Simple comparisons with clear differences (e.g., 500g vs 300g, £2.50 vs £1.75). Focus on two values only."",""math"":{""types"":[""length"",""mass"",""capacity"",""money""],""units"":{""length"":[""m"",""cm""],""mass"":[""kg"",""g""],""capacity"":[""l"",""ml""],""money"":[""pounds_decimal""]},""ranges"":{""m"":{""min"":1,""max"":10},""cm"":{""min"":10,""max"":100},""kg"":{""min"":1,""max"":10},""g"":{""min"":100,""max"":1000},""l"":{""min"":1,""max"":5},""ml"":{""min"":100,""max"":1000},""pounds"":{""min"":1,""max"":10}},""comparisonType"":""same_unit"",""orderCount"":2},""presentation"":{""questionTypes"":[""which_greater"",""which_smaller""],""visualType"":""text_only"",""showUnits"":true}}"
q_1764328354358_369,M01_Y4_MEAS,1,Measurement,"Compare, describe and order measures",4,multiple_choice,Which is greater: 105g or 545g?,545g,Convert both measurements to the same unit and compare,"[""105g"",""545g""]","{""description"":""Beginning - Compare measures in the same unit. Simple comparisons with clear differences (e.g., 500g vs 300g, £2.50 vs £1.75). Focus on two values only."",""math"":{""types"":[""length"",""mass"",""capacity"",""money""],""units"":{""length"":[""m"",""cm""],""mass"":[""kg"",""g""],""capacity"":[""l"",""ml""],""money"":[""pounds_decimal""]},""ranges"":{""m"":{""min"":1,""max"":10},""cm"":{""min"":10,""max"":100},""kg"":{""min"":1,""max"":10},""g"":{""min"":100,""max"":1000},""l"":{""min"":1,""max"":5},""ml"":{""min"":100,""max"":1000},""pounds"":{""min"":1,""max"":10}},""comparisonType"":""same_unit"",""orderCount"":2},""presentation"":{""questionTypes"":[""which_greater"",""which_smaller""],""visualType"":""text_only"",""showUnits"":true}}"
q_1764328354359_370,M01_Y4_MEAS,2,Measurement,"Compare, describe and order measures",4,multiple_choice,Which is greater: £12.40 or 111p?,£12.40,Convert both measurements to the same unit and compare,"[""£12.40"",""111p""]","{""description"":""Developing - Compare with simple conversions (e.g., 1kg vs 800g, 100p vs £1.50). Include mixed unit comparisons with obvious answers. Order 2-3 items."",""math"":{""types"":[""length"",""mass"",""capacity"",""money""],""units"":{""length"":[""m"",""cm"",""km""],""mass"":[""kg"",""g""],""capacity"":[""l"",""ml""],""money"":[""pounds_decimal"",""pence""]},""ranges"":{""km"":{""min"":1,""max"":5},""m"":{""min"":1,""max"":100},""cm"":{""min"":50,""max"":500},""kg"":{""min"":1,""max"":10},""g"":{""min"":500,""max"":2000},""l"":{""min"":1,""max"":10},""ml"":{""min"":500,""max"":3000},""pounds"":{""min"":1,""max"":20},""pence"":{""min"":50,""max"":500}},""comparisonType"":""simple_conversion"",""orderCount"":3},""presentation"":{""questionTypes"":[""which_greater"",""which_smaller"",""order_ascending""],""visualType"":""text_only"",""showUnits"":true}}"
q_1764328354359_371,M01_Y4_MEAS,2,Measurement,"Compare, describe and order measures",4,text_input,"Order these measurements from smallest to largest: 251cm, 261cm, 5m","251cm, 261cm, 5m","Convert all measurements to the same unit first, then order them",,"{""description"":""Developing - Compare with simple conversions (e.g., 1kg vs 800g, 100p vs £1.50). Include mixed unit comparisons with obvious answers. Order 2-3 items."",""math"":{""types"":[""length"",""mass"",""capacity"",""money""],""units"":{""length"":[""m"",""cm"",""km""],""mass"":[""kg"",""g""],""capacity"":[""l"",""ml""],""money"":[""pounds_decimal"",""pence""]},""ranges"":{""km"":{""min"":1,""max"":5},""m"":{""min"":1,""max"":100},""cm"":{""min"":50,""max"":500},""kg"":{""min"":1,""max"":10},""g"":{""min"":500,""max"":2000},""l"":{""min"":1,""max"":10},""ml"":{""min"":500,""max"":3000},""pounds"":{""min"":1,""max"":20},""pence"":{""min"":50,""max"":500}},""comparisonType"":""simple_conversion"",""orderCount"":3},""presentation"":{""questionTypes"":[""which_greater"",""which_smaller"",""order_ascending""],""visualType"":""text_only"",""showUnits"":true}}"
q_1764328354359_372,M01_Y4_MEAS,2,Measurement,"Compare, describe and order measures",4,multiple_choice,Which is smaller: 2km or 39m?,39m,Convert both measurements to the same unit and compare,"[""2km"",""39m""]","{""description"":""Developing - Compare with simple conversions (e.g., 1kg vs 800g, 100p vs £1.50). Include mixed unit comparisons with obvious answers. Order 2-3 items."",""math"":{""types"":[""length"",""mass"",""capacity"",""money""],""units"":{""length"":[""m"",""cm"",""km""],""mass"":[""kg"",""g""],""capacity"":[""l"",""ml""],""money"":[""pounds_decimal"",""pence""]},""ranges"":{""km"":{""min"":1,""max"":5},""m"":{""min"":1,""max"":100},""cm"":{""min"":50,""max"":500},""kg"":{""min"":1,""max"":10},""g"":{""min"":500,""max"":2000},""l"":{""min"":1,""max"":10},""ml"":{""min"":500,""max"":3000},""pounds"":{""min"":1,""max"":20},""pence"":{""min"":50,""max"":500}},""comparisonType"":""simple_conversion"",""orderCount"":3},""presentation"":{""questionTypes"":[""which_greater"",""which_smaller"",""order_ascending""],""visualType"":""text_only"",""showUnits"":true}}"
q_1764328354359_373,M01_Y4_MEAS,2,Measurement,"Compare, describe and order measures",4,text_input,"Order these measurements from smallest to largest: 350cm, 8m, 173cm","173cm, 350cm, 8m","Convert all measurements to the same unit first, then order them",,"{""description"":""Developing - Compare with simple conversions (e.g., 1kg vs 800g, 100p vs £1.50). Include mixed unit comparisons with obvious answers. Order 2-3 items."",""math"":{""types"":[""length"",""mass"",""capacity"",""money""],""units"":{""length"":[""m"",""cm"",""km""],""mass"":[""kg"",""g""],""capacity"":[""l"",""ml""],""money"":[""pounds_decimal"",""pence""]},""ranges"":{""km"":{""min"":1,""max"":5},""m"":{""min"":1,""max"":100},""cm"":{""min"":50,""max"":500},""kg"":{""min"":1,""max"":10},""g"":{""min"":500,""max"":2000},""l"":{""min"":1,""max"":10},""ml"":{""min"":500,""max"":3000},""pounds"":{""min"":1,""max"":20},""pence"":{""min"":50,""max"":500}},""comparisonType"":""simple_conversion"",""orderCount"":3},""presentation"":{""questionTypes"":[""which_greater"",""which_smaller"",""order_ascending""],""visualType"":""text_only"",""showUnits"":true}}"
q_1764328354359_374,M01_Y4_MEAS,2,Measurement,"Compare, describe and order measures",4,text_input,"Order these measurements from smallest to largest: 610ml, 3l, 2715ml","610ml, 2715ml, 3l","Convert all measurements to the same unit first, then order them",,"{""description"":""Developing - Compare with simple conversions (e.g., 1kg vs 800g, 100p vs £1.50). Include mixed unit comparisons with obvious answers. Order 2-3 items."",""math"":{""types"":[""length"",""mass"",""capacity"",""money""],""units"":{""length"":[""m"",""cm"",""km""],""mass"":[""kg"",""g""],""capacity"":[""l"",""ml""],""money"":[""pounds_decimal"",""pence""]},""ranges"":{""km"":{""min"":1,""max"":5},""m"":{""min"":1,""max"":100},""cm"":{""min"":50,""max"":500},""kg"":{""min"":1,""max"":10},""g"":{""min"":500,""max"":2000},""l"":{""min"":1,""max"":10},""ml"":{""min"":500,""max"":3000},""pounds"":{""min"":1,""max"":20},""pence"":{""min"":50,""max"":500}},""comparisonType"":""simple_conversion"",""orderCount"":3},""presentation"":{""questionTypes"":[""which_greater"",""which_smaller"",""order_ascending""],""visualType"":""text_only"",""showUnits"":true}}"
q_1764328354359_375,M01_Y4_MEAS,2,Measurement,"Compare, describe and order measures",4,multiple_choice,Which is greater: 22m or 496cm?,22m,Convert both measurements to the same unit and compare,"[""22m"",""496cm""]","{""description"":""Developing - Compare with simple conversions (e.g., 1kg vs 800g, 100p vs £1.50). Include mixed unit comparisons with obvious answers. Order 2-3 items."",""math"":{""types"":[""length"",""mass"",""capacity"",""money""],""units"":{""length"":[""m"",""cm"",""km""],""mass"":[""kg"",""g""],""capacity"":[""l"",""ml""],""money"":[""pounds_decimal"",""pence""]},""ranges"":{""km"":{""min"":1,""max"":5},""m"":{""min"":1,""max"":100},""cm"":{""min"":50,""max"":500},""kg"":{""min"":1,""max"":10},""g"":{""min"":500,""max"":2000},""l"":{""min"":1,""max"":10},""ml"":{""min"":500,""max"":3000},""pounds"":{""min"":1,""max"":20},""pence"":{""min"":50,""max"":500}},""comparisonType"":""simple_conversion"",""orderCount"":3},""presentation"":{""questionTypes"":[""which_greater"",""which_smaller"",""order_ascending""],""visualType"":""text_only"",""showUnits"":true}}"
q_1764328354359_376,M01_Y4_MEAS,2,Measurement,"Compare, describe and order measures",4,text_input,"Order these measurements from smallest to largest: 9l, 2481ml, 2139ml","2139ml, 2481ml, 9l","Convert all measurements to the same unit first, then order them",,"{""description"":""Developing - Compare with simple conversions (e.g., 1kg vs 800g, 100p vs £1.50). Include mixed unit comparisons with obvious answers. Order 2-3 items."",""math"":{""types"":[""length"",""mass"",""capacity"",""money""],""units"":{""length"":[""m"",""cm"",""km""],""mass"":[""kg"",""g""],""capacity"":[""l"",""ml""],""money"":[""pounds_decimal"",""pence""]},""ranges"":{""km"":{""min"":1,""max"":5},""m"":{""min"":1,""max"":100},""cm"":{""min"":50,""max"":500},""kg"":{""min"":1,""max"":10},""g"":{""min"":500,""max"":2000},""l"":{""min"":1,""max"":10},""ml"":{""min"":500,""max"":3000},""pounds"":{""min"":1,""max"":20},""pence"":{""min"":50,""max"":500}},""comparisonType"":""simple_conversion"",""orderCount"":3},""presentation"":{""questionTypes"":[""which_greater"",""which_smaller"",""order_ascending""],""visualType"":""text_only"",""showUnits"":true}}"
q_1764328354359_377,M01_Y4_MEAS,2,Measurement,"Compare, describe and order measures",4,multiple_choice,Which is smaller: 47m or 344cm?,344cm,Convert both measurements to the same unit and compare,"[""47m"",""344cm""]","{""description"":""Developing - Compare with simple conversions (e.g., 1kg vs 800g, 100p vs £1.50). Include mixed unit comparisons with obvious answers. Order 2-3 items."",""math"":{""types"":[""length"",""mass"",""capacity"",""money""],""units"":{""length"":[""m"",""cm"",""km""],""mass"":[""kg"",""g""],""capacity"":[""l"",""ml""],""money"":[""pounds_decimal"",""pence""]},""ranges"":{""km"":{""min"":1,""max"":5},""m"":{""min"":1,""max"":100},""cm"":{""min"":50,""max"":500},""kg"":{""min"":1,""max"":10},""g"":{""min"":500,""max"":2000},""l"":{""min"":1,""max"":10},""ml"":{""min"":500,""max"":3000},""pounds"":{""min"":1,""max"":20},""pence"":{""min"":50,""max"":500}},""comparisonType"":""simple_conversion"",""orderCount"":3},""presentation"":{""questionTypes"":[""which_greater"",""which_smaller"",""order_ascending""],""visualType"":""text_only"",""showUnits"":true}}"
q_1764328354359_378,M01_Y4_MEAS,2,Measurement,"Compare, describe and order measures",4,multiple_choice,Which is greater: 8l or 2785ml?,8l,Convert both measurements to the same unit and compare,"[""8l"",""2785ml""]","{""description"":""Developing - Compare with simple conversions (e.g., 1kg vs 800g, 100p vs £1.50). Include mixed unit comparisons with obvious answers. Order 2-3 items."",""math"":{""types"":[""length"",""mass"",""capacity"",""money""],""units"":{""length"":[""m"",""cm"",""km""],""mass"":[""kg"",""g""],""capacity"":[""l"",""ml""],""money"":[""pounds_decimal"",""pence""]},""ranges"":{""km"":{""min"":1,""max"":5},""m"":{""min"":1,""max"":100},""cm"":{""min"":50,""max"":500},""kg"":{""min"":1,""max"":10},""g"":{""min"":500,""max"":2000},""l"":{""min"":1,""max"":10},""ml"":{""min"":500,""max"":3000},""pounds"":{""min"":1,""max"":20},""pence"":{""min"":50,""max"":500}},""comparisonType"":""simple_conversion"",""orderCount"":3},""presentation"":{""questionTypes"":[""which_greater"",""which_smaller"",""order_ascending""],""visualType"":""text_only"",""showUnits"":true}}"
q_1764328354359_379,M01_Y4_MEAS,2,Measurement,"Compare, describe and order measures",4,multiple_choice,Which is greater: £19.64 or 468p?,£19.64,Convert both measurements to the same unit and compare,"[""£19.64"",""468p""]","{""description"":""Developing - Compare with simple conversions (e.g., 1kg vs 800g, 100p vs £1.50). Include mixed unit comparisons with obvious answers. Order 2-3 items."",""math"":{""types"":[""length"",""mass"",""capacity"",""money""],""units"":{""length"":[""m"",""cm"",""km""],""mass"":[""kg"",""g""],""capacity"":[""l"",""ml""],""money"":[""pounds_decimal"",""pence""]},""ranges"":{""km"":{""min"":1,""max"":5},""m"":{""min"":1,""max"":100},""cm"":{""min"":50,""max"":500},""kg"":{""min"":1,""max"":10},""g"":{""min"":500,""max"":2000},""l"":{""min"":1,""max"":10},""ml"":{""min"":500,""max"":3000},""pounds"":{""min"":1,""max"":20},""pence"":{""min"":50,""max"":500}},""comparisonType"":""simple_conversion"",""orderCount"":3},""presentation"":{""questionTypes"":[""which_greater"",""which_smaller"",""order_ascending""],""visualType"":""text_only"",""showUnits"":true}}"
q_1764328354359_380,M01_Y4_MEAS,3,Measurement,"Compare, describe and order measures",4,multiple_choice,Are these measurements equal? 1km and 776cm,no,Convert both measurements to the same unit to check if they are equal,"[""yes"",""no""]","{""description"":""Meeting - Full curriculum: compare mixed units and money notation (e.g., 2m 50cm vs 240cm, £4.20 vs 450p). Order 3 items with mixed representations."",""math"":{""types"":[""length"",""mass"",""capacity"",""money""],""units"":{""length"":[""m"",""cm"",""mm"",""km"",""mixed_m_cm""],""mass"":[""kg"",""g"",""mixed_kg_g""],""capacity"":[""l"",""ml"",""mixed_l_ml""],""money"":[""pounds_decimal"",""pence"",""mixed_pounds_pence""]},""ranges"":{""km"":{""min"":1,""max"":10},""m"":{""min"":1,""max"":500},""cm"":{""min"":10,""max"":999},""mm"":{""min"":10,""max"":500},""kg"":{""min"":1,""max"":20},""g"":{""min"":100,""max"":5000},""l"":{""min"":1,""max"":20},""ml"":{""min"":100,""max"":5000},""pounds"":{""min"":1,""max"":50},""pence"":{""min"":50,""max"":999}},""comparisonType"":""mixed_notation"",""orderCount"":3},""presentation"":{""questionTypes"":[""which_greater"",""which_smaller"",""order_ascending"",""are_equal""],""visualType"":""text_only"",""showUnits"":true}}"
q_1764328354359_381,M01_Y4_MEAS,3,Measurement,"Compare, describe and order measures",4,multiple_choice,Which is smaller: 58cm or 878cm?,58cm,Convert both measurements to the same unit and compare,"[""58cm"",""878cm""]","{""description"":""Meeting - Full curriculum: compare mixed units and money notation (e.g., 2m 50cm vs 240cm, £4.20 vs 450p). Order 3 items with mixed representations."",""math"":{""types"":[""length"",""mass"",""capacity"",""money""],""units"":{""length"":[""m"",""cm"",""mm"",""km"",""mixed_m_cm""],""mass"":[""kg"",""g"",""mixed_kg_g""],""capacity"":[""l"",""ml"",""mixed_l_ml""],""money"":[""pounds_decimal"",""pence"",""mixed_pounds_pence""]},""ranges"":{""km"":{""min"":1,""max"":10},""m"":{""min"":1,""max"":500},""cm"":{""min"":10,""max"":999},""mm"":{""min"":10,""max"":500},""kg"":{""min"":1,""max"":20},""g"":{""min"":100,""max"":5000},""l"":{""min"":1,""max"":20},""ml"":{""min"":100,""max"":5000},""pounds"":{""min"":1,""max"":50},""pence"":{""min"":50,""max"":999}},""comparisonType"":""mixed_notation"",""orderCount"":3},""presentation"":{""questionTypes"":[""which_greater"",""which_smaller"",""order_ascending"",""are_equal""],""visualType"":""text_only"",""showUnits"":true}}"
q_1764328354359_382,M01_Y4_MEAS,3,Measurement,"Compare, describe and order measures",4,text_input,"Order these measurements from smallest to largest: 3kg 709g, 17kg, 1018g","1018g, 3kg 709g, 17kg","Convert all measurements to the same unit first, then order them",,"{""description"":""Meeting - Full curriculum: compare mixed units and money notation (e.g., 2m 50cm vs 240cm, £4.20 vs 450p). Order 3 items with mixed representations."",""math"":{""types"":[""length"",""mass"",""capacity"",""money""],""units"":{""length"":[""m"",""cm"",""mm"",""km"",""mixed_m_cm""],""mass"":[""kg"",""g"",""mixed_kg_g""],""capacity"":[""l"",""ml"",""mixed_l_ml""],""money"":[""pounds_decimal"",""pence"",""mixed_pounds_pence""]},""ranges"":{""km"":{""min"":1,""max"":10},""m"":{""min"":1,""max"":500},""cm"":{""min"":10,""max"":999},""mm"":{""min"":10,""max"":500},""kg"":{""min"":1,""max"":20},""g"":{""min"":100,""max"":5000},""l"":{""min"":1,""max"":20},""ml"":{""min"":100,""max"":5000},""pounds"":{""min"":1,""max"":50},""pence"":{""min"":50,""max"":999}},""comparisonType"":""mixed_notation"",""orderCount"":3},""presentation"":{""questionTypes"":[""which_greater"",""which_smaller"",""order_ascending"",""are_equal""],""visualType"":""text_only"",""showUnits"":true}}"
q_1764328354359_383,M01_Y4_MEAS,3,Measurement,"Compare, describe and order measures",4,multiple_choice,Which is smaller: 645p or £1 39p?,£1 39p,Convert both measurements to the same unit and compare,"[""645p"",""£1 39p""]","{""description"":""Meeting - Full curriculum: compare mixed units and money notation (e.g., 2m 50cm vs 240cm, £4.20 vs 450p). Order 3 items with mixed representations."",""math"":{""types"":[""length"",""mass"",""capacity"",""money""],""units"":{""length"":[""m"",""cm"",""mm"",""km"",""mixed_m_cm""],""mass"":[""kg"",""g"",""mixed_kg_g""],""capacity"":[""l"",""ml"",""mixed_l_ml""],""money"":[""pounds_decimal"",""pence"",""mixed_pounds_pence""]},""ranges"":{""km"":{""min"":1,""max"":10},""m"":{""min"":1,""max"":500},""cm"":{""min"":10,""max"":999},""mm"":{""min"":10,""max"":500},""kg"":{""min"":1,""max"":20},""g"":{""min"":100,""max"":5000},""l"":{""min"":1,""max"":20},""ml"":{""min"":100,""max"":5000},""pounds"":{""min"":1,""max"":50},""pence"":{""min"":50,""max"":999}},""comparisonType"":""mixed_notation"",""orderCount"":3},""presentation"":{""questionTypes"":[""which_greater"",""which_smaller"",""order_ascending"",""are_equal""],""visualType"":""text_only"",""showUnits"":true}}"
q_1764328354359_384,M01_Y4_MEAS,3,Measurement,"Compare, describe and order measures",4,multiple_choice,Which is greater: £23.99 or £6 96p?,£23.99,Convert both measurements to the same unit and compare,"[""£23.99"",""£6 96p""]","{""description"":""Meeting - Full curriculum: compare mixed units and money notation (e.g., 2m 50cm vs 240cm, £4.20 vs 450p). Order 3 items with mixed representations."",""math"":{""types"":[""length"",""mass"",""capacity"",""money""],""units"":{""length"":[""m"",""cm"",""mm"",""km"",""mixed_m_cm""],""mass"":[""kg"",""g"",""mixed_kg_g""],""capacity"":[""l"",""ml"",""mixed_l_ml""],""money"":[""pounds_decimal"",""pence"",""mixed_pounds_pence""]},""ranges"":{""km"":{""min"":1,""max"":10},""m"":{""min"":1,""max"":500},""cm"":{""min"":10,""max"":999},""mm"":{""min"":10,""max"":500},""kg"":{""min"":1,""max"":20},""g"":{""min"":100,""max"":5000},""l"":{""min"":1,""max"":20},""ml"":{""min"":100,""max"":5000},""pounds"":{""min"":1,""max"":50},""pence"":{""min"":50,""max"":999}},""comparisonType"":""mixed_notation"",""orderCount"":3},""presentation"":{""questionTypes"":[""which_greater"",""which_smaller"",""order_ascending"",""are_equal""],""visualType"":""text_only"",""showUnits"":true}}"
q_1764328354360_385,M01_Y4_MEAS,3,Measurement,"Compare, describe and order measures",4,multiple_choice,Which is smaller: 2539g or 4192g?,2539g,Convert both measurements to the same unit and compare,"[""2539g"",""4192g""]","{""description"":""Meeting - Full curriculum: compare mixed units and money notation (e.g., 2m 50cm vs 240cm, £4.20 vs 450p). Order 3 items with mixed representations."",""math"":{""types"":[""length"",""mass"",""capacity"",""money""],""units"":{""length"":[""m"",""cm"",""mm"",""km"",""mixed_m_cm""],""mass"":[""kg"",""g"",""mixed_kg_g""],""capacity"":[""l"",""ml"",""mixed_l_ml""],""money"":[""pounds_decimal"",""pence"",""mixed_pounds_pence""]},""ranges"":{""km"":{""min"":1,""max"":10},""m"":{""min"":1,""max"":500},""cm"":{""min"":10,""max"":999},""mm"":{""min"":10,""max"":500},""kg"":{""min"":1,""max"":20},""g"":{""min"":100,""max"":5000},""l"":{""min"":1,""max"":20},""ml"":{""min"":100,""max"":5000},""pounds"":{""min"":1,""max"":50},""pence"":{""min"":50,""max"":999}},""comparisonType"":""mixed_notation"",""orderCount"":3},""presentation"":{""questionTypes"":[""which_greater"",""which_smaller"",""order_ascending"",""are_equal""],""visualType"":""text_only"",""showUnits"":true}}"
q_1764328354360_386,M01_Y4_MEAS,3,Measurement,"Compare, describe and order measures",4,multiple_choice,Which is greater: 13l or 2l 630ml?,13l,Convert both measurements to the same unit and compare,"[""13l"",""2l 630ml""]","{""description"":""Meeting - Full curriculum: compare mixed units and money notation (e.g., 2m 50cm vs 240cm, £4.20 vs 450p). Order 3 items with mixed representations."",""math"":{""types"":[""length"",""mass"",""capacity"",""money""],""units"":{""length"":[""m"",""cm"",""mm"",""km"",""mixed_m_cm""],""mass"":[""kg"",""g"",""mixed_kg_g""],""capacity"":[""l"",""ml"",""mixed_l_ml""],""money"":[""pounds_decimal"",""pence"",""mixed_pounds_pence""]},""ranges"":{""km"":{""min"":1,""max"":10},""m"":{""min"":1,""max"":500},""cm"":{""min"":10,""max"":999},""mm"":{""min"":10,""max"":500},""kg"":{""min"":1,""max"":20},""g"":{""min"":100,""max"":5000},""l"":{""min"":1,""max"":20},""ml"":{""min"":100,""max"":5000},""pounds"":{""min"":1,""max"":50},""pence"":{""min"":50,""max"":999}},""comparisonType"":""mixed_notation"",""orderCount"":3},""presentation"":{""questionTypes"":[""which_greater"",""which_smaller"",""order_ascending"",""are_equal""],""visualType"":""text_only"",""showUnits"":true}}"
q_1764328354360_387,M01_Y4_MEAS,3,Measurement,"Compare, describe and order measures",4,multiple_choice,Which is greater: 2m 52cm or 6km?,6km,Convert both measurements to the same unit and compare,"[""2m 52cm"",""6km""]","{""description"":""Meeting - Full curriculum: compare mixed units and money notation (e.g., 2m 50cm vs 240cm, £4.20 vs 450p). Order 3 items with mixed representations."",""math"":{""types"":[""length"",""mass"",""capacity"",""money""],""units"":{""length"":[""m"",""cm"",""mm"",""km"",""mixed_m_cm""],""mass"":[""kg"",""g"",""mixed_kg_g""],""capacity"":[""l"",""ml"",""mixed_l_ml""],""money"":[""pounds_decimal"",""pence"",""mixed_pounds_pence""]},""ranges"":{""km"":{""min"":1,""max"":10},""m"":{""min"":1,""max"":500},""cm"":{""min"":10,""max"":999},""mm"":{""min"":10,""max"":500},""kg"":{""min"":1,""max"":20},""g"":{""min"":100,""max"":5000},""l"":{""min"":1,""max"":20},""ml"":{""min"":100,""max"":5000},""pounds"":{""min"":1,""max"":50},""pence"":{""min"":50,""max"":999}},""comparisonType"":""mixed_notation"",""orderCount"":3},""presentation"":{""questionTypes"":[""which_greater"",""which_smaller"",""order_ascending"",""are_equal""],""visualType"":""text_only"",""showUnits"":true}}"
q_1764328354360_388,M01_Y4_MEAS,3,Measurement,"Compare, describe and order measures",4,text_input,"Order these measurements from smallest to largest: 132cm, 10km, 64m","132cm, 64m, 10km","Convert all measurements to the same unit first, then order them",,"{""description"":""Meeting - Full curriculum: compare mixed units and money notation (e.g., 2m 50cm vs 240cm, £4.20 vs 450p). Order 3 items with mixed representations."",""math"":{""types"":[""length"",""mass"",""capacity"",""money""],""units"":{""length"":[""m"",""cm"",""mm"",""km"",""mixed_m_cm""],""mass"":[""kg"",""g"",""mixed_kg_g""],""capacity"":[""l"",""ml"",""mixed_l_ml""],""money"":[""pounds_decimal"",""pence"",""mixed_pounds_pence""]},""ranges"":{""km"":{""min"":1,""max"":10},""m"":{""min"":1,""max"":500},""cm"":{""min"":10,""max"":999},""mm"":{""min"":10,""max"":500},""kg"":{""min"":1,""max"":20},""g"":{""min"":100,""max"":5000},""l"":{""min"":1,""max"":20},""ml"":{""min"":100,""max"":5000},""pounds"":{""min"":1,""max"":50},""pence"":{""min"":50,""max"":999}},""comparisonType"":""mixed_notation"",""orderCount"":3},""presentation"":{""questionTypes"":[""which_greater"",""which_smaller"",""order_ascending"",""are_equal""],""visualType"":""text_only"",""showUnits"":true}}"
q_1764328354360_389,M01_Y4_MEAS,3,Measurement,"Compare, describe and order measures",4,multiple_choice,Are these measurements equal? 353mm and 1km,no,Convert both measurements to the same unit to check if they are equal,"[""yes"",""no""]","{""description"":""Meeting - Full curriculum: compare mixed units and money notation (e.g., 2m 50cm vs 240cm, £4.20 vs 450p). Order 3 items with mixed representations."",""math"":{""types"":[""length"",""mass"",""capacity"",""money""],""units"":{""length"":[""m"",""cm"",""mm"",""km"",""mixed_m_cm""],""mass"":[""kg"",""g"",""mixed_kg_g""],""capacity"":[""l"",""ml"",""mixed_l_ml""],""money"":[""pounds_decimal"",""pence"",""mixed_pounds_pence""]},""ranges"":{""km"":{""min"":1,""max"":10},""m"":{""min"":1,""max"":500},""cm"":{""min"":10,""max"":999},""mm"":{""min"":10,""max"":500},""kg"":{""min"":1,""max"":20},""g"":{""min"":100,""max"":5000},""l"":{""min"":1,""max"":20},""ml"":{""min"":100,""max"":5000},""pounds"":{""min"":1,""max"":50},""pence"":{""min"":50,""max"":999}},""comparisonType"":""mixed_notation"",""orderCount"":3},""presentation"":{""questionTypes"":[""which_greater"",""which_smaller"",""order_ascending"",""are_equal""],""visualType"":""text_only"",""showUnits"":true}}"
q_1764328354360_390,M01_Y4_MEAS,4,Measurement,"Compare, describe and order measures",4,multiple_choice,Which is smaller: 8kg or 3kg 714g?,3kg 714g,Convert both measurements to the same unit and compare,"[""8kg"",""3kg 714g""]","{""description"":""Exceeding - Order 4 measures with complex mixed notation. Include equivalence questions and reasoning (e.g., 'Which two are equal?'). Larger ranges and more challenging conversions."",""math"":{""types"":[""length"",""mass"",""capacity"",""money""],""units"":{""length"":[""m"",""cm"",""mm"",""km"",""mixed_m_cm"",""mixed_km_m""],""mass"":[""kg"",""g"",""mixed_kg_g""],""capacity"":[""l"",""ml"",""mixed_l_ml""],""money"":[""pounds_decimal"",""pence"",""mixed_pounds_pence""]},""ranges"":{""km"":{""min"":1,""max"":100},""m"":{""min"":1,""max"":9999},""cm"":{""min"":10,""max"":999},""mm"":{""min"":10,""max"":999},""kg"":{""min"":1,""max"":100},""g"":{""min"":100,""max"":9999},""l"":{""min"":1,""max"":100},""ml"":{""min"":100,""max"":9999},""pounds"":{""min"":1,""max"":100},""pence"":{""min"":50,""max"":9999}},""comparisonType"":""complex_mixed"",""orderCount"":4},""presentation"":{""questionTypes"":[""which_greater"",""which_smaller"",""order_ascending"",""order_descending"",""are_equal"",""find_equivalent""],""visualType"":""text_only"",""showUnits"":true}}"
q_1764328354360_391,M01_Y4_MEAS,4,Measurement,"Compare, describe and order measures",4,multiple_choice,Which is smaller: 2km 551m or 3454m?,2km 551m,Convert both measurements to the same unit and compare,"[""2km 551m"",""3454m""]","{""description"":""Exceeding - Order 4 measures with complex mixed notation. Include equivalence questions and reasoning (e.g., 'Which two are equal?'). Larger ranges and more challenging conversions."",""math"":{""types"":[""length"",""mass"",""capacity"",""money""],""units"":{""length"":[""m"",""cm"",""mm"",""km"",""mixed_m_cm"",""mixed_km_m""],""mass"":[""kg"",""g"",""mixed_kg_g""],""capacity"":[""l"",""ml"",""mixed_l_ml""],""money"":[""pounds_decimal"",""pence"",""mixed_pounds_pence""]},""ranges"":{""km"":{""min"":1,""max"":100},""m"":{""min"":1,""max"":9999},""cm"":{""min"":10,""max"":999},""mm"":{""min"":10,""max"":999},""kg"":{""min"":1,""max"":100},""g"":{""min"":100,""max"":9999},""l"":{""min"":1,""max"":100},""ml"":{""min"":100,""max"":9999},""pounds"":{""min"":1,""max"":100},""pence"":{""min"":50,""max"":9999}},""comparisonType"":""complex_mixed"",""orderCount"":4},""presentation"":{""questionTypes"":[""which_greater"",""which_smaller"",""order_ascending"",""order_descending"",""are_equal"",""find_equivalent""],""visualType"":""text_only"",""showUnits"":true}}"
q_1764328354360_392,M01_Y4_MEAS,4,Measurement,"Compare, describe and order measures",4,text_input,"Order these measurements from smallest to largest: £8 14p, 9562p, £6 32p, £4.59","£4.59, £6 32p, £8 14p, 9562p","Convert all measurements to the same unit first, then order them",,"{""description"":""Exceeding - Order 4 measures with complex mixed notation. Include equivalence questions and reasoning (e.g., 'Which two are equal?'). Larger ranges and more challenging conversions."",""math"":{""types"":[""length"",""mass"",""capacity"",""money""],""units"":{""length"":[""m"",""cm"",""mm"",""km"",""mixed_m_cm"",""mixed_km_m""],""mass"":[""kg"",""g"",""mixed_kg_g""],""capacity"":[""l"",""ml"",""mixed_l_ml""],""money"":[""pounds_decimal"",""pence"",""mixed_pounds_pence""]},""ranges"":{""km"":{""min"":1,""max"":100},""m"":{""min"":1,""max"":9999},""cm"":{""min"":10,""max"":999},""mm"":{""min"":10,""max"":999},""kg"":{""min"":1,""max"":100},""g"":{""min"":100,""max"":9999},""l"":{""min"":1,""max"":100},""ml"":{""min"":100,""max"":9999},""pounds"":{""min"":1,""max"":100},""pence"":{""min"":50,""max"":9999}},""comparisonType"":""complex_mixed"",""orderCount"":4},""presentation"":{""questionTypes"":[""which_greater"",""which_smaller"",""order_ascending"",""order_descending"",""are_equal"",""find_equivalent""],""visualType"":""text_only"",""showUnits"":true}}"
q_1764328354360_393,M01_Y4_MEAS,4,Measurement,"Compare, describe and order measures",4,multiple_choice,Are these measurements equal? 18kg and 2kg 880g,no,Convert both measurements to the same unit to check if they are equal,"[""yes"",""no""]","{""description"":""Exceeding - Order 4 measures with complex mixed notation. Include equivalence questions and reasoning (e.g., 'Which two are equal?'). Larger ranges and more challenging conversions."",""math"":{""types"":[""length"",""mass"",""capacity"",""money""],""units"":{""length"":[""m"",""cm"",""mm"",""km"",""mixed_m_cm"",""mixed_km_m""],""mass"":[""kg"",""g"",""mixed_kg_g""],""capacity"":[""l"",""ml"",""mixed_l_ml""],""money"":[""pounds_decimal"",""pence"",""mixed_pounds_pence""]},""ranges"":{""km"":{""min"":1,""max"":100},""m"":{""min"":1,""max"":9999},""cm"":{""min"":10,""max"":999},""mm"":{""min"":10,""max"":999},""kg"":{""min"":1,""max"":100},""g"":{""min"":100,""max"":9999},""l"":{""min"":1,""max"":100},""ml"":{""min"":100,""max"":9999},""pounds"":{""min"":1,""max"":100},""pence"":{""min"":50,""max"":9999}},""comparisonType"":""complex_mixed"",""orderCount"":4},""presentation"":{""questionTypes"":[""which_greater"",""which_smaller"",""order_ascending"",""order_descending"",""are_equal"",""find_equivalent""],""visualType"":""text_only"",""showUnits"":true}}"
q_1764328354360_394,M01_Y4_MEAS,4,Measurement,"Compare, describe and order measures",4,multiple_choice,Which is greater: 25kg or 61kg?,61kg,Convert both measurements to the same unit and compare,"[""25kg"",""61kg""]","{""description"":""Exceeding - Order 4 measures with complex mixed notation. Include equivalence questions and reasoning (e.g., 'Which two are equal?'). Larger ranges and more challenging conversions."",""math"":{""types"":[""length"",""mass"",""capacity"",""money""],""units"":{""length"":[""m"",""cm"",""mm"",""km"",""mixed_m_cm"",""mixed_km_m""],""mass"":[""kg"",""g"",""mixed_kg_g""],""capacity"":[""l"",""ml"",""mixed_l_ml""],""money"":[""pounds_decimal"",""pence"",""mixed_pounds_pence""]},""ranges"":{""km"":{""min"":1,""max"":100},""m"":{""min"":1,""max"":9999},""cm"":{""min"":10,""max"":999},""mm"":{""min"":10,""max"":999},""kg"":{""min"":1,""max"":100},""g"":{""min"":100,""max"":9999},""l"":{""min"":1,""max"":100},""ml"":{""min"":100,""max"":9999},""pounds"":{""min"":1,""max"":100},""pence"":{""min"":50,""max"":9999}},""comparisonType"":""complex_mixed"",""orderCount"":4},""presentation"":{""questionTypes"":[""which_greater"",""which_smaller"",""order_ascending"",""order_descending"",""are_equal"",""find_equivalent""],""visualType"":""text_only"",""showUnits"":true}}"
q_1764328354360_395,M01_Y4_MEAS,4,Measurement,"Compare, describe and order measures",4,text_input,"Order these measurements from largest to smallest: 4639ml, 6160ml, 1760ml, 1l 129ml","6160ml, 4639ml, 1760ml, 1l 129ml","Convert all measurements to the same unit first, then order them",,"{""description"":""Exceeding - Order 4 measures with complex mixed notation. Include equivalence questions and reasoning (e.g., 'Which two are equal?'). Larger ranges and more challenging conversions."",""math"":{""types"":[""length"",""mass"",""capacity"",""money""],""units"":{""length"":[""m"",""cm"",""mm"",""km"",""mixed_m_cm"",""mixed_km_m""],""mass"":[""kg"",""g"",""mixed_kg_g""],""capacity"":[""l"",""ml"",""mixed_l_ml""],""money"":[""pounds_decimal"",""pence"",""mixed_pounds_pence""]},""ranges"":{""km"":{""min"":1,""max"":100},""m"":{""min"":1,""max"":9999},""cm"":{""min"":10,""max"":999},""mm"":{""min"":10,""max"":999},""kg"":{""min"":1,""max"":100},""g"":{""min"":100,""max"":9999},""l"":{""min"":1,""max"":100},""ml"":{""min"":100,""max"":9999},""pounds"":{""min"":1,""max"":100},""pence"":{""min"":50,""max"":9999}},""comparisonType"":""complex_mixed"",""orderCount"":4},""presentation"":{""questionTypes"":[""which_greater"",""which_smaller"",""order_ascending"",""order_descending"",""are_equal"",""find_equivalent""],""visualType"":""text_only"",""showUnits"":true}}"
q_1764328354360_396,M01_Y4_MEAS,4,Measurement,"Compare, describe and order measures",4,text_input,"Order these measurements from largest to smallest: 8kg, 98kg, 448g, 3742g","98kg, 8kg, 3742g, 448g","Convert all measurements to the same unit first, then order them",,"{""description"":""Exceeding - Order 4 measures with complex mixed notation. Include equivalence questions and reasoning (e.g., 'Which two are equal?'). Larger ranges and more challenging conversions."",""math"":{""types"":[""length"",""mass"",""capacity"",""money""],""units"":{""length"":[""m"",""cm"",""mm"",""km"",""mixed_m_cm"",""mixed_km_m""],""mass"":[""kg"",""g"",""mixed_kg_g""],""capacity"":[""l"",""ml"",""mixed_l_ml""],""money"":[""pounds_decimal"",""pence"",""mixed_pounds_pence""]},""ranges"":{""km"":{""min"":1,""max"":100},""m"":{""min"":1,""max"":9999},""cm"":{""min"":10,""max"":999},""mm"":{""min"":10,""max"":999},""kg"":{""min"":1,""max"":100},""g"":{""min"":100,""max"":9999},""l"":{""min"":1,""max"":100},""ml"":{""min"":100,""max"":9999},""pounds"":{""min"":1,""max"":100},""pence"":{""min"":50,""max"":9999}},""comparisonType"":""complex_mixed"",""orderCount"":4},""presentation"":{""questionTypes"":[""which_greater"",""which_smaller"",""order_ascending"",""order_descending"",""are_equal"",""find_equivalent""],""visualType"":""text_only"",""showUnits"":true}}"
q_1764328354360_397,M01_Y4_MEAS,4,Measurement,"Compare, describe and order measures",4,multiple_choice,Which is greater: 6857m or 5m 28cm?,6857m,Convert both measurements to the same unit and compare,"[""6857m"",""5m 28cm""]","{""description"":""Exceeding - Order 4 measures with complex mixed notation. Include equivalence questions and reasoning (e.g., 'Which two are equal?'). Larger ranges and more challenging conversions."",""math"":{""types"":[""length"",""mass"",""capacity"",""money""],""units"":{""length"":[""m"",""cm"",""mm"",""km"",""mixed_m_cm"",""mixed_km_m""],""mass"":[""kg"",""g"",""mixed_kg_g""],""capacity"":[""l"",""ml"",""mixed_l_ml""],""money"":[""pounds_decimal"",""pence"",""mixed_pounds_pence""]},""ranges"":{""km"":{""min"":1,""max"":100},""m"":{""min"":1,""max"":9999},""cm"":{""min"":10,""max"":999},""mm"":{""min"":10,""max"":999},""kg"":{""min"":1,""max"":100},""g"":{""min"":100,""max"":9999},""l"":{""min"":1,""max"":100},""ml"":{""min"":100,""max"":9999},""pounds"":{""min"":1,""max"":100},""pence"":{""min"":50,""max"":9999}},""comparisonType"":""complex_mixed"",""orderCount"":4},""presentation"":{""questionTypes"":[""which_greater"",""which_smaller"",""order_ascending"",""order_descending"",""are_equal"",""find_equivalent""],""visualType"":""text_only"",""showUnits"":true}}"
q_1764328354360_398,M01_Y4_MEAS,4,Measurement,"Compare, describe and order measures",4,multiple_choice,Which is smaller: 3363p or £6 20p?,£6 20p,Convert both measurements to the same unit and compare,"[""3363p"",""£6 20p""]","{""description"":""Exceeding - Order 4 measures with complex mixed notation. Include equivalence questions and reasoning (e.g., 'Which two are equal?'). Larger ranges and more challenging conversions."",""math"":{""types"":[""length"",""mass"",""capacity"",""money""],""units"":{""length"":[""m"",""cm"",""mm"",""km"",""mixed_m_cm"",""mixed_km_m""],""mass"":[""kg"",""g"",""mixed_kg_g""],""capacity"":[""l"",""ml"",""mixed_l_ml""],""money"":[""pounds_decimal"",""pence"",""mixed_pounds_pence""]},""ranges"":{""km"":{""min"":1,""max"":100},""m"":{""min"":1,""max"":9999},""cm"":{""min"":10,""max"":999},""mm"":{""min"":10,""max"":999},""kg"":{""min"":1,""max"":100},""g"":{""min"":100,""max"":9999},""l"":{""min"":1,""max"":100},""ml"":{""min"":100,""max"":9999},""pounds"":{""min"":1,""max"":100},""pence"":{""min"":50,""max"":9999}},""comparisonType"":""complex_mixed"",""orderCount"":4},""presentation"":{""questionTypes"":[""which_greater"",""which_smaller"",""order_ascending"",""order_descending"",""are_equal"",""find_equivalent""],""visualType"":""text_only"",""showUnits"":true}}"
q_1764328354360_399,M01_Y4_MEAS,4,Measurement,"Compare, describe and order measures",4,multiple_choice,Are these measurements equal? 5l 126ml and 9169ml,no,Convert both measurements to the same unit to check if they are equal,"[""yes"",""no""]","{""description"":""Exceeding - Order 4 measures with complex mixed notation. Include equivalence questions and reasoning (e.g., 'Which two are equal?'). Larger ranges and more challenging conversions."",""math"":{""types"":[""length"",""mass"",""capacity"",""money""],""units"":{""length"":[""m"",""cm"",""mm"",""km"",""mixed_m_cm"",""mixed_km_m""],""mass"":[""kg"",""g"",""mixed_kg_g""],""capacity"":[""l"",""ml"",""mixed_l_ml""],""money"":[""pounds_decimal"",""pence"",""mixed_pounds_pence""]},""ranges"":{""km"":{""min"":1,""max"":100},""m"":{""min"":1,""max"":9999},""cm"":{""min"":10,""max"":999},""mm"":{""min"":10,""max"":999},""kg"":{""min"":1,""max"":100},""g"":{""min"":100,""max"":9999},""l"":{""min"":1,""max"":100},""ml"":{""min"":100,""max"":9999},""pounds"":{""min"":1,""max"":100},""pence"":{""min"":50,""max"":9999}},""comparisonType"":""complex_mixed"",""orderCount"":4},""presentation"":{""questionTypes"":[""which_greater"",""which_smaller"",""order_ascending"",""order_descending"",""are_equal"",""find_equivalent""],""visualType"":""text_only"",""showUnits"":true}}"